-- phpMyAdmin SQL Dump
-- version 4.8.4
-- https://www.phpmyadmin.net/
--
-- Host: 127.0.0.1
-- Generation Time: Nov 22, 2019 at 04:29 PM
-- Server version: 10.1.37-MariaDB
-- PHP Version: 7.3.1

SET SQL_MODE = "NO_AUTO_VALUE_ON_ZERO";
SET AUTOCOMMIT = 0;
START TRANSACTION;
SET time_zone = "+00:00";


/*!40101 SET @OLD_CHARACTER_SET_CLIENT=@@CHARACTER_SET_CLIENT */;
/*!40101 SET @OLD_CHARACTER_SET_RESULTS=@@CHARACTER_SET_RESULTS */;
/*!40101 SET @OLD_COLLATION_CONNECTION=@@COLLATION_CONNECTION */;
/*!40101 SET NAMES utf8mb4 */;

--
-- Database: `omegas`
--
CREATE DATABASE IF NOT EXISTS `omegas` DEFAULT CHARACTER SET utf8 COLLATE utf8_general_ci;
USE `omegas`;

-- --------------------------------------------------------

--
-- Table structure for table `accounts`
--

CREATE TABLE `accounts` (
  `idaccount` int(11) NOT NULL,
  `accnumb` varchar(15) DEFAULT NULL,
  `labelfr` text,
  `labeleng` text,
  `accplan` varchar(10) DEFAULT NULL,
  `acctype` int(11) DEFAULT NULL,
  `initamt` decimal(65,2) DEFAULT '0.00',
  `eveamt` decimal(65,2) DEFAULT '0.00',
  `available` decimal(65,2) DEFAULT '0.00',
  `country` int(11) DEFAULT NULL,
  `network` int(11) DEFAULT NULL,
  `institution` int(11) DEFAULT NULL,
  `branch` int(11) DEFAULT NULL,
  `updated_at` datetime DEFAULT CURRENT_TIMESTAMP,
  `created_at` datetime DEFAULT CURRENT_TIMESTAMP
) ENGINE=InnoDB DEFAULT CHARSET=utf8;

--
-- Dumping data for table `accounts`
--

INSERT INTO `accounts` (`idaccount`, `accnumb`, `labelfr`, `labeleng`, `accplan`, `acctype`, `initamt`, `eveamt`, `available`, `country`, `network`, `institution`, `branch`, `updated_at`, `created_at`) VALUES
(1, '100000000000', 'PARTS SOCIALE', 'SHARES', '100000', 5, '0.00', '0.00', '0.00', 1, 1, 1, 1, '2019-11-07 15:44:06', '2019-11-07 15:44:06'),
(2, '100001000000', 'PART SOCIALE ENTIEREMENT PAYEES', 'FULLY PAID SHARES', '100001', 5, NULL, '0.00', '0.00', NULL, 1, 1, 1, '2019-09-19 04:40:30', '2019-09-19 04:40:30'),
(3, '100002000000', 'PART SOCIALE PARTIELLEMENT PAYEES', 'PARTIALLY PAID SHARES', '100002', 5, NULL, '0.00', '0.00', NULL, 1, 1, 1, '2019-09-19 04:40:30', '2019-09-19 04:40:30'),
(4, '100010000000', 'PART SOCIALE', 'SHARES', '100010', 5, NULL, '0.00', '0.00', NULL, 1, 1, 1, '2019-09-19 04:40:30', '2019-09-19 04:40:30'),
(5, '112000000000', 'SECURITE - FOND DEVELOPPEMENT', 'SECURITY - DEVELOPMENT FUND', '112000', 4, NULL, '0.00', '0.00', NULL, 1, 1, 1, '2019-09-19 04:40:30', '2019-09-19 04:40:30'),
(6, '112000010000', 'RESERVES LEGALES', 'LEGAL RESERVES', '112000', 4, NULL, '0.00', '0.00', NULL, 1, 1, 1, '2019-09-19 04:40:30', '2019-09-19 04:40:30'),
(7, '112000020000', 'RESERVES OBLIGATOIRES', 'COMPULSORY RESERVES', '112000', 4, NULL, '0.00', '0.00', NULL, 1, 1, 1, '2019-09-19 04:40:30', '2019-09-19 04:40:30'),
(8, '112000030000', 'RESERVES D\'EDUCATION', 'EDUCATION RESERVES', '112000', 4, NULL, '0.00', '0.00', NULL, 1, 1, 1, '2019-09-19 04:40:30', '2019-09-19 04:40:30'),
(9, '113000000000', 'RESERVES GENERAL', 'GENERAL RESERVES', '113000', 4, NULL, '0.00', '0.00', NULL, 1, 1, 1, '2019-09-19 04:40:30', '2019-09-19 04:40:30'),
(10, '114000000000', 'RESERVES FACULTATIFS (FACULTATIFS)', 'FACULTATIVE (OPTIONAL) RESERVES', '114000', 4, NULL, '0.00', '0.00', NULL, 1, 1, 1, '2019-09-19 04:40:30', '2019-09-19 04:40:30'),
(11, '114000010000', 'RESERVES CONSTRUCTION', 'BUILDING RESERVES', '114000', 4, NULL, '0.00', '0.00', NULL, 1, 1, 1, '2019-09-19 04:40:30', '2019-09-19 04:40:30'),
(12, '114000020000', 'RESERVES GESTION DES RISQUES', 'RISK MANAGEMENT RESERVES', '114000', 4, NULL, '0.00', '0.00', NULL, 1, 1, 1, '2019-09-19 04:40:30', '2019-09-19 04:40:30'),
(13, '114000030000', 'RESERVES FORMATION DU PERSONNEL', 'STAFF TRAINING RESERVES', '114000', 4, NULL, '0.00', '0.00', NULL, 1, 1, 1, '2019-09-19 04:40:30', '2019-09-19 04:40:30'),
(14, '114000400000', 'AUTRE RESERVES', 'OTHER RESERVES', '114000', 4, NULL, '0.00', '0.00', NULL, 1, 1, 1, '2019-09-19 04:40:30', '2019-09-19 04:40:30'),
(15, '122000000000', 'RESULTATS PRESENTES', 'BROUGHT FORWARD RESULTS ', '122000', 4, NULL, '0.00', '0.00', NULL, 1, 1, 1, '2019-09-19 04:40:30', '2019-09-19 04:40:30'),
(17, '141000000000', 'DISPOSITION REGLEMENTEES', 'REGULATED PROVISIONS', '141000', 4, NULL, '0.00', '0.00', NULL, 1, 1, 1, '2019-09-19 04:40:30', '2019-09-19 04:40:30'),
(18, '141100000000', 'VARIATION SUR LA REEVALUATION DES IMMOBILISATION AMORTIZABLES', 'VARIANCE ON REEVALUATION OF AMORTIZABLE FIXED ASSETS', '141100', 4, NULL, '0.00', '0.00', NULL, 1, 1, 1, '2019-09-19 04:40:30', '2019-09-19 04:40:30'),
(19, '141300000000', 'GAIN EN CAPITAL A REINVESTIR', 'CAPITAL GAIN TO BE REINVESTED', '141300', 4, NULL, '0.00', '0.00', NULL, 1, 1, 1, '2019-09-19 04:40:30', '2019-09-19 04:40:30'),
(20, '142000000000', 'RESERVES REGLEMENTEES', 'REGULATED RESERVES', '142000', 4, NULL, '0.00', '0.00', NULL, 1, 1, 1, '2019-09-19 04:40:30', '2019-09-19 04:40:30'),
(21, '142000000000', 'EXCEDENT DE REEVALUATION', 'REVALUATION SURPLUS', '142000', 4, NULL, '0.00', '0.00', NULL, 1, 1, 1, '2019-09-19 04:40:30', '2019-09-19 04:40:30'),
(22, '142100000000', 'AUTRE RESERVES REGLEMENTEES', 'OTHER REGULATED RESERVES', '142100', 4, NULL, '0.00', '0.00', NULL, 1, 1, 1, '2019-09-19 04:40:30', '2019-09-19 04:40:30'),
(23, '150000000000', 'SUBVENTIONS/SUBVENTIONS ET SUBVENTIONS', 'GRANTS/SUBSIDIES AND SUBVENTIONS', '150000', 4, NULL, '0.00', '0.00', NULL, 1, 1, 1, '2019-09-19 04:40:30', '2019-09-19 04:40:30'),
(24, '151100000000', 'SUBVENTIONS/SUBVENTIONS ET SUBVENTIONS HORS RÉSEAU', 'GRANTS/SUBSIDIES AND SUBVENTIONS OUT OF NETWORK', '151100', 4, NULL, '0.00', '0.00', NULL, 1, 1, 1, '2019-09-19 04:40:30', '2019-09-19 04:40:30'),
(25, '151190000000', 'SUBVENTIONS/SUBVENTIONS ET SUBVENTIONS AU SEIN DU RÉSEAU', 'GRANTS/SUBSIDIES AND SUBVENTIONS WITHIN NETWORK', '151190', 4, NULL, '0.00', '0.00', NULL, 1, 1, 1, '2019-09-19 04:40:30', '2019-09-19 04:40:30'),
(26, '160010000000', 'FONDS DE GARANTIE', 'GUARANTEE FUNDS', '160000', 4, NULL, '0.00', '0.00', NULL, 1, 1, 1, '2019-09-19 04:40:30', '2019-09-19 04:40:30'),
(27, '160000000000', 'FONDS DE SOLIDARITÉ', 'SOLIDARITY FUND', '160000', 4, NULL, '0.00', '0.00', NULL, 1, 1, 1, '2019-09-19 04:40:31', '2019-09-19 04:40:31'),
(28, '161000000000', 'FONDS AFFECTÉS À PARTIR DE RESSOURCES INTERNES', 'FUNDS ASSIGNED FROM INTERNAL RESOURCES', '161000', 4, NULL, '0.00', '0.00', NULL, 1, 1, 1, '2019-09-19 04:40:31', '2019-09-19 04:40:31'),
(29, '161400000000', 'PROVISION POUR RISQUE BANCAIRE GÉNÉRAL (ACTIONS DE L\'UBC)', 'PROVISION FOR GENERAL BANKING  RISK(UBC SHARES)', '161400', 4, NULL, '0.00', '0.00', NULL, 1, 1, 1, '2019-09-19 04:40:31', '2019-09-19 04:40:31'),
(30, '161500010000', 'GRATUITÉ DU PERSONNEL ', 'STAFF GRATUITY ', '161500', 4, NULL, '0.00', '0.00', NULL, 1, 1, 1, '2019-09-19 04:40:31', '2019-09-19 04:40:31'),
(31, '161500000000', 'PROVISION POUR LES ALLÉGATIONS DE RISQUE MGT', 'PROVISION FOR RISK MGT CLAIMS', '161500', 4, NULL, '0.00', '0.00', NULL, 1, 1, 1, '2019-09-19 04:40:31', '2019-09-19 04:40:31'),
(32, '162090000000', 'EMPRUNTER AU SEIN DU RÉSEAU', 'BORROWING WITHIN NETWORK', '162090', 4, NULL, '0.00', '0.00', NULL, 1, 1, 1, '2019-09-19 04:40:31', '2019-09-19 04:40:31'),
(33, '162090010000', 'LIGUE PRÊT PRINCIPAL', 'LEAGUE MAIN LOAN', '162090', 4, NULL, '0.00', '0.00', NULL, 1, 1, 1, '2019-09-19 04:40:31', '2019-09-19 04:40:31'),
(34, '162090020000', 'LIGNE DE CRÉDIT DE LA LIGUE', 'LEAGUE LINE OF CREDIT', '162090', 4, NULL, '0.00', '0.00', NULL, 1, 1, 1, '2019-09-19 04:40:31', '2019-09-19 04:40:31'),
(35, '162090030000', 'LIGUE GOLDEN PRÊT', 'LEAGUE GOLDEN LOAN', '162090', 4, NULL, '0.00', '0.00', NULL, 1, 1, 1, '2019-09-19 04:40:31', '2019-09-19 04:40:31'),
(36, '162090040000', 'LE PROJET FINANCE RDF', 'PROJECT FUNDS RDF', '162090', 4, NULL, '0.00', '0.00', NULL, 1, 1, 1, '2019-09-19 04:40:31', '2019-09-19 04:40:31'),
(37, '162090050000', 'FONDS DU PROJET-PREPAFEN', 'PROJECT FUNDS-PREPAFEN', '162090', 4, NULL, '0.00', '0.00', NULL, 1, 1, 1, '2019-09-19 04:40:31', '2019-09-19 04:40:31'),
(38, '162090060000', 'FONDS DU PROJET-PARFAR', 'PROJECT FUNDS-PARFAR', '162090', 4, NULL, '0.00', '0.00', NULL, 1, 1, 1, '2019-09-19 04:40:31', '2019-09-19 04:40:31'),
(39, '162090070000', 'FONDS DU PROJET-PAPT', 'PROJECT FUNDS-PAPT', '162090', 4, NULL, '0.00', '0.00', NULL, 1, 1, 1, '2019-09-19 04:40:31', '2019-09-19 04:40:31'),
(40, '162090080000', 'FONDS DU PROJET-DORDRECHT', 'PROJECT FUNDS-DORDRECHT', '162090', 4, NULL, '0.00', '0.00', NULL, 1, 1, 1, '2019-09-19 04:40:31', '2019-09-19 04:40:31'),
(41, '162090090000', 'PROJET FINANCE AUTRES (OCSD / CPFF / CODAS)', 'PROJECT FUNDS OTHERS (OCSD / CPFF / CODAS)', '162090', 4, NULL, '0.00', '0.00', NULL, 1, 1, 1, '2019-09-19 04:40:31', '2019-09-19 04:40:31'),
(42, '162500080000', 'FONDS POUR L\'INFORMATISATION BRS', 'FUND FOR COMPUTERIZATION BRS', '162500', 4, NULL, '0.00', '0.00', NULL, 1, 1, 1, '2019-09-19 04:40:31', '2019-09-19 04:40:31'),
(43, '180000000000', 'PRÊTS SUBORDONNÉS', 'SUBORDINATED LOANS', '180000', 4, NULL, '0.00', '0.00', NULL, 1, 1, 1, '2019-09-19 04:40:31', '2019-09-19 04:40:31'),
(44, '181990000000', 'PRÊTS SUBORDONNÉS AU SEIN DU RÉSEAU', 'SUBORDINATED LOANS WITHIN THE NETWORK', '181990', 4, NULL, '0.00', '0.00', NULL, 1, 1, 1, '2019-09-19 04:40:31', '2019-09-19 04:40:31'),
(45, '183100000000', 'MARGE DE CRÉDIT DE L\'ÉTAT AVEC CLAUSE', 'LINE OF CREDIT  FROM STATE WITH CLAUSE', '183100', 4, NULL, '0.00', '0.00', NULL, 1, 1, 1, '2019-09-19 04:40:31', '2019-09-19 04:40:31'),
(46, '183200000000', 'LA MARGE DE CRÉDIT A REÇU FRON D\'AUTRES ORGANISATIONS AVEC CLAUSE', 'LINE OF CREDIT RECEIVED FRON OTHER ORGANIZATIONS WITH CLAUSE', '183200', 4, NULL, '0.00', '0.00', NULL, 1, 1, 1, '2019-09-19 04:40:31', '2019-09-19 04:40:31'),
(47, '185100000000', 'PRÊTS À LONG TERME', 'LONG TERM LOANS', '185100', 4, NULL, '0.00', '0.00', NULL, 1, 1, 1, '2019-09-19 04:40:31', '2019-09-19 04:40:31'),
(48, '185200000000', 'PRÊTS À MOYEN TERME', 'MEDIUM TERM LOANS', '185200', 4, NULL, '0.00', '0.00', NULL, 1, 1, 1, '2019-09-19 04:40:31', '2019-09-19 04:40:31'),
(49, '187000000000', 'DÉPÔTS À TERME REÇUS', 'TERM  DEPOSITS RECEIVED', '187000', 4, NULL, '0.00', '0.00', NULL, 1, 1, 1, '2019-09-19 04:40:31', '2019-09-19 04:40:31'),
(50, '187110000000', 'DÉPÔTS À TERME REÇUS DU RÉSEAU', 'TERM DEPOSITS RECEIVED-OUT OF NETWORK', '187110', 4, NULL, '0.00', '0.00', NULL, 1, 1, 1, '2019-09-19 04:40:31', '2019-09-19 04:40:31'),
(51, '187190000000', 'DÉPÔTS À TERME REÇUS AU SEIN DU RÉSEAU', 'TERM DEPOSITS RECEIVED-WITHIN THE NETWORK', '187190', 4, NULL, '0.00', '0.00', NULL, 1, 1, 1, '2019-09-19 04:40:31', '2019-09-19 04:40:31'),
(52, '188000000000', 'INTÉRÊTS PAYABLES SUR LES EMPRUNTS À LONG TERME (LT) ET À MOYEN TERME (MT)', 'INTEREST PAYABLE ON  LONG TERM (LT) AND MEDIUM TERM (MT) BORROWING', '188000', 4, NULL, '0.00', '0.00', NULL, 1, 1, 1, '2019-09-19 04:40:31', '2019-09-19 04:40:31'),
(53, '188200000000', 'INTÉRÊTS PAYABLES SUR LES EMPRUNTS PERMANENTS LT ET MT -HORS DU RÉSEAU', 'INTEREST PAYABLE ON PERMANENT LT AND MT BORROWING -OUT OF THE NETWORK', '188200', 4, NULL, '0.00', '0.00', NULL, 1, 1, 1, '2019-09-19 04:40:31', '2019-09-19 04:40:31'),
(54, '188290000000', 'INTÉRÊTS PAYABLES SUR LES EMPRUNTS PERMANENTS LT ET MT AU SEIN DU RÉSEAU', 'INTEREST PAYABLE ON PERMANENT LT AND MT BORROWING-WITHIN THE NETWORK', '188290', 4, NULL, '0.00', '0.00', NULL, 1, 1, 1, '2019-09-19 04:40:31', '2019-09-19 04:40:31'),
(55, '193000000000', 'AUTRES DISPOSITIONS', 'OTHER PROVISIONS', '193000', 4, NULL, '0.00', '0.00', NULL, 1, 1, 1, '2019-09-19 04:40:31', '2019-09-19 04:40:31'),
(56, '193010000000', 'PROV. POUR D\'AUTRES PERTES HORS DU RÉSEAU', 'PROV. FOR OTHER LOSSES OUT OF THE NETWORK', '193010', 4, NULL, '0.00', '0.00', NULL, 1, 1, 1, '2019-09-19 04:40:31', '2019-09-19 04:40:31'),
(57, '193990000000', 'PROV. POUR D\'AUTRES PERTES AU SEIN DU RÉSEAU', 'PROV. FOR OTHER LOSSES WITHIN THE NETWORK', '193990', 4, NULL, '0.00', '0.00', NULL, 1, 1, 1, '2019-09-19 04:40:31', '2019-09-19 04:40:31'),
(58, '200000000000', 'ACTIFS', 'ASSETS', '200000', 4, NULL, '0.00', '0.00', NULL, 1, 1, 1, '2019-09-19 04:40:31', '2019-09-19 04:40:31'),
(59, '201000000000', 'DÉPENSES CAPITALISÉES', 'CAPITALISED EXPENSES', '201000', 4, NULL, '0.00', '0.00', NULL, 1, 1, 1, '2019-09-19 04:40:32', '2019-09-19 04:40:32'),
(60, '201100000000', 'COÛTS DE FORMATION', 'FORMATION COSTS', '201100', 4, NULL, '0.00', '0.00', NULL, 1, 1, 1, '2019-09-19 04:40:32', '2019-09-19 04:40:32'),
(61, '201200000000', 'COÛTS D\'ÉMISSION D\'OBLIGATIONS', 'BONDS ISSUE COSTS', '201200', 4, NULL, '0.00', '0.00', NULL, 1, 1, 1, '2019-09-19 04:40:32', '2019-09-19 04:40:32'),
(62, '201300000000', 'APPROVISIONNEMENT EN IMMOBILISATIONS', 'FIXED ASSETS PROCUREMENT', '201300', 4, NULL, '0.00', '0.00', NULL, 1, 1, 1, '2019-09-19 04:40:32', '2019-09-19 04:40:32'),
(63, '201400000000', 'COÛTS À RÉPARTIR AU FIL DES ANS', 'COSTS TO BE SPREAD OVER THE YEARS', '201400', 4, NULL, '0.00', '0.00', NULL, 1, 1, 1, '2019-09-19 04:40:32', '2019-09-19 04:40:32'),
(64, '201700000000', 'PRIME DE REMBOURSEMENT DES OBLIGATIONS', 'BOND REPAYMENT PREMIUM', '201700', 4, NULL, '0.00', '0.00', NULL, 1, 1, 1, '2019-09-19 04:40:32', '2019-09-19 04:40:32'),
(65, '202000000000', 'ACTIF FIXE INCORPOREL', 'INTANGIBLE FIXED ASSET', '202000', 4, NULL, '0.00', '0.00', NULL, 1, 1, 1, '2019-09-19 04:40:32', '2019-09-19 04:40:32'),
(66, '202100000000', 'ACTIFS INCORPORELS EN COURS', 'INTANGIBLE FIXED ASSETS IN PROGRESS', '202100', 4, NULL, '0.00', '0.00', NULL, 1, 1, 1, '2019-09-19 04:40:32', '2019-09-19 04:40:32'),
(67, '202200000000', 'CLIENTÈLE', 'GOODWILL', '202200', 4, NULL, '0.00', '0.00', NULL, 1, 1, 1, '2019-09-19 04:40:32', '2019-09-19 04:40:32'),
(68, '202300000000', 'DROIT DE LOCATION', 'RIGHT TO LEASE', '202300', 4, NULL, '0.00', '0.00', NULL, 1, 1, 1, '2019-09-19 04:40:32', '2019-09-19 04:40:32'),
(69, '202400000000', 'BREVETS', ' LOGICIELS', '202400', 4, NULL, '0.00', '0.00', NULL, 1, 1, 1, '2019-09-19 04:40:32', '2019-09-19 04:40:32'),
(70, '202500000000', 'ÉTUDES ET RECHERCHES DE FAISABILITÉ CAPITALISÉES', 'CAPITALISED FEASIBILITY STUDIES AND RESEARCHES', '202500', 4, NULL, '0.00', '0.00', NULL, 1, 1, 1, '2019-09-19 04:40:32', '2019-09-19 04:40:32'),
(71, '202600000000', 'AUTRES ACTIFS INCORPORELS', 'OTHER INTANGIBLE ASSETS', '202600', 4, NULL, '0.00', '0.00', NULL, 1, 1, 1, '2019-09-19 04:40:32', '2019-09-19 04:40:32'),
(72, '210000000000', 'TERRE', 'LAND', '210000', 4, NULL, '0.00', '0.00', NULL, 1, 1, 1, '2019-09-19 04:40:32', '2019-09-19 04:40:32'),
(73, '211000000000', 'TERRAINS EN SERVICE', 'LAND IN USE', '211000', 4, NULL, '0.00', '0.00', NULL, 1, 1, 1, '2019-09-19 04:40:32', '2019-09-19 04:40:32'),
(74, '211000010000', 'TERRAIN -1', 'LAND -1', '211000', 4, NULL, '0.00', '0.00', NULL, 1, 1, 1, '2019-09-19 04:40:32', '2019-09-19 04:40:32'),
(75, '211000020000', 'TERRAIN -2', 'LAND -2', '211000', 4, NULL, '0.00', '0.00', NULL, 1, 1, 1, '2019-09-19 04:40:32', '2019-09-19 04:40:32'),
(76, '211000030000', 'TERRAIN -3', 'LAND -3', '211000', 4, NULL, '0.00', '0.00', NULL, 1, 1, 1, '2019-09-19 04:40:32', '2019-09-19 04:40:32'),
(77, '212000000000', 'TERRAIN SUR LES LOYERS', 'LAND ON RENTS', '212000', 4, NULL, '0.00', '0.00', NULL, 1, 1, 1, '2019-09-19 04:40:32', '2019-09-19 04:40:32'),
(78, '213000000000', 'TERRAIN OBTENU EN VERTU D\'UN BAIL FINANCIER AVEC OPTION D\'ACHAT', 'LAND PROCURED UNDER FINANCIAL LEASE WITH PURCHASE OPTION', '213000', 4, NULL, '0.00', '0.00', NULL, 1, 1, 1, '2019-09-19 04:40:32', '2019-09-19 04:40:32'),
(79, '214000000000', 'TERRAIN ACQUIS EN AQUISITION DE GARANTIE', 'LAND PROCURED IN AQUISITION OF GUARANTEE', '214000', 4, NULL, '0.00', '0.00', NULL, 1, 1, 1, '2019-09-19 04:40:32', '2019-09-19 04:40:32'),
(80, '215000000000', 'DIFFÉRENCE DE RÉÉVALUATION DES TERRES', 'LAND REVALUATION DIFFERENCE', '215000', 4, NULL, '0.00', '0.00', NULL, 1, 1, 1, '2019-09-19 04:40:32', '2019-09-19 04:40:32'),
(81, '219000000000', 'AUTRES TERRES ', 'OTHER LAND ', '219000', 4, NULL, '0.00', '0.00', NULL, 1, 1, 1, '2019-09-19 04:40:32', '2019-09-19 04:40:32'),
(82, '220000000000', 'AUTRES IMMOBILISATIONS UTILISÉES', 'OTHER FIXED ASSETS IN USE', '220000', 4, NULL, '0.00', '0.00', NULL, 1, 1, 1, '2019-09-19 04:40:32', '2019-09-19 04:40:32'),
(83, '221100010000', 'IMMEUBLE DU SIÈGE SOCIAL ', 'HEAD OFFICE BUILDING ', '221100', 4, NULL, '0.00', '0.00', NULL, 1, 1, 1, '2019-09-19 04:40:32', '2019-09-19 04:40:32'),
(84, '221100020000', 'BÂTIMENT DE BUREAU DE BRANCHE -1', 'BRANCH OFFICE BUILDING -1', '221100', 4, NULL, '0.00', '0.00', NULL, 1, 1, 1, '2019-09-19 04:40:32', '2019-09-19 04:40:32'),
(85, '221100030000', 'BÂTIMENT DE BUREAU DE BRANCHE -2', 'BRANCH OFFICE BUILDING -2', '221100', 4, NULL, '0.00', '0.00', NULL, 1, 1, 1, '2019-09-19 04:40:32', '2019-09-19 04:40:32'),
(86, '221100040000', 'BÂTIMENT DE BUREAU DE BRANCHE -3', 'BRANCH OFFICE BUILDING -3', '221100', 4, NULL, '0.00', '0.00', NULL, 1, 1, 1, '2019-09-19 04:40:32', '2019-09-19 04:40:32'),
(87, '221100050000', 'BÂTIMENT DE BUREAU DE BRANCHE -4', 'BRANCH OFFICE BUILDING -4', '221100', 4, NULL, '0.00', '0.00', NULL, 1, 1, 1, '2019-09-19 04:40:32', '2019-09-19 04:40:32'),
(88, '221100060000', 'BÂTIMENT DE BUREAU DE BRANCHE -5', 'BRANCH OFFICE BUILDING -5', '221100', 4, NULL, '0.00', '0.00', NULL, 1, 1, 1, '2019-09-19 04:40:32', '2019-09-19 04:40:32'),
(89, '222100000000', 'CONSTRUIRE SUR LE BAIL', 'BUILDING ON LEASE', '222100', 4, NULL, '0.00', '0.00', NULL, 1, 1, 1, '2019-09-19 04:40:33', '2019-09-19 04:40:33'),
(90, '224100080000', 'BÂTIMENT ACQUIS PAR LIQUATION DE GARANTIES', 'BUILDING ACQUIRED THROUGH LIQUATION OF GUARANTEES', '224100', 4, NULL, '0.00', '0.00', NULL, 1, 1, 1, '2019-09-19 04:40:33', '2019-09-19 04:40:33'),
(91, '225000000000', 'MEUBLES DE BUREAU ET RACCORDS', 'OFFICE FURNITURE & FITTINGS', '225000', 4, NULL, '0.00', '0.00', NULL, 1, 1, 1, '2019-09-19 04:40:33', '2019-09-19 04:40:33'),
(92, '225100000000', 'ORDINATEURS DE BUREAU', 'OFFICE COMPUTERS', '225100', 4, NULL, '0.00', '0.00', NULL, 1, 1, 1, '2019-09-19 04:40:33', '2019-09-19 04:40:33'),
(93, '225200000000', 'VÉHICULES DE BUREAU ET CYCLES', 'OFFICE VEHICLES & CYCLES', '225200', 4, NULL, '0.00', '0.00', NULL, 1, 1, 1, '2019-09-19 04:40:33', '2019-09-19 04:40:33'),
(94, '226000000000', 'ÉQUIPEMENT À LOUER', 'EQUIPMENT ON RENT', '226000', 4, NULL, '0.00', '0.00', NULL, 1, 1, 1, '2019-09-19 04:40:33', '2019-09-19 04:40:33'),
(95, '227000000000', 'ÉQUIPEMENT EN LOCATION', 'EQUIPMENT ON LEASE', '227000', 4, NULL, '0.00', '0.00', NULL, 1, 1, 1, '2019-09-19 04:40:33', '2019-09-19 04:40:33'),
(96, '228000000000', 'ÉQUIPEMENT ACQUIS PAR LIQUIDATION DE GARANTIE ', 'EQUIPMENT ACQUIRED THROUGH LIQUIDATION OF GUARANTEE ', '228000', 4, NULL, '0.00', '0.00', NULL, 1, 1, 1, '2019-09-19 04:40:33', '2019-09-19 04:40:33'),
(97, '229000000000', 'AUTRES IMMOBILISATIONS TANGIBLES', 'OTHER TANGIBLE FIXED ASSETS', '229000', 4, NULL, '0.00', '0.00', NULL, 1, 1, 1, '2019-09-19 04:40:33', '2019-09-19 04:40:33'),
(98, '230000000000', 'ASSESTS FIXES EN COURS', 'FIXED ASSESTS IN PROGRESS', '230000', 4, NULL, '0.00', '0.00', NULL, 1, 1, 1, '2019-09-19 04:40:33', '2019-09-19 04:40:33'),
(99, '231000000000', 'ACTIFS FIXES EN COURS', 'FIXED ASSETS IN PROGRESS', '231000', 4, NULL, '0.00', '0.00', NULL, 1, 1, 1, '2019-09-19 04:40:33', '2019-09-19 04:40:33'),
(100, '251000000000', 'DÉPÔTS DE PRUDENCE', 'CAUTION DEPOSITS', '251000', 4, NULL, '0.00', '0.00', NULL, 1, 1, 1, '2019-09-19 04:40:33', '2019-09-19 04:40:33'),
(101, '251100000000', 'DÉPÔT DE PRUDENCE ', 'CAUTION DEPOSIT ', '251100', 4, NULL, '0.00', '0.00', NULL, 1, 1, 1, '2019-09-19 04:40:33', '2019-09-19 04:40:33'),
(102, '251190000000', 'DÉPÔT DE PRUDENCE AU SEIN DU RÉSEAU', 'CAUTION DEPOSIT WITHIN THE NETWORK', '251190', 4, NULL, '0.00', '0.00', NULL, 1, 1, 1, '2019-09-19 04:40:33', '2019-09-19 04:40:33'),
(103, '260000000000', 'TITRES ET AUTRES PLACEMENTS FINANCIERS PERMANENTS', 'SECURITIES AND OTHER PERMANENT FINANCIAL INVESTMENT', '260000', 4, NULL, '0.00', '0.00', NULL, 1, 1, 1, '2019-09-19 04:40:33', '2019-09-19 04:40:33'),
(104, '262100000000', 'PART SOCIALE HORS RÉSEAU', ' SHARES- OUT OF THE NETWORK', '262100', 5, NULL, '0.00', '0.00', NULL, 1, 1, 1, '2019-09-19 04:40:33', '2019-09-19 04:40:33'),
(105, '262190000000', 'PART SOCIALE AU SEIN DU RÉSEAU', ' SHARES- WITHIN THE NETWORK', '262190', 5, NULL, '0.00', '0.00', NULL, 1, 1, 1, '2019-09-19 04:40:33', '2019-09-19 04:40:33'),
(106, '262190010000', 'LIGUE DES ACTIONS S', 'LEAGUE  SHARES', '262190', 5, NULL, '0.00', '0.00', NULL, 1, 1, 1, '2019-09-19 04:40:33', '2019-09-19 04:40:33'),
(107, '262190020000', 'PARTAGES PRÉFÉRENTIELS DE LA LIGUE', 'LEAGUE PREFERENCE SHARES-TRANSFER', '262190', 4, NULL, '0.00', '0.00', NULL, 1, 1, 1, '2019-09-19 04:40:33', '2019-09-19 04:40:33'),
(108, '262190030000', 'LIGUE DE PRÉFÉRENCE PART SOCIALE-FONDS FRAIS', 'LEAGUE PREFERENCE SHARES-FRESH FUNDS', '262190', 4, NULL, '0.00', '0.00', NULL, 1, 1, 1, '2019-09-19 04:40:33', '2019-09-19 04:40:33'),
(109, '262190004000', 'PARTAGES PRÉFÉRENTIELS AU SEIN DU RÉSEAU', 'PREFERENCE SHARES-WITHIN THE NETWORK', '262190', 4, NULL, '0.00', '0.00', NULL, 1, 1, 1, '2019-09-19 04:40:33', '2019-09-19 04:40:33'),
(110, '262200000000', 'PART SOCIALE DE L\'UBC', 'UBC SHARES', '262200', 4, NULL, '0.00', '0.00', NULL, 1, 1, 1, '2019-09-19 04:40:33', '2019-09-19 04:40:33'),
(111, '262400000000', 'PARTAGE DE PRÉFÉRENCE SUR LE RÉSEAU', 'PREFERENCE SHARES-OUT THE NETWORK', '262400', 4, NULL, '0.00', '0.00', NULL, 1, 1, 1, '2019-09-19 04:40:33', '2019-09-19 04:40:33'),
(112, '263000000000', 'AUTRES PART SOCIALE', 'OTHER SHARES', '263000', 4, NULL, '0.00', '0.00', NULL, 1, 1, 1, '2019-09-19 04:40:33', '2019-09-19 04:40:33'),
(113, '265200000000', 'OBLIGATIONS D\'ÉTAT', 'STATE BONDS', '265200', 4, NULL, '0.00', '0.00', NULL, 1, 1, 1, '2019-09-19 04:40:33', '2019-09-19 04:40:33'),
(114, '266100000000', 'TITRES IMPAYÉS', 'UNPAID SECURITIES', '266100', 4, NULL, '0.00', '0.00', NULL, 1, 1, 1, '2019-09-19 04:40:33', '2019-09-19 04:40:33'),
(115, '268190000000', 'DÉPÔT FIXE DE LA LIGUE', 'LEAGUE FIXED DEPOSIT', '268190', 4, NULL, '0.00', '0.00', NULL, 1, 1, 1, '2019-09-19 04:40:33', '2019-09-19 04:40:33'),
(116, '280000000000', 'DÉPRÉCIATION CUMULÉE DES ACTIFS INCORPORELS ET CORPORELS', 'ACCUMULATED DEPRECIATION FOR INTANGIBLE AND TANGIBLE ASSETS', '280000', 4, NULL, '0.00', '0.00', NULL, 1, 1, 1, '2019-09-19 04:40:33', '2019-09-19 04:40:33'),
(117, '280100000000', 'DÉPRÉCIATION CUMULÉE INTANGIBLE', 'ACCUMULATED DEPRECIATION  INTANGIBLE', '280100', 4, NULL, '0.00', '0.00', NULL, 1, 1, 1, '2019-09-19 04:40:33', '2019-09-19 04:40:33'),
(118, '280110000000', 'DÉPRÉCIATION ACCUMULÉE GOODWILL', 'ACCUMULATED DEPRECIATION GOODWILL', '280110', 4, NULL, '0.00', '0.00', NULL, 1, 1, 1, '2019-09-19 04:40:33', '2019-09-19 04:40:33'),
(119, '280120000000', 'BREVETS D\'AMORTISSEMENT CUMULÉS, LOGICIELS, LICENCES, MARQUES, ETC.', 'ACCUMULATED DEPRECIATION PATENTS, SOFTWARE, LICENSES, TRADEMARKS ETC.', '280120', 4, NULL, '0.00', '0.00', NULL, 1, 1, 1, '2019-09-19 04:40:33', '2019-09-19 04:40:33'),
(120, '280130000000', 'ÉTUDES ET RECHERCHES DE FAISABILITÉ ACCUMULÉES DE DEP CAPITALD', 'ACCUMULATED DEP CAPITALIZED FEASIBILITY STUDIES AND RESEARCHES', '280130', 4, NULL, '0.00', '0.00', NULL, 1, 1, 1, '2019-09-19 04:40:33', '2019-09-19 04:40:33'),
(121, '280140000000', 'DÉPRÉCIATION ACCUMULÉE AUTRES ACTIFS INCORPORELS', 'ACCUMULATED DEPRECIATION OTHER INTANGIBLE ASSETS', '280140', 4, NULL, '0.00', '0.00', NULL, 1, 1, 1, '2019-09-19 04:40:34', '2019-09-19 04:40:34'),
(122, '282000000000', 'DÉPRÉCIATION CUMULÉE DES ACTIFS CORPORELS', 'ACCUMULATED DEPRECIATION FOR TANGIBLE ASSETS', '282000', 4, NULL, '0.00', '0.00', NULL, 1, 1, 1, '2019-09-19 04:40:34', '2019-09-19 04:40:34'),
(123, '282100010000', 'BÂTIMENT DU SIÈGE SOCIAL DE L\'AMORTISSEMENT ACCUMULÉ', 'ACCUMULATED DEPRECIATION HEAD OFFICE BUILDING ', '282100', 4, NULL, '0.00', '0.00', NULL, 1, 1, 1, '2019-09-19 04:40:34', '2019-09-19 04:40:34'),
(124, '282100020000', 'IMMEUBLE DE BUREAUX DE LA SUCCURSALE D\'AMORTISSEMENT ACCUMULÉ -1', 'ACCUMULATED DEPRECIATION BRANCH OFFICE BUILDING -1', '282100', 4, NULL, '0.00', '0.00', NULL, 1, 1, 1, '2019-09-19 04:40:34', '2019-09-19 04:40:34'),
(125, '282100030000', 'IMMEUBLE DE BUREAUX DE LA SUCCURSALE D\'AMORTISSEMENT ACCUMULÉ -2', 'ACCUMULATED DEPRECIATION BRANCH OFFICE BUILDING -2', '282100', 4, NULL, '0.00', '0.00', NULL, 1, 1, 1, '2019-09-19 04:40:34', '2019-09-19 04:40:34'),
(126, '282100040000', 'IMMEUBLE DE BUREAUX DE LA SUCCURSALE D\'AMORTISSEMENT ACCUMULÉ -3', 'ACCUMULATED DEPRECIATION BRANCH OFFICE BUILDING -3', '282100', 4, NULL, '0.00', '0.00', NULL, 1, 1, 1, '2019-09-19 04:40:34', '2019-09-19 04:40:34'),
(127, '282100050000', 'IMMEUBLE DE BUREAUX DE LA SUCCURSALE D\'AMORTISSEMENT ACCUMULÉ -4', 'ACCUMULATED DEPRECIATION BRANCH OFFICE BUILDING -4', '282100', 4, NULL, '0.00', '0.00', NULL, 1, 1, 1, '2019-09-19 04:40:34', '2019-09-19 04:40:34'),
(128, '282100060000', 'IMMEUBLE DE BUREAUX DE LA SUCCURSALE D\'AMORTISSEMENT ACCUMULÉ -5', 'ACCUMULATED DEPRECIATION BRANCH OFFICE BUILDING -5', '282100', 4, NULL, '0.00', '0.00', NULL, 1, 1, 1, '2019-09-19 04:40:34', '2019-09-19 04:40:34'),
(129, '282200000000', 'DÉPRÉCIATION ACCUMULÉE BUIDLING SUR LE LOYER', 'ACCUMULATED DEPRECIATION BUIDLING ON RENT', '282200', 4, NULL, '0.00', '0.00', NULL, 1, 1, 1, '2019-09-19 04:40:34', '2019-09-19 04:40:34'),
(130, '282400000000', 'BÂTIMENT DEP ACCUMULÉ ACQUIS PAR LIQUIDATION DE GARANTIE', 'ACCUMULATED DEP BUILDING ACQUIRED THROUGH LIQUIDATION OF GUARANTEE ', '282400', 4, NULL, '0.00', '0.00', NULL, 1, 1, 1, '2019-09-19 04:40:34', '2019-09-19 04:40:34'),
(131, '282500000000', 'MEUBLES ET AJUSTEMENTS DE BUREAU D\'AMORTISSEMENT CUMULÉS', 'ACCUMULATED DEPRECIATION OFFICE FURNITURE & FITTINGS', '282500', 4, NULL, '0.00', '0.00', NULL, 1, 1, 1, '2019-09-19 04:40:34', '2019-09-19 04:40:34'),
(132, '282500010000', 'ORDINATEURS DE BUREAU D\'AMORTISSEMENT ACCUMULÉS', 'ACCUMULATED DEPRECIATION OFFICE COMPUTERS', '282500', 4, NULL, '0.00', '0.00', NULL, 1, 1, 1, '2019-09-19 04:40:34', '2019-09-19 04:40:34'),
(133, '282500020000', 'VÉHICULES ET CYCLES DE BUREAU D\'AMORTISSEMENT CUMULÉS', 'ACCUMULATED DEPRECIATION OFFICE VEHICLES & CYCLES', '282500', 4, NULL, '0.00', '0.00', NULL, 1, 1, 1, '2019-09-19 04:40:34', '2019-09-19 04:40:34'),
(134, '282600000000', 'ÉQUIPEMENT D\'AMORTISSEMENT ACCUMULÉ SUR LE LOYER', 'ACCUMULATED DEPRECIATION EQUIPMENT ON RENT', '282600', 4, NULL, '0.00', '0.00', NULL, 1, 1, 1, '2019-09-19 04:40:34', '2019-09-19 04:40:34'),
(135, '282800000000', 'ACCUMULATED DEP EQUIP ACQUIS PAR LIQUIDATION DE GARANTIE', 'ACCUMULATED DEP EQUIP ACQUIRED THROUGH LIQUIDATION OF GUARANTEE ', '282800', 4, NULL, '0.00', '0.00', NULL, 1, 1, 1, '2019-09-19 04:40:34', '2019-09-19 04:40:34'),
(136, '282900000000', 'DÉPRÉCIATION ACCUMULÉE AUTRES IMMOBILISATIONS CORPORELLES', 'ACCUMULATED DEPRECIATION OTHER TANGIBLE FIXED ASSETS', '282900', 4, NULL, '0.00', '0.00', NULL, 1, 1, 1, '2019-09-19 04:40:34', '2019-09-19 04:40:34'),
(137, '290000000000', 'PROVISION POUR IMMOBILISATIONS', 'PROVISION FOR CAPITAL ASSETS', '290000', 4, NULL, '0.00', '0.00', NULL, 1, 1, 1, '2019-09-19 04:40:34', '2019-09-19 04:40:34'),
(138, '296200000000', 'PROVISION POUR PART SOCIALE DANS LES INSTITUTIONS FINANCIÈRES', 'PROVISION FOR SHARES IN FINANCIAL INSTITUTIONS', '296200', 4, NULL, '0.00', '0.00', NULL, 1, 1, 1, '2019-09-19 04:40:34', '2019-09-19 04:40:34'),
(139, '300000000000', 'ACTIVITÉS FINANCIÈRES AVEC LES MEMBRES', 'FINANCIAL ACTIVITIES WITH MEMBERS', '300000', 4, NULL, '0.00', '0.00', NULL, 1, 1, 1, '2019-09-19 04:40:34', '2019-09-19 04:40:34'),
(140, '300000000000', 'PRÊTS À LONG TERME', 'LONG TERM LOANS', '300000', 4, NULL, '0.00', '0.00', NULL, 1, 1, 1, '2019-09-19 04:40:34', '2019-09-19 04:40:34'),
(141, '301100000000', 'PRÊTS LT AUX MEMBRES POUR LES BÂTIMENTS FONCIERS ET COMMERCIAUX', 'LT LOANS TO MEMBERS FOR LANDED AND COMMERCIAL BUILDINGS', '301100', 4, NULL, '0.00', '0.00', NULL, 1, 1, 1, '2019-09-19 04:40:34', '2019-09-19 04:40:34'),
(142, '301200000000', 'PRÊTS LT AU PERSONNEL ET AUX ÉLUS ET À LEURS PROCHES POUR LES BÂTIMENTS DÉBARQUÉS ET COMMERCIAUX', 'LT LOANS TO STAFF AND ELECTED OFFICIALS & THEIR  RELATIVES FOR LANDED & COMMERCIAL BUILDINGS', '301200', 4, NULL, '0.00', '0.00', NULL, 1, 1, 1, '2019-09-19 04:40:34', '2019-09-19 04:40:34'),
(143, '301300000000', 'PRÊTS LT À L\'IMF HORS DU RÉSEAU POUR LES BÂTIMENTS DÉBARQUÉS ET COMMERCIAUX', 'LT LOANS TO MFI OUT OF NETWORK FOR LANDED & COMMERCIAL BUILDINGS', '301300', 4, NULL, '0.00', '0.00', NULL, 1, 1, 1, '2019-09-19 04:40:34', '2019-09-19 04:40:34'),
(144, '301390000000', 'PRÊTS LT À L\'IMF AU SEIN DU RÉSEAU POUR LES BÂTIMENTS FONCIERS ET COMMERCIAUX', 'LT LOANS TO MFI WITHIN NETWORK FOR LANDED & COMMERCIAL BUILDINGS', '301390', 4, NULL, '0.00', '0.00', NULL, 1, 1, 1, '2019-09-19 04:40:34', '2019-09-19 04:40:34'),
(145, '302000000000', 'PRÊTS LT AU MEMBRE POUR LES IMMEUBLES RÉSIDENTIELS', 'LT LOANS TO MEMBER FOR RESIDENTIAL BUILDINGS', '302000', 4, NULL, '0.00', '0.00', NULL, 1, 1, 1, '2019-09-19 04:40:34', '2019-09-19 04:40:34'),
(146, '302200000000', 'PRÊTS LT AU PERSONNEL ET AUX ÉLUS ET À LEURS PROCHES POUR LES IMMEUBLES RÉSIDENTIELS', 'LT LOANS TO STAFF AND ELECTED OFFICIALS & THEIR  RELATIVES FOR RESIDENTIAL BUILDINGS', '302200', 4, NULL, '0.00', '0.00', NULL, 1, 1, 1, '2019-09-19 04:40:34', '2019-09-19 04:40:34'),
(147, '303000000000', 'PRÊTS D\'ÉQUIPEMENT LT AUX MEMBRES POUR UN USAGE PRIVÉ (MOTOS, VOITURES)', 'LT EQUIPMENT LOANS TO MEMBERS FOR PRIVATE USE (MOTORCYCLES, CARS)', '303000', 4, NULL, '0.00', '0.00', NULL, 1, 1, 1, '2019-09-19 04:40:34', '2019-09-19 04:40:34'),
(148, '303200000000', 'PRÊTS D\'ÉQUIPEMENT LT AU PERSONNEL ET AUX ÉLUS ET À LEURS PROCHES (MOTOS, VOITURES, ETC.)', 'LT EQUIPMENT LOANS TO STAFF AND ELECTED OFFICIALS & THEIR  RELATIVES (MOTORCYCLES, CARS ETC)', '303200', 4, NULL, '0.00', '0.00', NULL, 1, 1, 1, '2019-09-19 04:40:34', '2019-09-19 04:40:34'),
(149, '304200000000', 'OPÉRATIONS SPÉCIALES LT POUR LE PERSONNEL ET LES ÉLUS (VOITURES, MOTO, ORDINATEURS PORTABLES, ETC.)', 'LT SPECIAL OPERATIONS FOR STAFF AND ELECTED OFFICIALS (CARS, MOTORCYLE, LAPTOPS ETC)', '304200', 4, NULL, '0.00', '0.00', NULL, 1, 1, 1, '2019-09-19 04:40:34', '2019-09-19 04:40:34'),
(150, '305010000000', 'PRÊTS D\'ÉQUIPEMENT LT POUR L\'AGRICULTURE - TRANSPORT', 'LT EQUIPMENT LOANS FOR AGRICULTURE - TRANSPORTATION', '305010', 4, NULL, '0.00', '0.00', NULL, 1, 1, 1, '2019-09-19 04:40:35', '2019-09-19 04:40:35'),
(151, '305020000000', 'LT PRÊTS AUTRES ACTIVITÉS AGRICOLES', 'LT LOANS OTHER AGRICULTURAL ACTIVITIES', '305020', 4, NULL, '0.00', '0.00', NULL, 1, 1, 1, '2019-09-19 04:40:35', '2019-09-19 04:40:35'),
(152, '305021000000', 'LT LOANS AGRICULTURAL - FOURNITURES D\'INTRANTS', 'LT LOANS AGRICULTURAL - INPUT SUPPLIES', '305021', 4, NULL, '0.00', '0.00', NULL, 1, 1, 1, '2019-09-19 04:40:35', '2019-09-19 04:40:35'),
(153, '305022000000', 'LT LOANS AGRICULTURAL - TRAITEMENT', 'LT LOANS AGRICULTURAL - PROCESSING', '305022', 4, NULL, '0.00', '0.00', NULL, 1, 1, 1, '2019-09-19 04:40:35', '2019-09-19 04:40:35'),
(154, '305023000000', 'LT LOANS AGRICULTURE - COMMERCE', 'LT LOANS AGRICULTURE - TRADE', '305023', 4, NULL, '0.00', '0.00', NULL, 1, 1, 1, '2019-09-19 04:40:35', '2019-09-19 04:40:35'),
(155, '305024000000', 'LT LOANS AGRICULTURAL - PRODUCTION', 'LT LOANS AGRICULTURAL - PRODUCTION', '305024', 4, NULL, '0.00', '0.00', NULL, 1, 1, 1, '2019-09-19 04:40:35', '2019-09-19 04:40:35'),
(156, '306100000000', 'PRÊTS À LA CONSOMMATION LT AUX MEMBRES', 'LT CONSUMPTION LOANS TO MEMBERS', '306100', 4, NULL, '0.00', '0.00', NULL, 1, 1, 1, '2019-09-19 04:40:35', '2019-09-19 04:40:35'),
(157, '306200000000', 'PRÊTS LT AU PERSONNEL ET AUX ÉLUS ET À LEURS PROCHES', 'LT  LOANS TO STAFF AND ELECTED OFFICIALS & THEIR  RELATIVES', '306200', 4, NULL, '0.00', '0.00', NULL, 1, 1, 1, '2019-09-19 04:40:35', '2019-09-19 04:40:35'),
(158, '308010000000', 'PRÊTS AU PROJET LT - ADPAM', 'LT PROJECT LOANS - ADPAM', '308010', 4, NULL, '0.00', '0.00', NULL, 1, 1, 1, '2019-09-19 04:40:35', '2019-09-19 04:40:35'),
(159, '308020000000', 'PRÊTS DE PROJET LT - SOWEDA', 'LT PROJECT LOANS - SOWEDA', '308020', 4, NULL, '0.00', '0.00', NULL, 1, 1, 1, '2019-09-19 04:40:35', '2019-09-19 04:40:35'),
(160, '308030000000', 'PRÊTS AU PROJET LT - RDF', 'LT PROJECT LOANS - RDF', '308030', 4, NULL, '0.00', '0.00', NULL, 1, 1, 1, '2019-09-19 04:40:35', '2019-09-19 04:40:35'),
(161, '308040000000', 'PRÊTS DE PROJET LT - MINEPAT', 'LT PROJECT LOANS - MINEPAT', '308040', 4, NULL, '0.00', '0.00', NULL, 1, 1, 1, '2019-09-19 04:40:35', '2019-09-19 04:40:35'),
(162, '308050000000', 'PRÊTS DE PROJET LT - AUTRES', 'LT PROJECT LOANS - OTHERS', '308050', 4, NULL, '0.00', '0.00', NULL, 1, 1, 1, '2019-09-19 04:40:35', '2019-09-19 04:40:35'),
(163, '308060000000', 'LT LOANS BUSINESS (EN)', 'LT LOANS BUSINESS', '308060', 4, NULL, '0.00', '0.00', NULL, 1, 1, 1, '2019-09-19 04:40:35', '2019-09-19 04:40:35'),
(164, '308070000000', 'PRÊTS LT - AUTRES (CONTRATS PUBLICS, ETC.)', 'LT LOANS - OTHERS (PUBLIC CONTRACTS, ETC)', '308070', 4, NULL, '0.00', '0.00', NULL, 1, 1, 1, '2019-09-19 04:40:35', '2019-09-19 04:40:35'),
(165, '309000000000', 'INTÉRÊTS DÉBITEURS SUR LES PRÊTS LT', 'INTEREST RECEIVABLES ON LT LOANS', '309000', 4, NULL, '0.00', '0.00', NULL, 1, 1, 1, '2019-09-19 04:40:35', '2019-09-19 04:40:35'),
(166, '311000000000', 'PRÊTS À MOYEN TERME', 'MEDIUM TERM LOANS', '311000', 4, NULL, '0.00', '0.00', NULL, 1, 1, 1, '2019-09-19 04:40:35', '2019-09-19 04:40:35'),
(167, '311100000000', 'PRÊTS MT AUX MEMBRES POUR LES BÂTIMENTS FONCIERS ET COMMERCIAUX', 'MT LOANS TO MEMBERS FOR LANDED AND COMMERCIAL BUILDINGS', '311100', 4, NULL, '0.00', '0.00', NULL, 1, 1, 1, '2019-09-19 04:40:35', '2019-09-19 04:40:35'),
(168, '311200000000', 'PRÊTS MT AU PERSONNEL ET AUX ÉLUS ET À LEURS PROCHES POUR LES BÂTIMENTS DÉBARQUÉS ET COMMERCIAUX', 'MT LOANS TO STAFF AND ELECTED OFFICIALS & THEIR  RELATIVES FOR LANDED & COMMERCIAL BUILDINGS', '311200', 4, NULL, '0.00', '0.00', NULL, 1, 1, 1, '2019-09-19 04:40:35', '2019-09-19 04:40:35'),
(169, '311300000000', 'PRÊTS MT À L\'IMF HORS DU RÉSEAU POUR LES BÂTIMENTS DÉBARQUÉS ET COMMERCIAUX', 'MT LOANS TO MFI OUT OF NETWORK FOR LANDED & COMMERCIAL BUILDINGS', '311300', 4, NULL, '0.00', '0.00', NULL, 1, 1, 1, '2019-09-19 04:40:35', '2019-09-19 04:40:35'),
(170, '311390000000', 'PRÊTS MT À L\'IMF AU SEIN DU RÉSEAU POUR LES BÂTIMENTS DÉBARQUÉS ET COMMERCIAUX', 'MT LOANS TO MFI WITHIN NETWORK FOR LANDED & COMMERCIAL BUILDINGS', '311390', 4, NULL, '0.00', '0.00', NULL, 1, 1, 1, '2019-09-19 04:40:35', '2019-09-19 04:40:35'),
(171, '312000000000', 'PRÊTS MT AU MEMBRE POUR LES IMMEUBLES RÉSIDENTIELS', 'MT LOANS TO MEMBER FOR RESIDENTIAL BUILDINGS', '312000', 4, NULL, '0.00', '0.00', NULL, 1, 1, 1, '2019-09-19 04:40:35', '2019-09-19 04:40:35'),
(172, '312200000000', 'PRÊTS MT AU PERSONNEL ET AUX ÉLUS ET À LEURS PROCHES POUR LES IMMEUBLES RÉSIDENTIELS', 'MT LOANS TO STAFF AND ELECTED OFFICIALS & THEIR  RELATIVES FOR RESIDENTIAL BUILDINGS', '312200', 4, NULL, '0.00', '0.00', NULL, 1, 1, 1, '2019-09-19 04:40:35', '2019-09-19 04:40:35'),
(173, '313000000000', 'PRÊTS D\'ÉQUIPEMENT MT AUX MEMBRES POUR UN USAGE PRIVÉ (MOTOS, VOITURES)', 'MT EQUIPMENT LOANS TO MEMBERS FOR PRIVATE USE (MOTORCYCLES, CARS)', '313000', 4, NULL, '0.00', '0.00', NULL, 1, 1, 1, '2019-09-19 04:40:35', '2019-09-19 04:40:35'),
(174, '313200000000', 'PRÊTS D\'ÉQUIPEMENT MT AU PERSONNEL ET AUX ÉLUS ET À LEURS PROCHES (MOTOS, VOITURES, ETC.)', 'MT EQUIPMENT LOANS TO STAFF AND ELECTED OFFICIALS & THEIR  RELATIVES (MOTORCYCLES, CARS ETC)', '313200', 4, NULL, '0.00', '0.00', NULL, 1, 1, 1, '2019-09-19 04:40:36', '2019-09-19 04:40:36'),
(175, '314200000000', 'OPÉRATIONS SPÉCIALES MT POUR LE PERSONNEL ET LES ÉLUS (VOITURES, MOTO, ORDINATEURS PORTABLES, ETC.)', 'MT SPECIAL OPERATIONS FOR STAFF AND ELECTED OFFICIALS (CARS, MOTORCYLE, LAPTOPS ETC)', '314200', 4, NULL, '0.00', '0.00', NULL, 1, 1, 1, '2019-09-19 04:40:36', '2019-09-19 04:40:36'),
(176, '315010000000', 'PRÊTS D\'ÉQUIPEMENT MT POUR L\'AGRICULTURE - TRANSPORT', 'MT EQUIPMENT LOANS FOR AGRICULTURE - TRANSPORTATION', '315010', 4, NULL, '0.00', '0.00', NULL, 1, 1, 1, '2019-09-19 04:40:36', '2019-09-19 04:40:36'),
(177, '315020000000', 'LT LOANS AGRICULTURAL - FOURNITURES D\'INTRANTS', 'LT LOANS AGRICULTURAL - INPUT SUPPLIES', '315020', 4, NULL, '0.00', '0.00', NULL, 1, 1, 1, '2019-09-19 04:40:36', '2019-09-19 04:40:36'),
(178, '315030000000', 'LT LOANS AGRICULTURAL - TRAITEMENT', 'LT LOANS AGRICULTURAL - PROCESSING', '315030', 4, NULL, '0.00', '0.00', NULL, 1, 1, 1, '2019-09-19 04:40:36', '2019-09-19 04:40:36'),
(179, '315040000000', 'LT LOANS AGRICULTURE - COMMERCE', 'LT LOANS AGRICULTURE - TRADE', '315040', 4, NULL, '0.00', '0.00', NULL, 1, 1, 1, '2019-09-19 04:40:36', '2019-09-19 04:40:36'),
(180, '315050000000', 'LT LOANS AGRICULTURAL - PRODUCTION', 'LT LOANS AGRICULTURAL - PRODUCTION', '315050', 4, NULL, '0.00', '0.00', NULL, 1, 1, 1, '2019-09-19 04:40:36', '2019-09-19 04:40:36'),
(181, '315060000000', 'MT PRÊTS AUTRES ACTIVITÉS AGRICOLES', 'MT LOANS OTHER AGRICULTURAL ACTIVITIES', '315060', 4, NULL, '0.00', '0.00', NULL, 1, 1, 1, '2019-09-19 04:40:36', '2019-09-19 04:40:36'),
(182, '316100000000', 'PRÊTS À LA CONSOMMATION MT AUX MEMBRES', 'MT CONSUMPTION LOANS TO MEMBERS', '316100', 4, NULL, '0.00', '0.00', NULL, 1, 1, 1, '2019-09-19 04:40:36', '2019-09-19 04:40:36'),
(183, '316200000000', 'PRÊTS MT AU PERSONNEL ET AUX ÉLUS ET À LEURS PROCHES', 'MT  LOANS TO STAFF AND ELECTED OFFICIALS & THEIR  RELATIVES', '316200', 4, NULL, '0.00', '0.00', NULL, 1, 1, 1, '2019-09-19 04:40:36', '2019-09-19 04:40:36'),
(184, '318010000000', 'PRÊTS AU PROJET MT - ADPAM', 'MT PROJECT LOANS - ADPAM', '318010', 4, NULL, '0.00', '0.00', NULL, 1, 1, 1, '2019-09-19 04:40:36', '2019-09-19 04:40:36'),
(185, '318020000000', 'PRÊTS DE PROJET MT - SOWEDA', 'MT PROJECT LOANS - SOWEDA', '318020', 4, NULL, '0.00', '0.00', NULL, 1, 1, 1, '2019-09-19 04:40:36', '2019-09-19 04:40:36'),
(186, '318030000000', 'PRÊTS AU PROJET MT - RDF', 'MT PROJECT LOANS - RDF', '318030', 4, NULL, '0.00', '0.00', NULL, 1, 1, 1, '2019-09-19 04:40:36', '2019-09-19 04:40:36'),
(187, '318040000000', 'PRÊTS DE PROJET MT - MINEPAT', 'MT PROJECT LOANS - MINEPAT', '318040', 4, NULL, '0.00', '0.00', NULL, 1, 1, 1, '2019-09-19 04:40:36', '2019-09-19 04:40:36'),
(188, '318050000000', 'PRÊTS DE PROJET MT - AUTRES', 'MT PROJECT LOANS - OTHERS', '318050', 4, NULL, '0.00', '0.00', NULL, 1, 1, 1, '2019-09-19 04:40:36', '2019-09-19 04:40:36'),
(189, '318060000000', 'MT PRÊTS ENTREPRISE', 'MT LOANS BUSINESS', '318060', 4, NULL, '0.00', '0.00', NULL, 1, 1, 1, '2019-09-19 04:40:36', '2019-09-19 04:40:36'),
(190, '318070000000', 'PRÊTS MT - AUTRES (CONTRATS PUBLICS, ETC.)', 'MT LOANS - OTHERS (PUBLIC CONTRACTS, ETC)', '318070', 4, NULL, '0.00', '0.00', NULL, 1, 1, 1, '2019-09-19 04:40:36', '2019-09-19 04:40:36'),
(191, '318200000000', 'OPÉRATIONS SPÉCIALES MT POUR LE PERSONNEL ET LES ÉLUS (VOITURES, MOTO, ORDINATEURS PORTABLES, ETC.)', 'MT SPECIAL OPERATIONS FOR STAFF AND ELECTED OFFICIALS (CARS, MOTORCYLE, LAPTOPS ETC)', '318200', 4, NULL, '0.00', '0.00', NULL, 1, 1, 1, '2019-09-19 04:40:36', '2019-09-19 04:40:36'),
(192, '319000000000', 'INTÉRÊTS DÉBITEURS SUR LES PRÊTS MT', 'INTEREST RECEIVABLES ON MT LOANS', '319000', 4, NULL, '0.00', '0.00', NULL, 1, 1, 1, '2019-09-19 04:40:36', '2019-09-19 04:40:36'),
(193, '320000000000', 'PRÊTS À COURT TERME', 'SHORT TERM LOANS', '320000', 4, NULL, '0.00', '0.00', NULL, 1, 1, 1, '2019-09-19 04:40:36', '2019-09-19 04:40:36'),
(195, '323100000000', 'ST PRÊTS D\'ÉQUIPEMENT AUX MEMBRES (MOTOS, VOITURES, TRACTEURS, GRUES, ETC.)', 'ST EQUIPMENT LOANS TO MEMBERS (MOTORCYCLES, CARS, TRACTORS, CRANES ETC)', '323100', 4, NULL, '0.00', '0.00', NULL, 1, 1, 1, '2019-09-19 04:40:36', '2019-09-19 04:40:36'),
(196, '323300000000', 'ST PRÊTS D\'ÉQUIPEMENT AU PERSONNEL ET AUX ÉLUS ET À LEURS PROCHES (MOTOS, VOITURES, TRACTEURS, GRUES, ETC.)', 'ST EQUIPMENT LOANS TO STAFF AND ELECTED OFFICIALS & THEIR  RELATIVES (MOTORCYCLES, CARS, TRACTORS, CRANES ETC)', '323300', 4, NULL, '0.00', '0.00', NULL, 1, 1, 1, '2019-09-19 04:40:37', '2019-09-19 04:40:37'),
(197, '323400000000', 'ST PRÊTS D\'ÉQUIPEMENT À L\'IMF HORS RÉSEAU (MOTOS, VOITURES, TRACTEURS, GRUES, ETC.)', 'ST EQUIPMENT LOANS TO MFI OUT OF NETWORK (MOTORCYCLES, CARS, TRACTORS, CRANES ETC)', '323400', 4, NULL, '0.00', '0.00', NULL, 1, 1, 1, '2019-09-19 04:40:37', '2019-09-19 04:40:37'),
(198, '323490000000', 'ST PRÊTS D\'ÉQUIPEMENT À L\'IMF AU SEIN DU RÉSEAU (MOTOS, VOITURES, TRACTEURS, GRUES, ETC.)', 'ST EQUIPMENT LOANS TO MFI WITHIN THE NETWORK (MOTORCYCLES, CARS, TRACTORS, CRANES ETC)', '323490', 4, NULL, '0.00', '0.00', NULL, 1, 1, 1, '2019-09-19 04:40:37', '2019-09-19 04:40:37'),
(199, '324110000000', 'ST PRÊTS CONTRACTUELS PUBLICS AUX MEMBRES', 'ST PUBLIC CONTRACT LOANS TO MEMBERS', '324110', 4, NULL, '0.00', '0.00', NULL, 1, 1, 1, '2019-09-19 04:40:37', '2019-09-19 04:40:37'),
(200, '325010000000', 'PRÊTS D\'ÉQUIPEMENT ST POUR L\'AGRICULTURE - TRANSPORTATON', 'ST EQUIPMENT LOANS FOR AGRICULTURE - TRANSPORTATON', '325010', 4, NULL, '0.00', '0.00', NULL, 1, 1, 1, '2019-09-19 04:40:37', '2019-09-19 04:40:37'),
(201, '325020000000', 'LT LOANS AGRICULTURAL - FOURNITURES D\'INTRANTS', 'LT LOANS AGRICULTURAL - INPUT SUPPLIES', '325020', 4, NULL, '0.00', '0.00', NULL, 1, 1, 1, '2019-09-19 04:40:37', '2019-09-19 04:40:37'),
(202, '325030000000', 'LT LOANS AGRICULTURAL - TRAITEMENT', 'LT LOANS AGRICULTURAL - PROCESSING', '325030', 4, NULL, '0.00', '0.00', NULL, 1, 1, 1, '2019-09-19 04:40:37', '2019-09-19 04:40:37'),
(203, '325040000000', 'LT LOANS AGRICULTURE - COMMERCE', 'LT LOANS AGRICULTURE - TRADE', '325040', 4, NULL, '0.00', '0.00', NULL, 1, 1, 1, '2019-09-19 04:40:37', '2019-09-19 04:40:37'),
(204, '325000000000', 'LT LOANS AGRICULTURAL - PRODUCTION', 'LT LOANS AGRICULTURAL - PRODUCTION', '325000', 4, NULL, '0.00', '0.00', NULL, 1, 1, 1, '2019-09-19 04:40:37', '2019-09-19 04:40:37'),
(205, '325060000000', 'ST PRÊTS AUTRES ACTIVITÉS AGRICOLES', 'ST LOANS OTHER AGRICULTURAL ACTIVITIES', '325060', 4, NULL, '0.00', '0.00', NULL, 1, 1, 1, '2019-09-19 04:40:37', '2019-09-19 04:40:37'),
(206, '326000000000', 'ST PRÊTS À LA CONSOMMATION AUX MEMBRES', 'ST CONSUMPTION LOANS TO MEMBERS', '326000', 4, NULL, '0.00', '0.00', NULL, 1, 1, 1, '2019-09-19 04:40:37', '2019-09-19 04:40:37'),
(207, '326200000000', 'ST PRÊTS AU PERSONNEL ET AUX ÉLUS ET À LEURS PROCHES', 'ST LOANS TO STAFF AND ELECTED OFFICIALS & THEIR  RELATIVES', '326200', 4, NULL, '0.00', '0.00', NULL, 1, 1, 1, '2019-09-19 04:40:37', '2019-09-19 04:40:37'),
(208, '327100000000', 'BAIL FINANCIER DE ST À MEMEBERS', 'ST FINANCIAL LEASE TO MEMEBERS', '327100', 4, NULL, '0.00', '0.00', NULL, 1, 1, 1, '2019-09-19 04:40:37', '2019-09-19 04:40:37'),
(209, '327300000000', 'BAIL FINANCIER DE ST AU PERSONNEL, AUX ÉLUS ET AUX PARENTS', 'ST FINANCIAL LEASE TO STAFF, ELECTED OFFICIALS & RELATIVES', '327300', 4, NULL, '0.00', '0.00', NULL, 1, 1, 1, '2019-09-19 04:40:37', '2019-09-19 04:40:37'),
(210, '328101000000', 'FINANCEMENT ST NJANGI', 'ST NJANGI FINANCING', '328101', 4, NULL, '0.00', '0.00', NULL, 1, 1, 1, '2019-09-19 04:40:37', '2019-09-19 04:40:37'),
(211, '328102000000', 'ST LOANS BUSINESS (EN)', 'ST LOANS BUSINESS', '328102', 4, NULL, '0.00', '0.00', NULL, 1, 1, 1, '2019-09-19 04:40:37', '2019-09-19 04:40:37'),
(212, '328103000000', 'AVANCES DES FONCTIONNAIRES', 'CIVIL SERVANTS ADVANCES', '328103', 4, NULL, '0.00', '0.00', NULL, 1, 1, 1, '2019-09-19 04:40:37', '2019-09-19 04:40:37'),
(213, '328300000000', 'OPÉRATIONS SPÉCIALES POUR LE PERSONNEL ET LES ÉLUS (VOITURES, MOTO, ORDINATEURS PORTABLES, ETC.)', 'SPECIAL OPERATIONS FOR STAFF AND ELECTED OFFICIALS (CARS, MOTORCYLE, LAPTOPS ETC)', '328300', 4, NULL, '0.00', '0.00', NULL, 1, 1, 1, '2019-09-19 04:40:37', '2019-09-19 04:40:37'),
(214, '329000000000', 'INTÉRÊTS À RECEVOIR SUR LES PRÊTS ST', 'INTEREST RECEIVABLE ON ST LOANS', '329000', 4, NULL, '0.00', '0.00', NULL, 1, 1, 1, '2019-09-19 04:40:37', '2019-09-19 04:40:37'),
(215, '330000000000', 'PORTEFEUILLE À RISQUE (PAR)', 'PORTFOLIO AT RISK (PAR)', '330000', 4, NULL, '0.00', '0.00', NULL, 1, 1, 1, '2019-09-19 04:40:37', '2019-09-19 04:40:37'),
(216, '331000000000', 'PRÊTS IMPAYÉS (60 À 89 JOURS)', 'UNPAID LOANS ( 60 - 89 DAYS)', '331000', 4, NULL, '0.00', '0.00', NULL, 1, 1, 1, '2019-09-19 04:40:37', '2019-09-19 04:40:37'),
(217, '334000000000', 'PRÊTS DOUTEUX COUVERTS PAR DES TITRES (90 - 359 JOURS)', 'DOUBTFUL LOANS COVERED BY SECURITIES (90 - 359 DAYS)', '334000', 4, NULL, '0.00', '0.00', NULL, 1, 1, 1, '2019-09-19 04:40:38', '2019-09-19 04:40:38'),
(218, '335000000000', 'PRÊTS IRRÉCUPÉRABLES (AU-DESSUS DE 360 JOURS)', 'IRRECOVERABLE LOANS (ABOVE 360 DAYS)', '335000', 4, NULL, '0.00', '0.00', NULL, 1, 1, 1, '2019-09-19 04:40:38', '2019-09-19 04:40:38'),
(219, '335010000000', 'PRÊTS EN COURS DE RECOUVREMENT LÉGAL', 'LOANS UNDER LEGAL RECOVERY', '335010', 4, NULL, '0.00', '0.00', NULL, 1, 1, 1, '2019-09-19 04:40:38', '2019-09-19 04:40:38'),
(220, '340000000000', 'STOCK DE MARCHANDISES', 'STOCK OF GOODS', '340000', 4, NULL, '0.00', '0.00', NULL, 1, 1, 1, '2019-09-19 04:40:38', '2019-09-19 04:40:38'),
(221, '340010000000', 'STOCK DE SALEABLES (T.SHIRTS, PARAPLUIES, TISSU, BYE-LAWS, POLITIQUE DE PRÊT, ÉPARGNE/DÉRAPAGES DE RETRAIT SPÉCIAUX (SWS), FORMULAIRES DE PRÊT ETC.)', 'STOCK OF SALEABLES (T.SHIRTS,UMBRELLAS,CLOTH,BYE-LAWS,LOAN POLICY, SAVING/SPECIAL WITHDRAWAL SLIPS (SWS), LOAN FORMS ETC)', '340010', 4, NULL, '0.00', '0.00', NULL, 1, 1, 1, '2019-09-19 04:40:38', '2019-09-19 04:40:38'),
(222, '340090000000', 'STOCK DE VENDABLES AU SEIN DU RÉSEAU', 'STOCK OF SALEABLES WITHIN THE NETWORK', '340090', 4, NULL, '0.00', '0.00', NULL, 1, 1, 1, '2019-09-19 04:40:38', '2019-09-19 04:40:38'),
(223, '340091000000', 'STOCK DE CONSOMMABLES AVEC LE RÉSEAU', 'STOCK OF CONSUMEABLES WITH THE NETWORK', '340091', 4, NULL, '0.00', '0.00', NULL, 1, 1, 1, '2019-09-19 04:40:38', '2019-09-19 04:40:38'),
(224, '355000000000', 'AUTRES ÉEPARGNES SPÉCIAUX', 'OTHER SPECIAL SAVINGS ', '355000', 4, NULL, '0.00', '0.00', NULL, 1, 1, 1, '2019-09-19 04:40:38', '2019-09-19 04:40:38'),
(225, '355100000000', 'ÉPARGNE DU FONDS DE DÉVELOPPEMENT RURAL (FDR)', 'RURAL DEVELOPMENT FUND SAVINGS (RDF)', '355100', 4, NULL, '0.00', '0.00', NULL, 1, 1, 1, '2019-09-19 04:40:38', '2019-09-19 04:40:38'),
(226, '355290000000', 'DÉPÔT INITIAL EXPRESS CASH', 'EXPRESS CASH INITIAL DEPOSIT', '355290', 4, NULL, '0.00', '0.00', NULL, 1, 1, 1, '2019-09-19 04:40:38', '2019-09-19 04:40:38'),
(227, '371000000000', 'DÉPÔTS', 'DEPOSITS', '371000', 5, NULL, '0.00', '0.00', NULL, 1, 1, 1, '2019-09-19 04:40:38', '2019-09-19 04:40:38'),
(228, '371200000000', 'MEMBRES DÉCÉDÉS ÉPARGNES/DÉPÔTS', 'DECEASED MEMBERS SAVINGS/DEPOSITS', '371200', 4, NULL, '0.00', '0.00', NULL, 1, 1, 1, '2019-09-19 04:40:38', '2019-09-19 04:40:38'),
(229, '373000000000', 'ÉPARGNES', 'SAVINGS', '373000', 5, NULL, '0.00', '0.00', NULL, 1, 1, 1, '2019-09-19 04:40:38', '2019-09-19 04:40:38'),
(230, '380000000000', 'COMPTES DES AUTRES MEMBRES', 'OTHER MEMBERS ACCOUNTS', '380000', 4, NULL, '0.00', '0.00', NULL, 1, 1, 1, '2019-09-19 04:40:38', '2019-09-19 04:40:38'),
(231, '386000000000', 'PRÊTS D\'ÉPARGNE QUOTIDIENS', 'DAILY SAVINGS LOANS', '386000', 4, NULL, '0.00', '0.00', NULL, 1, 1, 1, '2019-09-19 04:40:38', '2019-09-19 04:40:38'),
(232, '390000000000', 'PROVISIONS POUR CRÉANCES DOUTEUSES', 'PROVISIONS FOR DOUBTFUL DEBTS ', '390000', 4, NULL, '0.00', '0.00', NULL, 1, 1, 1, '2019-09-19 04:40:38', '2019-09-19 04:40:38'),
(233, '392100000000', 'PROVISIONS POUR CRÉANCES DOUTEUSES COUVERTES PAR DES TITRES RÉELS (ENGAGEMENTS) DE MOINS D\'UN AN', 'PROVISIONS FOR DOUBTFUL DEBTS COVERED BY REAL SECURITIES (PLEDGES) LESS THAN ONE YEAR', '392100', 4, NULL, '0.00', '0.00', NULL, 1, 1, 1, '2019-09-19 04:40:38', '2019-09-19 04:40:38'),
(234, '392100010000', 'PROV. POUR LES CRÉANCES DOUTEUSES COUVERTES PAR UNE HYPOTHÈQUE ENREGISTRÉE ENTRE 1 ET 2 ANS', 'PROV. FOR DOUBTFUL DEBTS COVERED BY REGISTERED MORTGAGE BETWEEN 1 TO 2 YRS', '392100', 4, NULL, '0.00', '0.00', NULL, 1, 1, 1, '2019-09-19 04:40:38', '2019-09-19 04:40:38'),
(235, '392100020000', 'PROV. POUR LES CRÉANCES DOUTEUSES COUVERTES PAR UNE HYPOTHÈQUE ENREGISTRÉE ENTRE 2 ET 3 ANS', 'PROV. FOR DOUBTFUL DEBTS COVERED BY REGISTERED MORTGAGE BETWEEN 2 TO 3 YRS', '392100', 4, NULL, '0.00', '0.00', NULL, 1, 1, 1, '2019-09-19 04:40:38', '2019-09-19 04:40:38'),
(236, '392100030000', 'PROV. POUR LES CRÉANCES DOUTEUSES COUVERTES PAR L\'HYPOTHÈQUE ENREGISTRÉE AU-DESSUS DE 3 ANS', 'PROV. FOR DOUBTFUL DEBTS COVERED BY REGISTERED MORTGAGE ABOVE  3 YRS', '392100', 4, NULL, '0.00', '0.00', NULL, 1, 1, 1, '2019-09-19 04:40:38', '2019-09-19 04:40:38'),
(237, '392200000000', 'PROVISIONS POUR CRÉANCES DOUTEUSES COUVERTES PAR DES TITRES RÉELS (ENGAGEMENTS) SUR UN AN', 'PROVISIONS FOR DOUBTFUL DEBTS COVERED BY REAL SECURITIES (PLEDGES) OVER ONE YEAR', '392200', 4, NULL, '0.00', '0.00', NULL, 1, 1, 1, '2019-09-19 04:40:38', '2019-09-19 04:40:38'),
(238, '392200100000', 'PROV. POUR LES CRÉANCES DOUTEUSES COUVERTES PAR D\'AUTRES TITRES RÉELS (ÉPARGNE) DE MOINS DE 1 AN', 'PROV. FOR DOUBTFUL DEBTS COVERED  BY OTHER REAL SECURITIES (SAVINGS) LESS THAN 1 YRS', '392200', 4, NULL, '0.00', '0.00', NULL, 1, 1, 1, '2019-09-19 04:40:38', '2019-09-19 04:40:38'),
(239, '392200020000', 'PROV. POUR LES CRÉANCES DOUTEUSES COUVERTES PAR D\'AUTRES TITRES RÉELS (ÉPARGNE) ENTRE 1 ET 2 ANS', 'PROV. FOR DOUBTFUL DEBTS COVERED  BY OTHER REAL SECURITIES (SAVINGS) BETWEEN 1 TO 2 YRS', '392200', 4, NULL, '0.00', '0.00', NULL, 1, 1, 1, '2019-09-19 04:40:38', '2019-09-19 04:40:38'),
(240, '392300000000', 'PROV. POUR LES CRÉANCES DOUTEUSES COUVERTES PAR D\'AUTRES TITRES RÉELS ENTRE 2 ET 3 ANS', 'PROV. FOR DOUBTFUL DEBTS COVERED  BY OTHER REAL SECURITIES BETWEEN 2 TO 3 YRS', '392300', 4, NULL, '0.00', '0.00', NULL, 1, 1, 1, '2019-09-19 04:40:38', '2019-09-19 04:40:38'),
(241, '392400000000', 'PROV. POUR LES CRÉANCES DOUTEUSES COUVERTES PAR D\'AUTRES TITRES RÉELS SUPÉRIEURS À 3 ANS', 'PROV. FOR DOUBTFUL DEBTS COVERED  BY OTHER REAL SECURITIES ABOVE 3 YRS', '392400', 4, NULL, '0.00', '0.00', NULL, 1, 1, 1, '2019-09-19 04:40:38', '2019-09-19 04:40:38'),
(242, '393100000000', 'PROV. POUR LES AUTRES CRÉANCES DOUTEUSES DE MOINS D\'UN AN', 'PROV. FOR OTHER  DOUBTFUL DEBTS LESS THAN 1YR ', '393100', 4, NULL, '0.00', '0.00', NULL, 1, 1, 1, '2019-09-19 04:40:38', '2019-09-19 04:40:38'),
(243, '393200000000', 'PROV. POUR LES AUTRES CRÉANCES DOUTEUSES DE 1 À 2 ANS', 'PROV. FOR OTHER DOUBTFUL DEBTS 1 TO 2 YRS', '393200', 4, NULL, '0.00', '0.00', NULL, 1, 1, 1, '2019-09-19 04:40:38', '2019-09-19 04:40:38'),
(244, '393300000000', 'PROV. POUR LES AUTRES CRÉANCES DOUTEUSES DE PLUS DE 3 ANS', 'PROV. FOR OTHER DOUBTFUL DEBTS ABOVE 3 YRS', '393300', 4, NULL, '0.00', '0.00', NULL, 1, 1, 1, '2019-09-19 04:40:38', '2019-09-19 04:40:38'),
(245, '397000000000', 'PROV. POUR LES PART SOCIALE', 'PROV. FOR STOCKS', '397000', 4, NULL, '0.00', '0.00', NULL, 1, 1, 1, '2019-09-19 04:40:38', '2019-09-19 04:40:38'),
(246, '400000000000', 'FOURNISSEURS', 'SUPPLIERS', '400000', 4, NULL, '0.00', '0.00', NULL, 1, 1, 1, '2019-09-19 04:40:39', '2019-09-19 04:40:39'),
(247, '401100000000', 'COMPTES DE DÉPENSES PAYABLES HORS RÉSEAU', 'EXPENSES ACCOUNTS PAYABLE OUT OF NETWORK', '401100', 4, NULL, '0.00', '0.00', NULL, 1, 1, 1, '2019-09-19 04:40:39', '2019-09-19 04:40:39'),
(248, '401101000000', 'DÉPÔTS DE RÉCUPÉRATION', 'RECOVERY DEPOSITS', '401101', 4, NULL, '0.00', '0.00', NULL, 1, 1, 1, '2019-09-19 04:40:39', '2019-09-19 04:40:39');
INSERT INTO `accounts` (`idaccount`, `accnumb`, `labelfr`, `labeleng`, `accplan`, `acctype`, `initamt`, `eveamt`, `available`, `country`, `network`, `institution`, `branch`, `updated_at`, `created_at`) VALUES
(249, '401190000000', 'COMPTES DE DÉPENSES PAYABLES AU SEIN DU RÉSEAU', 'EXPENSES ACCOUNTS PAYABLE WITHIN NETWORK', '401190', 4, NULL, '0.00', '0.00', NULL, 1, 1, 1, '2019-09-19 04:40:39', '2019-09-19 04:40:39'),
(250, '409100000000', 'AVANCES AUX FOURNISSEURS HORS DU RÉSEAU', 'ADVANCES TO SUPPLIERS OUT OF THE NETWORK', '409100', 4, NULL, '0.00', '0.00', NULL, 1, 1, 1, '2019-09-19 04:40:39', '2019-09-19 04:40:39'),
(251, '409190000000', 'AVANCES AUX FOURNISSEURS AU SEIN DU RÉSEAU', 'ADVANCES TO SUPPLIERS WITHIN THE NETWORK', '409190', 4, NULL, '0.00', '0.00', NULL, 1, 1, 1, '2019-09-19 04:40:39', '2019-09-19 04:40:39'),
(252, '421000000000', 'AVANCE SALARIALE DU PERSONNEL', 'STAFF SALARY ADVANCE', '421000', 4, NULL, '0.00', '0.00', NULL, 1, 1, 1, '2019-09-19 04:40:39', '2019-09-19 04:40:39'),
(253, '422000000000', 'SALAIRES DU PERSONNEL ET REM. PAYABLE', 'STAFF SALARIES & REM. PAYABLE', '422000', 4, NULL, '0.00', '0.00', NULL, 1, 1, 1, '2019-09-19 04:40:39', '2019-09-19 04:40:39'),
(254, '424000000000', 'CONGÉ ANNUEL PAYABLE', 'ANNUAL LEAVE PAYABLE', '424000', 4, NULL, '0.00', '0.00', NULL, 1, 1, 1, '2019-09-19 04:40:39', '2019-09-19 04:40:39'),
(255, '430000000000', 'IMPÔTS ET TAUX', 'TAXES AND RATES', '430000', 4, NULL, '0.00', '0.00', NULL, 1, 1, 1, '2019-09-19 04:40:39', '2019-09-19 04:40:39'),
(256, '430100000000', 'IMPÔT SUR LE REVENU', 'INCOME TAX', '430100', 4, NULL, '0.00', '0.00', NULL, 1, 1, 1, '2019-09-19 04:40:39', '2019-09-19 04:40:39'),
(257, '430200000000', 'AUTRES TAXES ET TAUX (INS SOCIAUX ET TAXES À PAYER)', 'OTHER TAXES & RATES (SOCIAL INS. & TAXES PAYABLE)', '430200', 4, NULL, '0.00', '0.00', NULL, 1, 1, 1, '2019-09-19 04:40:39', '2019-09-19 04:40:39'),
(258, '430300000000', 'ÉTAT, TVA FACTURÉE', 'STATE, VAT INVOICED', '430300', 4, NULL, '0.00', '0.00', NULL, 1, 1, 1, '2019-09-19 04:40:39', '2019-09-19 04:40:39'),
(259, '430400000000', 'ÉTAT, TVA À PAYER OU CRÉDIT DE TVA', 'STATE, VAT PAYABLE OR VAT CREDIT', '430400', 4, NULL, '0.00', '0.00', NULL, 1, 1, 1, '2019-09-19 04:40:39', '2019-09-19 04:40:39'),
(260, '430400100000', 'CUVE ATM PAYABLE', 'ATM VAT PAYABLE', '430400', 4, NULL, '0.00', '0.00', NULL, 1, 1, 1, '2019-09-19 04:40:39', '2019-09-19 04:40:39'),
(261, '430500000000', 'ÉTAT, TVA DÉDUCTIBLE', 'STATE, DEDUCTIBLE VAT', '430500', 4, NULL, '0.00', '0.00', NULL, 1, 1, 1, '2019-09-19 04:40:39', '2019-09-19 04:40:39'),
(262, '430600000000', 'ÉTAT, AUTRE TAXE SUR LE CHIFFRE D\'AFFAIRES', 'STATE, OTHER TURNOVER TAX', '430600', 4, NULL, '0.00', '0.00', NULL, 1, 1, 1, '2019-09-19 04:40:39', '2019-09-19 04:40:39'),
(263, '430700000000', 'ÉTAT, IMPÔTS DÉDUITS À LA SOURCE', 'STATE, TAXES DEDUCTED AT SOURCE', '430700', 4, NULL, '0.00', '0.00', NULL, 1, 1, 1, '2019-09-19 04:40:39', '2019-09-19 04:40:39'),
(264, '431100000000', 'PAYABLES À L\'ÉTAT', 'PAYABLES TO STATE ', '431100', 4, NULL, '0.00', '0.00', NULL, 1, 1, 1, '2019-09-19 04:40:39', '2019-09-19 04:40:39'),
(265, '431200000000', 'CRÉANCES DE L\'ÉTAT', 'RECEIVABLES FROM STATE', '431200', 4, NULL, '0.00', '0.00', NULL, 1, 1, 1, '2019-09-19 04:40:39', '2019-09-19 04:40:39'),
(266, '432000000000', 'IMPÔTS', 'COUNCIL TAX', '432000', 4, NULL, '0.00', '0.00', NULL, 1, 1, 1, '2019-09-19 04:40:39', '2019-09-19 04:40:39'),
(267, '445000000000', 'FRAIS DE BORD PAYABLES', 'BOARD EXPENSES PAYABLE', '445000', 4, NULL, '0.00', '0.00', NULL, 1, 1, 1, '2019-09-19 04:40:39', '2019-09-19 04:40:39'),
(268, '450100000000', 'SIÈGE SOCIAL ET SUCCURSALES DE LA VPN CREDIT UNION', 'VPN CREDIT UNION HEAD OFFICE AND BRANCHES', '450100', 4, NULL, '0.00', '0.00', NULL, 1, 1, 1, '2019-09-19 04:40:39', '2019-09-19 04:40:39'),
(269, '450190100000', 'SIÈGE SOCIAL DE LA LIGUE VPN ET DE LA CREDIT UNION', 'VPN LEAGUE AND CREDIT UNION HEAD OFFICE', '450190', 4, NULL, '0.00', '0.00', NULL, 1, 1, 1, '2019-09-19 04:40:39', '2019-09-19 04:40:39'),
(270, '450120000000', 'BRANCHE DES CAISSES DE CRÉDIT VPN ET AUTRES DIRECTIONS', 'VPN CREDIT UNION BRANCH AND OTHER BRANCHES', '450120', 4, NULL, '0.00', '0.00', NULL, 1, 1, 1, '2019-09-19 04:40:39', '2019-09-19 04:40:39'),
(271, '450190200000', 'VPN CREDIT UNION ET AUTRES CAISSES DE CRÉDIT', 'VPN CREDIT UNION AND OTHER CREDIT UNIONS', '450190', 4, NULL, '0.00', '0.00', NULL, 1, 1, 1, '2019-09-19 04:40:39', '2019-09-19 04:40:39'),
(272, '450140000000', 'VPN CREDIT UNIONS ET AUTRES IMF', 'VPN CREDIT UNIONS AND OTHER MFIS', '450140', 4, NULL, '0.00', '0.00', NULL, 1, 1, 1, '2019-09-19 04:40:39', '2019-09-19 04:40:39'),
(273, '451010000000', 'SIÈGE ET SUCCURSALES DE LA CREDIT UNION', 'CREDIT UNION HEAD OFFICE AND BRANCHES', '451010', 4, NULL, '0.00', '0.00', NULL, 1, 1, 1, '2019-09-19 04:40:39', '2019-09-19 04:40:39'),
(274, '451020000000', 'DIRECTION GÉNÉRALE DES COOPÉRATIVES DE CRÉDIT ET AUTRES DIRECTIONS GÉNÉRALES', 'CREDIT UNION BRANCH AND OTHER BRANCHES', '451020', 4, NULL, '0.00', '0.00', NULL, 1, 1, 1, '2019-09-19 04:40:39', '2019-09-19 04:40:39'),
(275, '451090300000', 'COOPÉRATIVE DE CRÉDIT ET AUTRES COOPÉRATIVES DE CRÉDIT', 'CREDIT UNION AND OTHER CREDIT UNIONS', '451090', 4, NULL, '0.00', '0.00', NULL, 1, 1, 1, '2019-09-19 04:40:39', '2019-09-19 04:40:39'),
(276, '451040000000', 'COOPÉRATIVES DE CRÉDIT ET AUTRES IMF', 'CREDIT UNIONS AND OTHER MFIS', '451040', 4, NULL, '0.00', '0.00', NULL, 1, 1, 1, '2019-09-19 04:40:40', '2019-09-19 04:40:40'),
(277, '452020000000', 'LIAISON ATM', 'ATM LIAISON', '452020', 4, NULL, '0.00', '0.00', NULL, 1, 1, 1, '2019-09-19 04:40:40', '2019-09-19 04:40:40'),
(278, '452090000000', 'ATM AZOBE LIAISON CAMCCUL', 'ATM AZOBE LIAISON CAMCCUL', '452090', 4, NULL, '0.00', '0.00', NULL, 1, 1, 1, '2019-09-19 04:40:40', '2019-09-19 04:40:40'),
(279, '452090100000', 'FRAIS AT-ATM CAMCCUL', 'ATM FEES CAMCCUL', '452090', 4, NULL, '0.00', '0.00', NULL, 1, 1, 1, '2019-09-19 04:40:40', '2019-09-19 04:40:40'),
(280, '452090200000', 'VPN/ATM COMMISSION CAMCCUL', 'VPN/ATM COMMISSION CAMCCUL', '452090', 4, NULL, '0.00', '0.00', NULL, 1, 1, 1, '2019-09-19 04:40:40', '2019-09-19 04:40:40'),
(281, '459010000000', 'CORRESPONDANCE EXPRESSE EN ESPÈCES', 'EXPRESS CASH CORRESPONDENCE', '459010', 4, NULL, '0.00', '0.00', NULL, 1, 1, 1, '2019-09-19 04:40:40', '2019-09-19 04:40:40'),
(282, '459020000000', 'ATM COMM/FEES CORRESPONSE', 'ATM COMM/FEES CORRESPONSE', '459020', 4, NULL, '0.00', '0.00', NULL, 1, 1, 1, '2019-09-19 04:40:40', '2019-09-19 04:40:40'),
(283, '452090300000', 'LIAISON INTERNE', 'INTERNAL LIAISON', '452090', 4, NULL, '0.00', '0.00', NULL, 1, 1, 1, '2019-09-19 04:40:40', '2019-09-19 04:40:40'),
(284, '460000000000', 'DÉBITEURS ET CRÉANCIERS DIVERS', 'SUNDRY DEBTORS & CREDITORS', '460000', 4, NULL, '0.00', '0.00', NULL, 1, 1, 1, '2019-09-19 04:40:40', '2019-09-19 04:40:40'),
(285, '463100000000', 'DIFICIT EN ESPÈCES', 'CASH DIFICIT', '463100', 4, NULL, '0.00', '0.00', NULL, 1, 1, 1, '2019-09-19 04:40:40', '2019-09-19 04:40:40'),
(286, '463200000000', 'EXCÉDENT DE TRÉSORERIE', 'CASH SURPLUS', '463200', 4, NULL, '0.00', '0.00', NULL, 1, 1, 1, '2019-09-19 04:40:40', '2019-09-19 04:40:40'),
(287, '463300000000', 'DIFFÉRENCE DE LEDGER (DÉBIT)', 'LEDGER DIFFERENCE (DEBIT)', '463300', 4, NULL, '0.00', '0.00', NULL, 1, 1, 1, '2019-09-19 04:40:40', '2019-09-19 04:40:40'),
(288, '463400000000', 'DIFFÉRENCE DE LEDGER (CRÉDIT)', 'LEDGER DIFFERENCE (CREDIT)', '463400', 4, NULL, '0.00', '0.00', NULL, 1, 1, 1, '2019-09-19 04:40:40', '2019-09-19 04:40:40'),
(289, '463500000000', 'VOL ET FRAUDE', 'THEFT & FRAUD', '463500', 4, NULL, '0.00', '0.00', NULL, 1, 1, 1, '2019-09-19 04:40:40', '2019-09-19 04:40:40'),
(290, '466000000000', 'ÉLIMINATION D\'ACTIFS HORS RÉSEAU', 'ASSET DISPOSAL OUT OF NETWORK', '466000', 4, NULL, '0.00', '0.00', NULL, 1, 1, 1, '2019-09-19 04:40:40', '2019-09-19 04:40:40'),
(291, '466090000000', 'DISPOSITION D\'ACTIFS AU SEIN DU RÉSEAU', 'ASSET DISPOSAL WITHIN NETWORK', '466090', 4, NULL, '0.00', '0.00', NULL, 1, 1, 1, '2019-09-19 04:40:40', '2019-09-19 04:40:40'),
(292, '468111000000', 'AVANCES DE TRÉSORERIE', 'CASH ADVANCES', '468111', 4, NULL, '0.00', '0.00', NULL, 1, 1, 1, '2019-09-19 04:40:40', '2019-09-19 04:40:40'),
(293, '468210100000', 'DÉPÔT HYPOTHÉCAIRE PAYABLE', 'MORTGAGE DEPOSIT PAYABLE', '468210', 4, NULL, '0.00', '0.00', NULL, 1, 1, 1, '2019-09-19 04:40:40', '2019-09-19 04:40:40'),
(294, '468210200000', 'LÉGALISATION DES DOCUMENTS DE PRÊT', 'LEGALISATION OF LOAN DOCUMENTS', '468210', 4, NULL, '0.00', '0.00', NULL, 1, 1, 1, '2019-09-19 04:40:40', '2019-09-19 04:40:40'),
(295, '468211000000', 'MEMBRES MTN GSM DÉPOSER A / CS', 'MEMBERS MTN GSM DEPOSIT A/CS', '468211', 4, NULL, '0.00', '0.00', NULL, 1, 1, 1, '2019-09-19 04:40:40', '2019-09-19 04:40:40'),
(296, '471100000000', 'PAIEMENTS ANTICIPÉS HORS RÉSEAU (ASSURANCE, LOYERS, SERVICES PUBLICS, ETC.)', 'PREPAYMENTS OUT OF THE NETWORK (INSURANCE, RENTS, UTILITIES ETC)', '471100', 4, NULL, '0.00', '0.00', NULL, 1, 1, 1, '2019-09-19 04:40:40', '2019-09-19 04:40:40'),
(297, '471200000000', 'COMPTES DÉBITEURS', 'ACCOUNTS RECEIVABLE', '471200', 4, NULL, '0.00', '0.00', NULL, 1, 1, 1, '2019-09-19 04:40:40', '2019-09-19 04:40:40'),
(298, '471201000000', 'LOYER À RECEVOIR', 'RENT RECEIVABLE', '471201', 4, NULL, '0.00', '0.00', NULL, 1, 1, 1, '2019-09-19 04:40:40', '2019-09-19 04:40:40'),
(299, '472100000000', 'INTÉRÊTS SUR L\'ÉPARGNE PAYBLE', 'INTEREST ON SAVINGS PAYBLE', '472100', 4, NULL, '0.00', '0.00', NULL, 1, 1, 1, '2019-09-19 04:40:40', '2019-09-19 04:40:40'),
(300, '472102000000', 'OBLIGATIONS DE TRF/LIAISON DE L\'ARGENT', 'MONEY TRF/LIAISON LIABILITIES', '472102', 4, NULL, '0.00', '0.00', NULL, 1, 1, 1, '2019-09-19 04:40:40', '2019-09-19 04:40:40'),
(301, '472103000000', 'AUTRES CRÉANCIERS DIVERS', 'OTHER SUNDRY CREDITORS', '472103', 4, NULL, '0.00', '0.00', NULL, 1, 1, 1, '2019-09-19 04:40:41', '2019-09-19 04:40:41'),
(302, '472190100000', 'COMMISSION VPN/ATM CAMCCUL', 'VPN/ATM CAMCCUL COMMISSION', '472190', 4, NULL, '0.00', '0.00', NULL, 1, 1, 1, '2019-09-19 04:40:41', '2019-09-19 04:40:41'),
(303, '472200010000', 'INTÉRÊTS BANCAIRES PERÇUS À L\'AVANCE', 'BANK INTEREST RECEIVED IN ADVANCE', '472200', 4, NULL, '0.00', '0.00', NULL, 1, 1, 1, '2019-09-19 04:40:41', '2019-09-19 04:40:41'),
(304, '472200020000', 'CHIFFRE D\'AFFAIRES REÇU À L\'AVANCE', 'REVENUE RECEIVED IN ADVANCE', '472200', 4, NULL, '0.00', '0.00', NULL, 1, 1, 1, '2019-09-19 04:40:41', '2019-09-19 04:40:41'),
(305, '472200030000', 'AUTRES REVENUS REÇUS À L\'AVANCE', 'OTHER INCOMES RECEIVED IN ADVANCE', '472200', 4, NULL, '0.00', '0.00', NULL, 1, 1, 1, '2019-09-19 04:40:41', '2019-09-19 04:40:41'),
(306, '472220400000', 'LOYERS REÇUS À L\'AVANCE', 'RENTS  RECEIVED IN ADVANCE', '472220', 4, NULL, '0.00', '0.00', NULL, 1, 1, 1, '2019-09-19 04:40:41', '2019-09-19 04:40:41'),
(307, '490000000000', 'DISPOSITIONS RELATIVES AUX AVANCES AUX FOURNISSEURS', 'PROVISIONS FOR ADVANCES TO SUPPLIERS ', '490000', 4, NULL, '0.00', '0.00', NULL, 1, 1, 1, '2019-09-19 04:40:41', '2019-09-19 04:40:41'),
(308, '491000000000', 'PROVISION POUR COMPTES DÉBITEURS', 'PROVISION FOR ACCOUNTS RECEIVABLE', '491000', 4, NULL, '0.00', '0.00', NULL, 1, 1, 1, '2019-09-19 04:40:41', '2019-09-19 04:40:41'),
(309, '493000000000', 'DISPOSITIONS RELATIVES AUX CRÉANCES D\'INTÉRÊTS', 'PROVISIONS FOR INTERESTE RECEIVABLE', '493000', 4, NULL, '0.00', '0.00', NULL, 1, 1, 1, '2019-09-19 04:40:41', '2019-09-19 04:40:41'),
(310, '493010000000', 'DISPOSITIONS POUR LES DIFFÉRENCES DE LEDGER', 'PROVISIONS FOR LEDGER DIFFERENCES', '493010', 4, NULL, '0.00', '0.00', NULL, 1, 1, 1, '2019-09-19 04:40:41', '2019-09-19 04:40:41'),
(311, '495020000000', 'DISPOSITIONS SUR LE SIÈGE SOCIAL ET LES SUCCURSALES DES CAISSES DE CRÉDIT', 'PROVISIONS ON CREDIT UNION HEAD OFFICE AND BRANCHES', '495020', 4, NULL, '0.00', '0.00', NULL, 1, 1, 1, '2019-09-19 04:40:41', '2019-09-19 04:40:41'),
(312, '495030000000', 'DISPOSITIONS SUR LA DIRECTION DES COOPÉRATIVES DE CRÉDIT ET D\'AUTRES SUCCURSALES', 'PROVISIONS ON CREDIT UNION BRANCH AND OTHER BRANCHES', '495030', 4, NULL, '0.00', '0.00', NULL, 1, 1, 1, '2019-09-19 04:40:41', '2019-09-19 04:40:41'),
(313, '495040000000', 'DISPOSITIONS SUR LES COOPÉRATIVES DE CRÉDIT ET AUTRES COOPÉRATIVES DE CRÉDIT', 'PROVISIONS ON CREDIT UNION AND OTHER CREDIT UNIONS', '495040', 4, NULL, '0.00', '0.00', NULL, 1, 1, 1, '2019-09-19 04:40:41', '2019-09-19 04:40:41'),
(314, '495050000000', 'DISPOSITIONS SUR LES COOPÉRATIVES DE CRÉDIT ET AUTRES IMF', 'PROVISIONS ON CREDIT UNIONS AND OTHER MFIS', '495050', 4, NULL, '0.00', '0.00', NULL, 1, 1, 1, '2019-09-19 04:40:41', '2019-09-19 04:40:41'),
(315, '542200000000', 'DÉPÔTS À TERME AUPRÈS DES BANQUES ASSOCIÉES (UBC)', 'TERM DEPOSITS WITH ASSOCIATED BANKS (UBC)', '542200', 4, NULL, '0.00', '0.00', NULL, 1, 1, 1, '2019-09-19 04:40:41', '2019-09-19 04:40:41'),
(316, '542300000000', 'DÉPÔTS À TERME AUPRÈS DE BANQUES NON ASSOCIÉES', 'TERM DEPOSITS WITH NON-ASSOCIATED BANKS', '542300', 4, NULL, '0.00', '0.00', NULL, 1, 1, 1, '2019-09-19 04:40:41', '2019-09-19 04:40:41'),
(317, '560210000000', 'COMPTES D\'ÉPARGNE DE L\'UBC', 'UBC SAVINGS ACCOUNTS', '560210', 4, NULL, '0.00', '0.00', NULL, 1, 1, 1, '2019-09-19 04:40:41', '2019-09-19 04:40:41'),
(318, '560220000000', 'COMPTE COURANT DE L\'UBC', 'UBC CURRENT ACCOUNT', '560220', 4, NULL, '0.00', '0.00', NULL, 1, 1, 1, '2019-09-19 04:40:41', '2019-09-19 04:40:41'),
(319, '560310100000', 'COMPTES D\'ÉPARGNE BICEC', 'BICEC SAVINGS ACCOUNTS', '560310', 4, NULL, '0.00', '0.00', NULL, 1, 1, 1, '2019-09-19 04:40:41', '2019-09-19 04:40:41'),
(320, '560310200000', 'COMPTES D\'ÉPARGNE SGBC', 'SGBC SAVINGS ACCOUNTS', '560310', 4, NULL, '0.00', '0.00', NULL, 1, 1, 1, '2019-09-19 04:40:41', '2019-09-19 04:40:41'),
(321, '560310300000', 'AFRILAND FIRST BANK ÉPARGNE A/CS', 'AFRILAND FIRST BANK SAVINGS A/CS', '560310', 4, NULL, '0.00', '0.00', NULL, 1, 1, 1, '2019-09-19 04:40:41', '2019-09-19 04:40:41'),
(322, '560310400000', 'COMPTES D\'ÉPARGNE BANCAIRES ALANTIQUE', 'BANK ALANTIQUE SAVINGS ACCOUNTS', '560310', 4, NULL, '0.00', '0.00', NULL, 1, 1, 1, '2019-09-19 04:40:41', '2019-09-19 04:40:41'),
(323, '560310500000', 'COMPTES D\'ÉPARGNE NFC', 'NFC SAVINGS ACCOUNTS', '560310', 4, NULL, '0.00', '0.00', NULL, 1, 1, 1, '2019-09-19 04:40:41', '2019-09-19 04:40:41'),
(324, '560310600000', 'COMPTES D\'ÉPARGNE ECOBANK', 'ECOBANK SAVINGS ACCOUNTS', '560310', 4, NULL, '0.00', '0.00', NULL, 1, 1, 1, '2019-09-19 04:40:41', '2019-09-19 04:40:41'),
(325, '560312100000', 'LA REGIONALE D\'EPARGNE ET CRÉDIT', 'LA REGIONALE D\'EPARGNE ET CREDIT', '560312', 4, NULL, '0.00', '0.00', NULL, 1, 1, 1, '2019-09-19 04:40:41', '2019-09-19 04:40:41'),
(326, '560312200000', 'COMPTES D\'ÉPARGNE CCC', 'CCC SAVINGS ACCOUNTS', '560312', 4, NULL, '0.00', '0.00', NULL, 1, 1, 1, '2019-09-19 04:40:41', '2019-09-19 04:40:41'),
(327, '560320100000', 'COMPTE DE RÈGLEMENT WESTERN UNION', 'WESTERN UNION SETTLEMENT ACCOUNT', '560320', 4, NULL, '0.00', '0.00', NULL, 1, 1, 1, '2019-09-19 04:40:41', '2019-09-19 04:40:41'),
(328, '560320200000', 'ARGENT ÉLECTRONIQUE D\'ORANGE', 'ELECTRONIC ORANGE MONEY', '560320', 4, NULL, '0.00', '0.00', NULL, 1, 1, 1, '2019-09-19 04:40:41', '2019-09-19 04:40:41'),
(329, '560320300000', 'COMPTE COURANT AFRILAND', 'AFRILAND CURRENT ACCOUNT', '560320', 4, NULL, '0.00', '0.00', NULL, 1, 1, 1, '2019-09-19 04:40:41', '2019-09-19 04:40:41'),
(330, '560320500000', 'COMPTES COURANTS NFC', 'NFC CURRENT ACCOUNTS', '560320', 4, NULL, '0.00', '0.00', NULL, 1, 1, 1, '2019-09-19 04:40:41', '2019-09-19 04:40:41'),
(331, '560320600000', 'COMPTE COURANT ECOBANK', 'ECOBANK CURRENT ACCOUNT', '560320', 4, NULL, '0.00', '0.00', NULL, 1, 1, 1, '2019-09-19 04:40:42', '2019-09-19 04:40:42'),
(332, '560320700000', 'AUTRES BANQUES', 'OTHER BANKS', '560320', 4, NULL, '0.00', '0.00', NULL, 1, 1, 1, '2019-09-19 04:40:42', '2019-09-19 04:40:42'),
(333, '560391010000', 'ÉPARGNE AVEC LES IMF AFFILIÉES AU RÉSEAU', 'SAVINGS WITH MFIS AFFILIATED TO THE NETWORK', '560391', 4, NULL, '0.00', '0.00', NULL, 1, 1, 1, '2019-09-19 04:40:42', '2019-09-19 04:40:42'),
(334, '560391020000', 'ÉPARGNE AVEC D\'AUTRES IMF', 'SAVINGS WITH OTHER MFIS ', '560391', 4, NULL, '0.00', '0.00', NULL, 1, 1, 1, '2019-09-19 04:40:42', '2019-09-19 04:40:42'),
(335, '560710010000', 'COMPTE D\'ÉPARGNE POSTALE', 'POST OFFICE SAVINGS ACCOUNT', '560710', 4, NULL, '0.00', '0.00', NULL, 1, 1, 1, '2019-09-19 04:40:42', '2019-09-19 04:40:42'),
(336, '560710020000', 'COMPTE COURANT DU BUREAU DE POSTE', 'POST OFFICE CURRENT ACCOUNT', '560710', 4, NULL, '0.00', '0.00', NULL, 1, 1, 1, '2019-09-19 04:40:42', '2019-09-19 04:40:42'),
(337, '560391100000', 'DÉPÔT FIXE SPÉCIAL DE LA LIGUE A/C', 'LEAGUE SPECIAL FIXED DEPOSIT A/CS', '560391', 4, NULL, '0.00', '0.00', NULL, 1, 1, 1, '2019-09-19 04:40:42', '2019-09-19 04:40:42'),
(338, '560392000000', 'DÉPÔT RÉGULIER DE LA LIGUE', 'LEAGUE REGULAR DEPOSIT', '560392', 4, NULL, '0.00', '0.00', NULL, 1, 1, 1, '2019-09-19 04:40:42', '2019-09-19 04:40:42'),
(339, '560392100000', 'COMPTES DE DÉPÔT IPS', 'IPS DEPOSIT ACCOUNTS', '560392', 4, NULL, '0.00', '0.00', NULL, 1, 1, 1, '2019-09-19 04:40:42', '2019-09-19 04:40:42'),
(340, '560392200000', 'COMPTES DE DÉPÔT DE LA LIGUE TELECASH', 'LEAGUE TELECASH DEPOSIT ACCOUNTS', '560392', 4, NULL, '0.00', '0.00', NULL, 1, 1, 1, '2019-09-19 04:40:42', '2019-09-19 04:40:42'),
(341, '560392300000', 'LIGUE MTN GSM DÉPÔT A/C', 'LEAGUE MTN GSM DEPOSIT A/C', '560392', 4, NULL, '0.00', '0.00', NULL, 1, 1, 1, '2019-09-19 04:40:42', '2019-09-19 04:40:42'),
(342, '571000000000', 'ESPECES DANS LE COFFRE-FORT', 'CASH IN VAULT', '571000', 4, NULL, '0.00', '0.00', NULL, 1, 1, 1, '2019-09-19 04:40:42', '2019-09-19 04:40:42'),
(343, '571010000000', 'ESPECES SUR LA MAIN', 'CASH ON HAND', '571010', 4, NULL, '0.00', '0.00', NULL, 1, 1, 1, '2019-09-19 04:40:42', '2019-09-19 04:40:42'),
(344, '571020000000', 'ESPECES GAB SUR LA MAIN', 'ATM CASH ON HAND', '571020', 4, NULL, '0.00', '0.00', NULL, 1, 1, 1, '2019-09-19 04:40:42', '2019-09-19 04:40:42'),
(345, '571030000000', 'PETITE TRÉSORERIE IMPRESSIONNER', 'PETTY CASH IMPRESS', '571030', 4, NULL, '0.00', '0.00', NULL, 1, 1, 1, '2019-09-19 04:40:42', '2019-09-19 04:40:42'),
(346, '571100000000', 'FOREINGN CORRENCY (EN)', 'FOREINGN CORRENCY', '571100', 4, NULL, '0.00', '2118500.00', NULL, 1, 1, 1, '2019-11-19 12:56:38', '2019-09-19 04:40:42'),
(347, '592100000000', 'DISPOSITIONS SUR LES COMPTES BANCAIRES', 'PROVISIONS ON BANK ACCOUNTS', '592100', 4, NULL, '0.00', '0.00', NULL, 1, 1, 1, '2019-09-19 04:40:42', '2019-09-19 04:40:42'),
(348, '610000000000', 'INTÉRÊT SUR LES OPÉRATIONS AVEC LES MEMBRES', 'INTEREST ON OPERATIONS WITH MEMBERS', '610000', 4, NULL, '0.00', '0.00', NULL, 1, 1, 1, '2019-09-19 04:40:42', '2019-09-19 04:40:42'),
(349, '612000000000', 'INTÉRÊTS SUR LES DÉPÔTS À TERME', 'INTEREST ON TERM DEPOSITS', '612000', 4, NULL, '0.00', '0.00', NULL, 1, 1, 1, '2019-09-19 04:40:42', '2019-09-19 04:40:42'),
(350, '613000000000', 'INTÉRÊTS SUR L\'ÉPARGNE', 'INTEREST ON SAVINGS', '613000', 4, NULL, '0.00', '0.00', NULL, 1, 1, 1, '2019-09-19 04:40:42', '2019-09-19 04:40:42'),
(351, '615000000000', 'INTÉRÊT SUR LES OPÉRATIONS AVEC LES IMF', 'INTEREST ON OPERATIONS WITH MFIS', '615000', 4, NULL, '0.00', '0.00', NULL, 1, 1, 1, '2019-09-19 04:40:42', '2019-09-19 04:40:42'),
(352, '615100000000', 'INTÉRÊT SUR LES OPÉRATIONS AVEC LES IMF HORS RÉSEAU', 'INTEREST ON OPERATIONS WITH MFIS OUT OF THE NETWORK', '615100', 4, NULL, '0.00', '0.00', NULL, 1, 1, 1, '2019-09-19 04:40:42', '2019-09-19 04:40:42'),
(353, '615190000000', 'INTÉRÊT SUR LES OPÉRATIONS AVEC LES IMF AU SEIN DU RÉSEAU', 'INTEREST ON OPERATIONS WITH MFIS WITHIN THE NETWORK', '615190', 4, NULL, '0.00', '0.00', NULL, 1, 1, 1, '2019-09-19 04:40:42', '2019-09-19 04:40:42'),
(354, '615192000000', 'INTÉRÊTS SUR D\'AUTRES COMPTES CU (NIVEAU CU)', 'INTEREST ON OTHER CU ACCOUNTS (CU LEVEL)', '615192', 4, NULL, '0.00', '0.00', NULL, 1, 1, 1, '2019-09-19 04:40:42', '2019-09-19 04:40:42'),
(355, '626000000000', 'FRAIS', 'BANK CHARGES', '626000', 4, NULL, '0.00', '0.00', NULL, 1, 1, 1, '2019-09-19 04:40:42', '2019-09-19 04:40:42'),
(356, '631990000000', 'INTÉRÊTS SUR LES PRÊTS DE LA LIGUE', 'INTEREST ON LEAGUE LOANS', '631990', 4, NULL, '0.00', '0.00', NULL, 1, 1, 1, '2019-09-19 04:40:42', '2019-09-19 04:40:42'),
(357, '640100000000', 'ACHAT DE STATIONS VENDABLES HORS RÉSEAU', 'PURCHASE OF SALEABLE STATIONERIES OUT OF THE NETWORK', '640100', 4, NULL, '0.00', '0.00', NULL, 1, 1, 1, '2019-09-19 04:40:42', '2019-09-19 04:40:42'),
(358, '640190000000', 'ACHAT DE STATIONS VENDABLES AU SEIN DU RÉSEAU', 'PURCHASE OF SALEABLE STATIONERIES WITHIN THE NETWORK', '640190', 4, NULL, '0.00', '0.00', NULL, 1, 1, 1, '2019-09-19 04:40:42', '2019-09-19 04:40:42'),
(359, '641600000000', 'ACHAT DE PAPILLES CONSOMMABLES HORS DU RÉSEAU', 'PURCHASE OF CONSUMABLE STATIONERIES OUT OF THE NETWORK', '641600', 4, NULL, '0.00', '0.00', NULL, 1, 1, 1, '2019-09-19 04:40:42', '2019-09-19 04:40:42'),
(360, '641601000000', 'COMMISSIONS ET DÉPENSES SUR LES OPÉRATIONS DE TRANSFERT DE FONDS', 'COMMISSIONS AND EXPENSES ON FUND TRANSFER OPERATIONS', '641601', 4, NULL, '0.00', '0.00', NULL, 1, 1, 1, '2019-09-19 04:40:42', '2019-09-19 04:40:42'),
(361, '641690000000', 'ACHAT DE PAPILLES CONSOMMABLES AU SEIN DU RÉSEAU', 'PURCHASE OF CONSUMABLE STATIONERIES WITHIN THE NETWORK', '641690', 4, NULL, '0.00', '0.00', NULL, 1, 1, 1, '2019-09-19 04:40:42', '2019-09-19 04:40:42'),
(362, '651000000000', 'DÉPENSES DE PERSONNEL', 'PERSONNEL EXPENSES', '651000', 4, NULL, '0.00', '0.00', NULL, 1, 1, 1, '2019-09-19 04:40:42', '2019-09-19 04:40:42'),
(363, '651010000000', 'SALAIRE DES CADRES SUPÉRIEURS', 'SALARY OF SENIOR STAFF', '651010', 4, NULL, '0.00', '0.00', NULL, 1, 1, 1, '2019-09-19 04:40:42', '2019-09-19 04:40:42'),
(364, '651020000000', 'SALAIRE DU PERSONNEL INTERMÉDIAIRE', 'SALARY OF INTERMEDIARY STAFF', '651020', 4, NULL, '0.00', '0.00', NULL, 1, 1, 1, '2019-09-19 04:40:42', '2019-09-19 04:40:42'),
(365, '651100000000', 'SALAIRE DU PERSONNEL SUBALTERNE PERMANENT', 'SALARY OF PERMANENT JUNIOR STAFF', '651100', 4, NULL, '0.00', '0.00', NULL, 1, 1, 1, '2019-09-19 04:40:43', '2019-09-19 04:40:43'),
(366, '651200000000', 'SALAIRE DU PERSONNEL DE SOUTIEN', 'SALARY FOR SUPPORT STAFF', '651200', 4, NULL, '0.00', '0.00', NULL, 1, 1, 1, '2019-09-19 04:40:43', '2019-09-19 04:40:43'),
(367, '651300000000', 'SALAIRE DU PERSONNEL TEMPOREL', 'SALARY OF TEMPORAL STAFF', '651300', 4, NULL, '0.00', '0.00', NULL, 1, 1, 1, '2019-09-19 04:40:43', '2019-09-19 04:40:43'),
(368, '651400000000', 'NSIF (CONTRIBUTION DE L\'EMPLOYEUR)', 'NSIF (EMPLOYER CONTRIBUTION)', '651400', 4, NULL, '0.00', '0.00', NULL, 1, 1, 1, '2019-09-19 04:40:43', '2019-09-19 04:40:43'),
(369, '651500000000', 'PRESTATIONS', 'SOCIAL BENEFITS', '651500', 4, NULL, '0.00', '0.00', NULL, 1, 1, 1, '2019-09-19 04:40:43', '2019-09-19 04:40:43'),
(370, '651600000000', 'LOYERS DU PERSONNEL', 'STAFF RENTS', '651600', 4, NULL, '0.00', '0.00', NULL, 1, 1, 1, '2019-09-19 04:40:43', '2019-09-19 04:40:43'),
(371, '651700000000', 'INDEMNITÉS DE SERVICE', 'DUTY ALLOWANCES', '651700', 4, NULL, '0.00', '0.00', NULL, 1, 1, 1, '2019-09-19 04:40:43', '2019-09-19 04:40:43'),
(372, '651800000000', 'PRESTATIONS DE CONGÉ', 'LEAVE BENEFITS', '651800', 4, NULL, '0.00', '0.00', NULL, 1, 1, 1, '2019-09-19 04:40:43', '2019-09-19 04:40:43'),
(373, '651900000000', 'FRAIS DE TRANSFERT DU PERSONNEL', 'PERSONNEL TRANSFER EXPENSES', '651900', 4, NULL, '0.00', '0.00', NULL, 1, 1, 1, '2019-09-19 04:40:43', '2019-09-19 04:40:43'),
(374, '652000000000', 'AUTRES CHARGES GÉNÉRALES D\'EXPLOITATION', 'OTHER GENERAL OPERATING EXPENSES', '652000', 4, NULL, '0.00', '0.00', NULL, 1, 1, 1, '2019-09-19 04:40:43', '2019-09-19 04:40:43'),
(375, '652110000000', 'ÉLECTRICITÉ ET EAU EXP.', 'ELECTRICITY & WATER  EXP.', '652110', 4, NULL, '0.00', '0.00', NULL, 1, 1, 1, '2019-09-19 04:40:43', '2019-09-19 04:40:43'),
(376, '652111000000', 'FRAIS DE FONCTIONNEMENT DE VOITURE', 'CAR RUNNING EXPENSES', '652111', 4, NULL, '0.00', '0.00', NULL, 1, 1, 1, '2019-09-19 04:40:43', '2019-09-19 04:40:43'),
(377, '652112000000', 'COÛT DE FONCTIONNEMENT DU GÉNÉRATEUR', 'GENERATOR RUNNING COST', '652112', 4, NULL, '0.00', '0.00', NULL, 1, 1, 1, '2019-09-19 04:40:43', '2019-09-19 04:40:43'),
(378, '652130000000', 'PHOTOCOPIE, IMPRESSION ET DOCUMENTATION', 'PHOTOCOPY, PRINTING & DOCUMENTATION', '652130', 4, NULL, '0.00', '0.00', NULL, 1, 1, 1, '2019-09-19 04:40:43', '2019-09-19 04:40:43'),
(379, '652140000000', 'MATÉRIEL DE NETTOYAGE', 'CLEANING MATERIAL', '652140', 4, NULL, '0.00', '0.00', NULL, 1, 1, 1, '2019-09-19 04:40:43', '2019-09-19 04:40:43'),
(380, '652420000000', 'FRAIS D\'INSPECTION', 'INSPECTION EXPENSES', '652420', 4, NULL, '0.00', '0.00', NULL, 1, 1, 1, '2019-09-19 04:40:43', '2019-09-19 04:40:43'),
(381, '652200000000', 'TRANSPORT', 'TRANSPORTATION', '652200', 4, NULL, '0.00', '0.00', NULL, 1, 1, 1, '2019-09-19 04:40:43', '2019-09-19 04:40:43'),
(382, '652310000000', 'POSTE ET TÉLÉCOMS. FRAIS', 'POST & TELECOM. EXPENSES', '652310', 4, NULL, '0.00', '0.00', NULL, 1, 1, 1, '2019-09-19 04:40:43', '2019-09-19 04:40:43'),
(383, '652310100000', 'FRAIS D\'INTERCONNECTIVITÉ', 'INTERCONNECTIVITY CHARGES', '652310', 4, NULL, '0.00', '0.00', NULL, 1, 1, 1, '2019-09-19 04:40:43', '2019-09-19 04:40:43'),
(384, '652320000000', 'VOYAGER ET STATION DE SORTIE', 'TRAVELLING & OUTSTATION', '652320', 4, NULL, '0.00', '0.00', NULL, 1, 1, 1, '2019-09-19 04:40:43', '2019-09-19 04:40:43'),
(385, '652330000000', 'RELATIONS', 'PUBLIC RELATIONS', '652330', 4, NULL, '0.00', '0.00', NULL, 1, 1, 1, '2019-09-19 04:40:43', '2019-09-19 04:40:43'),
(386, '652340000000', 'LOYERS', 'RENTS', '652340', 4, NULL, '0.00', '0.00', NULL, 1, 1, 1, '2019-09-19 04:40:43', '2019-09-19 04:40:43'),
(387, '652350000000', 'FRAIS JURIDIQUES', 'LEGAL EXPENSES', '652350', 4, NULL, '0.00', '0.00', NULL, 1, 1, 1, '2019-09-19 04:40:43', '2019-09-19 04:40:43'),
(388, '652360000000', 'RÉPARATIONS ET ENTRETIEN', 'REPAIRS & MAINTENANCE', '652360', 4, NULL, '0.00', '0.00', NULL, 1, 1, 1, '2019-09-19 04:40:43', '2019-09-19 04:40:43'),
(389, '652370000000', 'FRAIS DE MAINTENANCE INFORMATIQUE ET LOGICIELLE (ALPHA ETC.)', 'COMPUTER AND SOFTWARE MAINTENANCE FEE (ALPHA ETC)', '652370', 4, NULL, '0.00', '0.00', NULL, 1, 1, 1, '2019-09-19 04:40:43', '2019-09-19 04:40:43'),
(390, '652380100000', 'PROMOTION', 'PROMOTION', '652380', 4, NULL, '0.00', '0.00', NULL, 1, 1, 1, '2019-09-19 04:40:43', '2019-09-19 04:40:43'),
(391, '652380200000', 'AUTRES FRAIS ADMINISTRATIFS', 'OTHER ADMINISTRATIVE EXPENSES', '652380', 4, NULL, '0.00', '0.00', NULL, 1, 1, 1, '2019-09-19 04:40:43', '2019-09-19 04:40:43'),
(392, '652510100000', 'ASSEMBLÉE GÉNÉRALE', 'GENERAL ASSEMBLY', '652510', 4, NULL, '0.00', '0.00', NULL, 1, 1, 1, '2019-09-19 04:40:43', '2019-09-19 04:40:43'),
(393, '652510200000', 'FRAIS DU CONSEIL D\'ADMINISTRATION ET DE LA COMMISSION', 'BOARD & COMM. EXPENSES', '652510', 4, NULL, '0.00', '0.00', NULL, 1, 1, 1, '2019-09-19 04:40:44', '2019-09-19 04:40:44'),
(394, '652550000000', 'FRAIS DE FORMATION DU PERSONNEL', 'PERSONNEL TRAINING EXPENSES', '652550', 4, NULL, '0.00', '0.00', NULL, 1, 1, 1, '2019-09-19 04:40:44', '2019-09-19 04:40:44'),
(395, '652560100000', 'FRAIS DE RECOUVREMENT', 'RECOVERY EXPENSES', '652560', 4, NULL, '0.00', '0.00', NULL, 1, 1, 1, '2019-09-19 04:40:44', '2019-09-19 04:40:44'),
(396, '652560200000', 'SERVICE DE SÉCURITÉ EXP.', 'SECURITY SERVICE EXP.', '652560', 4, NULL, '0.00', '0.00', NULL, 1, 1, 1, '2019-09-19 04:40:44', '2019-09-19 04:40:44'),
(397, '652560300000', 'AUTRES DÉPENSES', 'OTHER EXPENSES', '652560', 4, NULL, '0.00', '0.00', NULL, 1, 1, 1, '2019-09-19 04:40:44', '2019-09-19 04:40:44'),
(398, '652540100000', 'CONTRIBUTIONS PROFESSIONNELLES ANEMCAM', 'PROFESSIONAL CONTRIBUTIONS ANEMCAM', '652540', 4, NULL, '0.00', '0.00', NULL, 1, 1, 1, '2019-09-19 04:40:44', '2019-09-19 04:40:44'),
(399, '652490000000', 'LIGUE ET COTISATIONS DE CHAPITRE', 'LEAGUE & CHAPTER DUES', '652490', 4, NULL, '0.00', '0.00', NULL, 1, 1, 1, '2019-09-19 04:40:44', '2019-09-19 04:40:44'),
(400, '652520000000', 'CONTRIBUTIONS IPS', 'IPS CONTRIBUTIONS', '652520', 4, NULL, '0.00', '0.00', NULL, 1, 1, 1, '2019-09-19 04:40:44', '2019-09-19 04:40:44'),
(401, '660000000000', 'IMPÔTS ET TAUX', 'TAXES AND RATES', '660000', 4, NULL, '0.00', '0.00', NULL, 1, 1, 1, '2019-09-19 04:40:44', '2019-09-19 04:40:44'),
(402, '661000000000', 'IMPÔTS DIRECTS', 'DIRECT TAXES', '661000', 4, NULL, '0.00', '0.00', NULL, 1, 1, 1, '2019-09-19 04:40:44', '2019-09-19 04:40:44'),
(403, '662000000000', 'IMPÔTS INDIRECTS', 'INDIRECT TAXES', '662000', 4, NULL, '0.00', '0.00', NULL, 1, 1, 1, '2019-09-19 04:40:44', '2019-09-19 04:40:44'),
(404, '663000000000', 'DROITS DE TIMBRE', 'STAMP DUTIES', '663000', 4, NULL, '0.00', '0.00', NULL, 1, 1, 1, '2019-09-19 04:40:44', '2019-09-19 04:40:44'),
(405, '664000000000', 'AMENDES ET PÉNALITÉS', 'FINES & PENALTIES', '664000', 4, NULL, '0.00', '0.00', NULL, 1, 1, 1, '2019-09-19 04:40:44', '2019-09-19 04:40:44'),
(406, '665000000000', 'AUTRES TAUX ET TAXES', 'OTHER RATES & TAXES', '665000', 4, NULL, '0.00', '0.00', NULL, 1, 1, 1, '2019-09-19 04:40:44', '2019-09-19 04:40:44'),
(407, '680000000000', 'DÉPRÉCIATION ET PROVISIONS', 'DEPRECIATION AND PROVISIONS', '680000', 4, NULL, '0.00', '0.00', NULL, 1, 1, 1, '2019-09-19 04:40:44', '2019-09-19 04:40:44'),
(408, '680100000000', 'FRAIS D\'AMORTISSEMENT DES CHARGES CAPITALISÉES', 'DEPRECIATION CHARGES FOR CAPITALISED EXPENSES', '680100', 4, NULL, '0.00', '0.00', NULL, 1, 1, 1, '2019-09-19 04:40:44', '2019-09-19 04:40:44'),
(409, '680200000000', 'FRAIS D\'AMORTISSEMENT DES IMMOBILISATIONS INCORPORELLES', 'DEPRECIATION CHARGES FOR INTANGIBLE FIXED ASSETS', '680200', 4, NULL, '0.00', '0.00', NULL, 1, 1, 1, '2019-09-19 04:40:44', '2019-09-19 04:40:44'),
(410, '682100000000', 'FRAIS D\'AMORTISSEMENT POUR LES IMMEUBLES DE BUREAUX', 'DEPRECIATION CHARGES FOR OFFICE BUILDINGS', '682100', 4, NULL, '0.00', '0.00', NULL, 1, 1, 1, '2019-09-19 04:40:44', '2019-09-19 04:40:44'),
(411, '682200000000', 'FRAIS D\'AMORTISSEMENT POUR LES BUIDLINGS SUR LE LOYER', 'DEPRECIATION CHARGES FOR BUIDLINGS ON RENT', '682200', 4, NULL, '0.00', '0.00', NULL, 1, 1, 1, '2019-09-19 04:40:44', '2019-09-19 04:40:44'),
(412, '682400000000', 'FRAIS D\'AMORTISSEMENT POUR LES ORDINATEURS DE BUREAU, LES VÉHICULES ET LES CYCLES', 'DEPRECIATION CHARGES FOR OFFICE COMPUTERS, VEHICLES & CYCLES', '682400', 4, NULL, '0.00', '0.00', NULL, 1, 1, 1, '2019-09-19 04:40:44', '2019-09-19 04:40:44'),
(413, '690000000000', 'DÉPENSES DE PROVISION ET PERTES SUR PRÊTS IRRÉCUPÉRABLES', 'PROVISION EXPENSES AND LOSSES ON IRRECOVERABLE LOANS', '690000', 4, NULL, '0.00', '0.00', NULL, 1, 1, 1, '2019-09-19 04:40:44', '2019-09-19 04:40:44'),
(414, '691100000000', 'FRAIS DE PROVISION POUR RISQUES ET FRAIS', 'PROVISION EXPENSES FOR RISK AND CHARGES ', '691100', 4, NULL, '0.00', '0.00', NULL, 1, 1, 1, '2019-09-19 04:40:44', '2019-09-19 04:40:44'),
(415, '691300000000', 'FRAIS DE PROVISION POUR PRÊTS DOUBLANTS', 'PROVISION EXPENSES FOR DOUBLTFUL LOANS', '691300', 4, NULL, '0.00', '0.00', NULL, 1, 1, 1, '2019-09-19 04:40:44', '2019-09-19 04:40:44'),
(416, '691400000000', 'FRAIS DE PROVISION POUR LES COMPTES DE TIERS ET AJUSTEMENTS', 'PROVISION EXPENSES FOR THIRD PARTIES\' ACCOUNTS AND ADJUSTMENTS ', '691400', 4, NULL, '0.00', '0.00', NULL, 1, 1, 1, '2019-09-19 04:40:44', '2019-09-19 04:40:44'),
(417, '691500000000', 'FRAIS DE PROVISION POUR COMPTES DE TRÉSORERIE', 'PROVISION EXPENSES FOR TREASURY ACCOUNTS', '691500', 4, NULL, '0.00', '0.00', NULL, 1, 1, 1, '2019-09-19 04:40:44', '2019-09-19 04:40:44'),
(418, '691600000000', 'FRAIS DE PROVISION POUR COMPTES AVEC IMF HORS RÉSEAU', 'PROVISION EXPENSES FOR ACCOUNTS WITH MFIS OUT OF NETWORK', '691600', 4, NULL, '0.00', '0.00', NULL, 1, 1, 1, '2019-09-19 04:40:44', '2019-09-19 04:40:44'),
(419, '691690000000', 'FRAIS DE PROVISION POUR COMPTES AVEC IMF AU SEIN DU RÉSEAU (PRÊTS DE LA LIGUE)', 'PROVISION EXPENSES FOR ACCOUNTS WITH MFIS WITHIN THE NETWORK  (LEAGUE LOANS)', '691690', 4, NULL, '0.00', '0.00', NULL, 1, 1, 1, '2019-09-19 04:40:44', '2019-09-19 04:40:44'),
(420, '691700000000', 'FRAIS DE PROVISION POUR LES STOCKS HORS RÉSEAU', 'PROVISION EXPENSES FOR STOCKS OUT OF NETWORK ', '691700', 4, NULL, '0.00', '0.00', NULL, 1, 1, 1, '2019-09-19 04:40:44', '2019-09-19 04:40:44'),
(421, '691790000000', 'FRAIS DE PROVISION POUR STOCKS AU SEIN DU RÉSEAU', 'PROVISION EXPENSES FOR STOCKS WITHIN THE NETWORK', '691790', 4, NULL, '0.00', '0.00', NULL, 1, 1, 1, '2019-09-19 04:40:44', '2019-09-19 04:40:44'),
(422, '694000000000', 'FRAIS DE PROVISION POUR RISQUES GÉNÉRAUX', 'PROVISION EXPENSES FOR GENERAL RISKS', '694000', 4, NULL, '0.00', '0.00', NULL, 1, 1, 1, '2019-09-19 04:40:44', '2019-09-19 04:40:44'),
(423, '697100000000', 'DISPOSITIONS RÉGLEMENTAIRES POUR L\'AMORTISSEMENT DÉROGATOIRE', 'REGULATORY PROVISIONS FOR DEROGATORY AMORTIZATION', '697100', 4, NULL, '0.00', '0.00', NULL, 1, 1, 1, '2019-09-19 04:40:44', '2019-09-19 04:40:44'),
(424, '697200000000', 'AUTRES DISPOSITIONS RÉGLEMENTAIRES', 'OTHER REGULATORY PROVISIONS', '697200', 4, NULL, '0.00', '0.00', NULL, 1, 1, 1, '2019-09-19 04:40:45', '2019-09-19 04:40:45'),
(425, '700000000000', 'REVENUS DES OPÉRATIONS FINANCIÈRES', 'INCOME FROM FINANCIAL OPERATIONS ', '700000', 4, NULL, '0.00', '0.00', NULL, 1, 1, 1, '2019-09-19 04:40:45', '2019-09-19 04:40:45'),
(426, '701000000000', 'INTÉRÊTS PROVENANT D\'OBLIGATIONS DU TRÉSOR', 'INTEREST FROM TREASURY BONDS', '701000', 4, NULL, '0.00', '21185.00', NULL, 1, 1, 1, '2019-11-19 12:56:38', '2019-09-19 04:40:45'),
(427, '703000000000', 'INTÉRÊTS SUR LES DÉPÔTS À TERME AUPRÈS D\'UNE INSTITUTION FINANCIÈRE', 'INTEREST ON TERM DEPOSITS WITH FINANCIAL INSTITUTION', '703000', 4, NULL, '0.00', '0.00', NULL, 1, 1, 1, '2019-09-19 04:40:45', '2019-09-19 04:40:45'),
(428, '705000000000', 'INTÉRÊTS BANCAIRES', 'BANK INTEREST', '705000', 4, NULL, '0.00', '0.00', NULL, 1, 1, 1, '2019-09-19 04:40:45', '2019-09-19 04:40:45'),
(429, '707091000000', 'INTÉRÊT DE LA LIGUE', 'LEAGUE INTEREST', '707091', 4, NULL, '0.00', '0.00', NULL, 1, 1, 1, '2019-09-19 04:40:45', '2019-09-19 04:40:45'),
(430, '707092000000', 'INTÉRÊTS PROVENANT DES DÉPÔTS AVEC LES C AU SEIN DU RÉSEAU', 'INTEREST FROM DEPOSITS WITH CUS WITHIN THE NETWORK', '707092', 4, NULL, '0.00', '0.00', NULL, 1, 1, 1, '2019-09-19 04:40:45', '2019-09-19 04:40:45'),
(431, '710000000000', 'REVENU D\'EXPLOITATION AVEC LES MEMBRES', 'INCOME FROM OPERATIONS WITH MEMBERS', '710000', 4, NULL, '0.00', '0.00', NULL, 1, 1, 1, '2019-09-19 04:40:45', '2019-09-19 04:40:45'),
(432, '711010000000', 'INTÉRÊT DES PRÊTS LT AUX MEMBRES', 'INTEREST FROM LT LOANS TO MEMBERS', '711010', 4, NULL, '0.00', '0.00', NULL, 1, 1, 1, '2019-09-19 04:40:45', '2019-09-19 04:40:45'),
(433, '711020000000', 'INTÉRÊT SUR LES PRÊTS LT AU PERSONNEL, AUX ÉLUS ET À LEURS PROCHES', 'INTEREST ON LT LOANS TO STAFF, ELECTED OFFICIALS AND THEIR RELATIVES ', '711020', 4, NULL, '0.00', '0.00', NULL, 1, 1, 1, '2019-09-19 04:40:45', '2019-09-19 04:40:45'),
(434, '712010000000', 'INTÉRÊT DES PRÊTS MT AUX MEMBRES', 'INTEREST FROM MT LOANS TO MEMBERS', '712010', 4, NULL, '0.00', '0.00', NULL, 1, 1, 1, '2019-09-19 04:40:45', '2019-09-19 04:40:45'),
(435, '712020000000', 'INTÉRÊT SUR LES PRÊTS MT AU PERSONNEL, AUX ÉLUS ET À LEURS PROCHES', 'INTEREST ON MT LOANS TO STAFF, ELECTED OFFICIALS AND THEIR RELATIVES ', '712020', 4, NULL, '0.00', '0.00', NULL, 1, 1, 1, '2019-09-19 04:40:45', '2019-09-19 04:40:45'),
(436, '713010000000', 'INTÉRÊT DES PRÊTS ST AUX MEMBRES', 'INTEREST FROM ST LOANS TO MEMBERS', '713010', 4, NULL, '0.00', '0.00', NULL, 1, 1, 1, '2019-09-19 04:40:45', '2019-09-19 04:40:45'),
(437, '713020000000', 'INTÉRÊT SUR LES PRÊTS ST AU PERSONNEL, AUX ÉLUS ET À LEURS PROCHES', 'INTEREST ON ST LOANS TO STAFF, ELECTED OFFICIALS AND THEIR RELATIVES ', '713020', 4, NULL, '0.00', '0.00', NULL, 1, 1, 1, '2019-09-19 04:40:45', '2019-09-19 04:40:45'),
(438, '719010000000', 'INTÉRÊTS SUR LES PRÊTS D\'ÉPARGNE QUOTIDIENS', 'INTEREST ON DAILY SAVINGS LOANS', '719010', 4, NULL, '0.00', '0.00', NULL, 1, 1, 1, '2019-09-19 04:40:45', '2019-09-19 04:40:45'),
(439, '715000000000', 'REVENUS PROVENANT DES OPÉRATIONS ACCESSOIRES', 'INCOME FROM ACCESSORY OPERATIONS', '715000', 4, NULL, '0.00', '0.00', NULL, 1, 1, 1, '2019-09-19 04:40:45', '2019-09-19 04:40:45'),
(440, '715010000000', 'FRAIS DE TRAITEMENT DES PRÊTS', 'LOAN PROCESSING FEES', '715010', 4, NULL, '0.00', '0.00', NULL, 1, 1, 1, '2019-09-19 04:40:45', '2019-09-19 04:40:45'),
(441, '715020000000', 'FRAIS D\'INSPECTION DES PRÊTS', 'LOAN INSPECTION FEES', '715020', 4, NULL, '0.00', '0.00', NULL, 1, 1, 1, '2019-09-19 04:40:45', '2019-09-19 04:40:45'),
(442, '717100000000', 'INTÉRÊTS D\'EXPLOITATION (PRÊTS) AVEC LES IMF HORS DU RÉSEAU', 'INTEREST FROM OPERATIONS (LOANS) WITH MFIS OUT OF THE NETWORK', '717100', 4, NULL, '0.00', '0.00', NULL, 1, 1, 1, '2019-09-19 04:40:45', '2019-09-19 04:40:45'),
(443, '717190000000', 'INTÉRÊTS D\'EXPLOITATION (PRÊTS) AVEC IMF AU SEIN DU RÉSEAU', 'INTEREST FROM OPERATIONS (LOANS) WITH MFIS WITHIN THE NETWORK', '717190', 4, NULL, '0.00', '0.00', NULL, 1, 1, 1, '2019-09-19 04:40:45', '2019-09-19 04:40:45'),
(444, '719000000000', 'INTÉRÊTS PROVENANT D\'AUTRES PRÊTS AVEC DES MEMBRES', 'INTEREST FROM OTHER LOANS WITH MEMBERS', '719000', 4, NULL, '0.00', '0.00', NULL, 1, 1, 1, '2019-09-19 04:40:45', '2019-09-19 04:40:45'),
(445, '720100000000', 'FRAIS DE DÉPÔT', 'DEPOSIT FEES', '720100', 4, NULL, '0.00', '0.00', NULL, 1, 1, 1, '2019-09-19 04:40:45', '2019-09-19 04:40:45'),
(446, '720200000000', 'FRAIS DE RETRAIT D\'ÉPARGNE', 'SAVINGS WITHDRAWAL CHARGES', '720200', 4, NULL, '0.00', '0.00', NULL, 1, 1, 1, '2019-09-19 04:40:45', '2019-09-19 04:40:45'),
(447, '721000000000', 'CHÈQUES / FRAIS D\'OPÉRATIONS SPÉCIALES', 'CHEQUES / SPECIAL OPERATIONS CHARGES', '721000', 4, NULL, '0.00', '0.00', NULL, 1, 1, 1, '2019-09-19 04:40:45', '2019-09-19 04:40:45'),
(448, '724010000000', 'COMMISSION DE TRANSFERT INTER-BRANCHES', 'INTER-BRANCH TRANSFER COMMISSION', '724010', 4, NULL, '0.00', '0.00', NULL, 1, 1, 1, '2019-09-19 04:40:45', '2019-09-19 04:40:45'),
(449, '724020000000', 'REVENUS D\'ARGENT ORANGE', 'ORANGE MONEY INCOME', '724020', 4, NULL, '0.00', '0.00', NULL, 1, 1, 1, '2019-09-19 04:40:45', '2019-09-19 04:40:45'),
(450, '724030000000', 'COMMISSION SYNDICALE DE L\'OUEST', 'WESTERN UNION COMMISSION', '724030', 4, NULL, '0.00', '0.00', NULL, 1, 1, 1, '2019-09-19 04:40:45', '2019-09-19 04:40:45'),
(451, '724400100000', 'COMMISSION ATM', 'ATM COMMISSION', '724400', 4, NULL, '0.00', '0.00', NULL, 1, 1, 1, '2019-09-19 04:40:45', '2019-09-19 04:40:45'),
(452, '724040000000', 'FRAIS DE GUICHET AUTOMATIQUE', 'ATM FEES', '724040', 4, NULL, '0.00', '0.00', NULL, 1, 1, 1, '2019-09-19 04:40:45', '2019-09-19 04:40:45'),
(453, '740100000000', 'VENTE DE STATIONS ET DE GADGETS CU', 'SALE OF STATIONERIES AND CU GADGETS', '740100', 4, NULL, '0.00', '0.00', NULL, 1, 1, 1, '2019-09-19 04:40:46', '2019-09-19 04:40:46'),
(454, '741700000000', 'AUTRES REVENUS ACCESSOIRES', 'OTHER ACCESSORY INCOME', '741700', 4, NULL, '0.00', '0.00', NULL, 1, 1, 1, '2019-09-19 04:40:46', '2019-09-19 04:40:46'),
(455, '741701000000', 'REVENUS PROVENANT DU PAIEMENT DU SALAIRE', 'INCOME FROM SALARY PAYMENT', '741701', 4, NULL, '0.00', '0.00', NULL, 1, 1, 1, '2019-09-19 04:40:46', '2019-09-19 04:40:46'),
(456, '741702000000', 'COMMISSION D\'ATTESTATIONS ET D\'AUTRES', 'COMMISSION FROM ATTESTATIONS AND OTHERS', '741702', 4, NULL, '0.00', '0.00', NULL, 1, 1, 1, '2019-09-19 04:40:46', '2019-09-19 04:40:46'),
(457, '741703000000', 'REVENU D\'ÉPARGNE QUOTIDIEN', 'DAILY SAVINGS INCOME', '741703', 4, NULL, '0.00', '0.00', NULL, 1, 1, 1, '2019-09-19 04:40:46', '2019-09-19 04:40:46'),
(458, '743000000000', 'REVENUS LOCATIFS', 'RENTAL INCOME', '743000', 4, NULL, '0.00', '0.00', NULL, 1, 1, 1, '2019-09-19 04:40:46', '2019-09-19 04:40:46'),
(459, '743000000000', 'LOYERS DES BÂTIMENTS', 'RENTS FROM BUILDINGS', '743000', 4, NULL, '0.00', '0.00', NULL, 1, 1, 1, '2019-09-19 04:40:46', '2019-09-19 04:40:46'),
(460, '755000000000', 'AUTRES REVENUS', 'OTHER INCOME', '755000', 4, NULL, '0.00', '0.00', NULL, 1, 1, 1, '2019-09-19 04:40:46', '2019-09-19 04:40:46'),
(461, '755100000000', 'FRAIS D\'ADHESION', 'ENTRANCE FEES', '755100', 4, NULL, '0.00', '0.00', NULL, 1, 1, 1, '2019-09-19 04:40:46', '2019-09-19 04:40:46'),
(462, '755201000000', 'COMMISSION VPN', 'VPN COMMISSION', '755201', 4, NULL, '0.00', '0.00', NULL, 1, 1, 1, '2019-09-19 04:40:46', '2019-09-19 04:40:46'),
(463, '755202000000', 'AUTRES REVENUS', 'OTHER INCOME', '755202', 4, NULL, '0.00', '0.00', NULL, 1, 1, 1, '2019-09-19 04:40:46', '2019-09-19 04:40:46'),
(464, '756000000000', 'AUTRES PRODUITS PROVENANT DES OPÉRATIONS DE L\'IMF', 'OTHER PROCEEDS FROM MFI OPERATIONS', '756000', 4, NULL, '0.00', '0.00', NULL, 1, 1, 1, '2019-09-19 04:40:46', '2019-09-19 04:40:46'),
(465, '756190000000', 'REMISES IPS', 'IPS REBATES ', '756190', 4, NULL, '0.00', '0.00', NULL, 1, 1, 1, '2019-09-19 04:40:46', '2019-09-19 04:40:46'),
(466, '770000000000', 'REVENUS EXCEPTIONNELS, REVENUS DES ANNÉES PRÉCÉDENTES ET CESSION D\'ACTIFS', 'EXCEPTIONAL INCOME, INCOME FROM PREVIOUS YEARS AND DISPOSAL OF ASSETS', '770000', 4, NULL, '0.00', '0.00', NULL, 1, 1, 1, '2019-09-19 04:40:46', '2019-09-19 04:40:46'),
(467, '770300000000', 'BÉNÉFICE DES OPÉRATIONS BANCAIRES DES ANNÉES PRÉCÉDENTES', 'INCOME ON BANKING OPERATIONS FROM PREVIOUS YEARS', '770300', 4, NULL, '0.00', '0.00', NULL, 1, 1, 1, '2019-09-19 04:40:46', '2019-09-19 04:40:46'),
(468, '775010000000', 'CESSION D\'ACTIFS', 'DISPOSAL OF ASSETS', '775010', 4, NULL, '0.00', '0.00', NULL, 1, 1, 1, '2019-09-19 04:40:46', '2019-09-19 04:40:46'),
(469, '790000000000', 'RÉDIGER L\'AMORTISSEMENT ET LES PROVISIONS', 'WRITE BACK DEPRECIATION AND PROVISIONS', '790000', 4, NULL, '0.00', '0.00', NULL, 1, 1, 1, '2019-09-19 04:40:46', '2019-09-19 04:40:46'),
(470, '791200000000', 'PROVISIONS POUR IMMOBILISATIONS ÉCRITES EN ARRIÈRE', 'PROVISIONS FOR FIXED ASSETS WRITTEN BACK', '791200', 4, NULL, '0.00', '0.00', NULL, 1, 1, 1, '2019-09-19 04:40:46', '2019-09-19 04:40:46'),
(471, '792000000000', 'PRÊTS RADIÉS RÉCUPÉRÉS', 'WRITEN-OFF LOANS RECOVERED', '792000', 4, NULL, '0.00', '0.00', NULL, 1, 1, 1, '2019-09-19 04:40:46', '2019-09-19 04:40:46'),
(472, '794000000000', 'PROVISION POUR RISQUES GÉNÉRAUX RÉÉCRIT', 'PROVISION FOR GENERAL RISKS WRITTEN BACK', '794000', 4, NULL, '0.00', '0.00', NULL, 1, 1, 1, '2019-09-19 04:40:46', '2019-09-19 04:40:46'),
(473, '800000000000', 'DÉTERMINATION DES RÉSULTATS', 'DETERMINATION OF RESULTS', '800000', 4, NULL, '0.00', '0.00', NULL, 1, 1, 1, '2019-09-19 04:40:46', '2019-09-19 04:40:46'),
(474, '820000000000', 'RÉSULTAT D\'EXPLOITATION', 'OPERATING RESULT', '820000', 4, NULL, '0.00', '0.00', NULL, 1, 1, 1, '2019-09-19 04:40:46', '2019-09-19 04:40:46'),
(475, '57106000000', 'ESPECE MANQUANT CAISSE', 'MISSING CASH IN HAND', '571000', 4, NULL, '0.00', '0.00', 1, 1, 1, 1, '2019-09-23 12:06:28', '2019-09-23 12:06:28'),
(476, '571070000000', 'ESPECE SURPLUS CAISSE', 'EXCESS CASH IN HAND', '571000', 4, NULL, '0.00', '0.00', 1, 1, 1, 1, '2019-09-23 12:06:28', '2019-09-23 12:06:28'),
(477, '371010000000', 'DÉPÔTS PRÊT', 'LOAN DEPOSITS', '371010', 2, NULL, '0.00', '0.00', 1, 1, 1, 1, '2019-10-29 10:41:11', '2019-10-29 10:41:11'),
(478, '310000000000', 'PRÊT', 'LOAN', '310000', 4, NULL, '0.00', '0.00', 1, 1, 1, 1, '2019-11-19 12:56:38', '2019-10-29 10:43:43');

-- --------------------------------------------------------

--
-- Table structure for table `acc_dates`
--

CREATE TABLE `acc_dates` (
  `idaccdate` int(11) NOT NULL,
  `presentdate` date DEFAULT NULL,
  `evedate` date DEFAULT NULL,
  `accdate` date DEFAULT NULL,
  `monthend` date DEFAULT NULL,
  `weekend` date DEFAULT NULL,
  `status` enum('O','C') DEFAULT NULL COMMENT 'O - Opened\nC - Closed',
  `network` int(11) DEFAULT NULL,
  `zone` int(11) DEFAULT NULL,
  `institution` int(11) DEFAULT NULL,
  `branch` int(11) DEFAULT NULL,
  `updated_at` datetime DEFAULT CURRENT_TIMESTAMP,
  `created_at` datetime DEFAULT CURRENT_TIMESTAMP
) ENGINE=InnoDB DEFAULT CHARSET=utf8;

--
-- Dumping data for table `acc_dates`
--

INSERT INTO `acc_dates` (`idaccdate`, `presentdate`, `evedate`, `accdate`, `monthend`, `weekend`, `status`, `network`, `zone`, `institution`, `branch`, `updated_at`, `created_at`) VALUES
(1, '2019-10-04', '2019-09-13', '2019-09-14', '2019-09-30', NULL, 'O', NULL, NULL, NULL, 1, '2019-10-04 15:48:13', '2019-09-14 19:06:26'),
(2, '2019-09-14', '2019-09-13', '2019-09-14', '2019-09-30', NULL, 'O', NULL, NULL, 1, NULL, '2019-09-14 19:06:26', '2019-09-14 19:06:26');

-- --------------------------------------------------------

--
-- Table structure for table `acc_plans`
--

CREATE TABLE `acc_plans` (
  `idaccount` int(11) NOT NULL,
  `labelfr` text,
  `labeleng` text,
  `code` varchar(10) DEFAULT NULL,
  `network` int(11) DEFAULT NULL,
  `updated_at` datetime DEFAULT CURRENT_TIMESTAMP,
  `created_at` datetime DEFAULT CURRENT_TIMESTAMP
) ENGINE=InnoDB DEFAULT CHARSET=utf8;

--
-- Dumping data for table `acc_plans`
--

INSERT INTO `acc_plans` (`idaccount`, `labelfr`, `labeleng`, `code`, `network`, `updated_at`, `created_at`) VALUES
(1, 'PARTS SOCIALE', 'SHARES', '100000', 1, '2019-11-07 15:44:06', '2019-11-07 15:44:06'),
(2, 'PART SOCIALE ENTIEREMENT PAYEES', 'FULLY PAID SHARES', '100001', 1, '2019-09-19 04:40:30', '2019-09-19 04:40:30'),
(3, 'PART SOCIALE PARTIELLEMENT PAYEES', 'PARTIALLY PAID SHARES', '100002', 1, '2019-09-19 04:40:30', '2019-09-19 04:40:30'),
(4, 'PART SOCIALE', 'SHARES', '100010', 1, '2019-09-19 04:40:30', '2019-09-19 04:40:30'),
(5, 'SECURITE - FOND DEVELOPPEMENT', 'SECURITY - DEVELOPMENT FUND', '112000', 1, '2019-09-19 04:40:30', '2019-09-19 04:40:30'),
(6, 'RESERVES LEGALES', 'LEGAL RESERVES', '112000', 1, '2019-09-19 04:40:30', '2019-09-19 04:40:30'),
(7, 'RESERVES OBLIGATOIRES', 'COMPULSORY RESERVES', '112000', 1, '2019-09-19 04:40:30', '2019-09-19 04:40:30'),
(8, 'RESERVES D\'EDUCATION', 'EDUCATION RESERVES', '112000', 1, '2019-09-19 04:40:30', '2019-09-19 04:40:30'),
(9, 'RESERVES GENERAL', 'GENERAL RESERVES', '113000', 1, '2019-09-19 04:40:30', '2019-09-19 04:40:30'),
(10, 'RESERVES FACULTATIFS (FACULTATIFS)', 'FACULTATIVE (OPTIONAL) RESERVES', '114000', 1, '2019-09-19 04:40:30', '2019-09-19 04:40:30'),
(11, 'RESERVES CONSTRUCTION', 'BUILDING RESERVES', '114000', 1, '2019-09-19 04:40:30', '2019-09-19 04:40:30'),
(12, 'RESERVES GESTION DES RISQUES', 'RISK MANAGEMENT RESERVES', '114000', 1, '2019-09-19 04:40:30', '2019-09-19 04:40:30'),
(13, 'RESERVES FORMATION DU PERSONNEL', 'STAFF TRAINING RESERVES', '114000', 1, '2019-09-19 04:40:30', '2019-09-19 04:40:30'),
(14, 'AUTRE RESERVES', 'OTHER RESERVES', '114000', 1, '2019-09-19 04:40:30', '2019-09-19 04:40:30'),
(15, 'RESULTATS PRESENTES', 'BROUGHT FORWARD RESULTS ', '122000', 1, '2019-09-19 04:40:30', '2019-09-19 04:40:30'),
(17, 'DISPOSITION REGLEMENTEES', 'REGULATED PROVISIONS', '141000', 1, '2019-09-19 04:40:30', '2019-09-19 04:40:30'),
(18, 'VARIATION SUR LA REEVALUATION DES IMMOBILISATION AMORTIZABLES', 'VARIANCE ON REEVALUATION OF AMORTIZABLE FIXED ASSETS', '141100', 1, '2019-09-19 04:40:30', '2019-09-19 04:40:30'),
(19, 'GAIN EN CAPITAL A REINVESTIR', 'CAPITAL GAIN TO BE REINVESTED', '141300', 1, '2019-09-19 04:40:30', '2019-09-19 04:40:30'),
(20, 'RESERVES REGLEMENTEES', 'REGULATED RESERVES', '142000', 1, '2019-09-19 04:40:30', '2019-09-19 04:40:30'),
(21, 'EXCEDENT DE REEVALUATION', 'REVALUATION SURPLUS', '142000', 1, '2019-09-19 04:40:30', '2019-09-19 04:40:30'),
(22, 'AUTRE RESERVES REGLEMENTEES', 'OTHER REGULATED RESERVES', '142100', 1, '2019-09-19 04:40:30', '2019-09-19 04:40:30'),
(23, 'SUBVENTIONS/SUBVENTIONS ET SUBVENTIONS', 'GRANTS/SUBSIDIES AND SUBVENTIONS', '150000', 1, '2019-09-19 04:40:30', '2019-09-19 04:40:30'),
(24, 'SUBVENTIONS/SUBVENTIONS ET SUBVENTIONS HORS RÉSEAU', 'GRANTS/SUBSIDIES AND SUBVENTIONS OUT OF NETWORK', '151100', 1, '2019-09-19 04:40:30', '2019-09-19 04:40:30'),
(25, 'SUBVENTIONS/SUBVENTIONS ET SUBVENTIONS AU SEIN DU RÉSEAU', 'GRANTS/SUBSIDIES AND SUBVENTIONS WITHIN NETWORK', '151190', 1, '2019-09-19 04:40:30', '2019-09-19 04:40:30'),
(26, 'FONDS DE GARANTIE', 'GUARANTEE FUNDS', '160000', 1, '2019-09-19 04:40:30', '2019-09-19 04:40:30'),
(27, 'FONDS DE SOLIDARITÉ', 'SOLIDARITY FUND', '160000', 1, '2019-09-19 04:40:31', '2019-09-19 04:40:31'),
(28, 'FONDS AFFECTÉS À PARTIR DE RESSOURCES INTERNES', 'FUNDS ASSIGNED FROM INTERNAL RESOURCES', '161000', 1, '2019-09-19 04:40:31', '2019-09-19 04:40:31'),
(29, 'PROVISION POUR RISQUE BANCAIRE GÉNÉRAL (ACTIONS DE L\'UBC)', 'PROVISION FOR GENERAL BANKING  RISK(UBC SHARES)', '161400', 1, '2019-09-19 04:40:31', '2019-09-19 04:40:31'),
(30, 'GRATUITÉ DU PERSONNEL ', 'STAFF GRATUITY ', '161500', 1, '2019-09-19 04:40:31', '2019-09-19 04:40:31'),
(31, 'PROVISION POUR LES ALLÉGATIONS DE RISQUE MGT', 'PROVISION FOR RISK MGT CLAIMS', '161500', 1, '2019-09-19 04:40:31', '2019-09-19 04:40:31'),
(32, 'EMPRUNTER AU SEIN DU RÉSEAU', 'BORROWING WITHIN NETWORK', '162090', 1, '2019-09-19 04:40:31', '2019-09-19 04:40:31'),
(33, 'LIGUE PRÊT PRINCIPAL', 'LEAGUE MAIN LOAN', '162090', 1, '2019-09-19 04:40:31', '2019-09-19 04:40:31'),
(34, 'LIGNE DE CRÉDIT DE LA LIGUE', 'LEAGUE LINE OF CREDIT', '162090', 1, '2019-09-19 04:40:31', '2019-09-19 04:40:31'),
(35, 'LIGUE GOLDEN PRÊT', 'LEAGUE GOLDEN LOAN', '162090', 1, '2019-09-19 04:40:31', '2019-09-19 04:40:31'),
(36, 'LE PROJET FINANCE RDF', 'PROJECT FUNDS RDF', '162090', 1, '2019-09-19 04:40:31', '2019-09-19 04:40:31'),
(37, 'FONDS DU PROJET-PREPAFEN', 'PROJECT FUNDS-PREPAFEN', '162090', 1, '2019-09-19 04:40:31', '2019-09-19 04:40:31'),
(38, 'FONDS DU PROJET-PARFAR', 'PROJECT FUNDS-PARFAR', '162090', 1, '2019-09-19 04:40:31', '2019-09-19 04:40:31'),
(39, 'FONDS DU PROJET-PAPT', 'PROJECT FUNDS-PAPT', '162090', 1, '2019-09-19 04:40:31', '2019-09-19 04:40:31'),
(40, 'FONDS DU PROJET-DORDRECHT', 'PROJECT FUNDS-DORDRECHT', '162090', 1, '2019-09-19 04:40:31', '2019-09-19 04:40:31'),
(41, 'PROJET FINANCE AUTRES (OCSD / CPFF / CODAS)', 'PROJECT FUNDS OTHERS (OCSD / CPFF / CODAS)', '162090', 1, '2019-09-19 04:40:31', '2019-09-19 04:40:31'),
(42, 'FONDS POUR L\'INFORMATISATION BRS', 'FUND FOR COMPUTERIZATION BRS', '162500', 1, '2019-09-19 04:40:31', '2019-09-19 04:40:31'),
(43, 'PRÊTS SUBORDONNÉS', 'SUBORDINATED LOANS', '180000', 1, '2019-09-19 04:40:31', '2019-09-19 04:40:31'),
(44, 'PRÊTS SUBORDONNÉS AU SEIN DU RÉSEAU', 'SUBORDINATED LOANS WITHIN THE NETWORK', '181990', 1, '2019-09-19 04:40:31', '2019-09-19 04:40:31'),
(45, 'MARGE DE CRÉDIT DE L\'ÉTAT AVEC CLAUSE', 'LINE OF CREDIT  FROM STATE WITH CLAUSE', '183100', 1, '2019-09-19 04:40:31', '2019-09-19 04:40:31'),
(46, 'LA MARGE DE CRÉDIT A REÇU FRON D\'AUTRES ORGANISATIONS AVEC CLAUSE', 'LINE OF CREDIT RECEIVED FRON OTHER ORGANIZATIONS WITH CLAUSE', '183200', 1, '2019-09-19 04:40:31', '2019-09-19 04:40:31'),
(47, 'PRÊTS À LONG TERME', 'LONG TERM LOANS', '185100', 1, '2019-09-19 04:40:31', '2019-09-19 04:40:31'),
(48, 'PRÊTS À MOYEN TERME', 'MEDIUM TERM LOANS', '185200', 1, '2019-09-19 04:40:31', '2019-09-19 04:40:31'),
(49, 'DÉPÔTS À TERME REÇUS', 'TERM  DEPOSITS RECEIVED', '187000', 1, '2019-09-19 04:40:31', '2019-09-19 04:40:31'),
(50, 'DÉPÔTS À TERME REÇUS DU RÉSEAU', 'TERM DEPOSITS RECEIVED-OUT OF NETWORK', '187110', 1, '2019-09-19 04:40:31', '2019-09-19 04:40:31'),
(51, 'DÉPÔTS À TERME REÇUS AU SEIN DU RÉSEAU', 'TERM DEPOSITS RECEIVED-WITHIN THE NETWORK', '187190', 1, '2019-09-19 04:40:31', '2019-09-19 04:40:31'),
(52, 'INTÉRÊTS PAYABLES SUR LES EMPRUNTS À LONG TERME (LT) ET À MOYEN TERME (MT)', 'INTEREST PAYABLE ON  LONG TERM (LT) AND MEDIUM TERM (MT) BORROWING', '188000', 1, '2019-09-19 04:40:31', '2019-09-19 04:40:31'),
(53, 'INTÉRÊTS PAYABLES SUR LES EMPRUNTS PERMANENTS LT ET MT -HORS DU RÉSEAU', 'INTEREST PAYABLE ON PERMANENT LT AND MT BORROWING -OUT OF THE NETWORK', '188200', 1, '2019-09-19 04:40:31', '2019-09-19 04:40:31'),
(54, 'INTÉRÊTS PAYABLES SUR LES EMPRUNTS PERMANENTS LT ET MT AU SEIN DU RÉSEAU', 'INTEREST PAYABLE ON PERMANENT LT AND MT BORROWING-WITHIN THE NETWORK', '188290', 1, '2019-09-19 04:40:31', '2019-09-19 04:40:31'),
(55, 'AUTRES DISPOSITIONS', 'OTHER PROVISIONS', '193000', 1, '2019-09-19 04:40:31', '2019-09-19 04:40:31'),
(56, 'PROV. POUR D\'AUTRES PERTES HORS DU RÉSEAU', 'PROV. FOR OTHER LOSSES OUT OF THE NETWORK', '193010', 1, '2019-09-19 04:40:31', '2019-09-19 04:40:31'),
(57, 'PROV. POUR D\'AUTRES PERTES AU SEIN DU RÉSEAU', 'PROV. FOR OTHER LOSSES WITHIN THE NETWORK', '193990', 1, '2019-09-19 04:40:31', '2019-09-19 04:40:31'),
(58, 'ACTIFS', 'ASSETS', '200000', 1, '2019-09-19 04:40:31', '2019-09-19 04:40:31'),
(59, 'DÉPENSES CAPITALISÉES', 'CAPITALISED EXPENSES', '201000', 1, '2019-09-19 04:40:32', '2019-09-19 04:40:32'),
(60, 'COÛTS DE FORMATION', 'FORMATION COSTS', '201100', 1, '2019-09-19 04:40:32', '2019-09-19 04:40:32'),
(61, 'COÛTS D\'ÉMISSION D\'OBLIGATIONS', 'BONDS ISSUE COSTS', '201200', 1, '2019-09-19 04:40:32', '2019-09-19 04:40:32'),
(62, 'APPROVISIONNEMENT EN IMMOBILISATIONS', 'FIXED ASSETS PROCUREMENT', '201300', 1, '2019-09-19 04:40:32', '2019-09-19 04:40:32'),
(63, 'COÛTS À RÉPARTIR AU FIL DES ANS', 'COSTS TO BE SPREAD OVER THE YEARS', '201400', 1, '2019-09-19 04:40:32', '2019-09-19 04:40:32'),
(64, 'PRIME DE REMBOURSEMENT DES OBLIGATIONS', 'BOND REPAYMENT PREMIUM', '201700', 1, '2019-09-19 04:40:32', '2019-09-19 04:40:32'),
(65, 'ACTIF FIXE INCORPOREL', 'INTANGIBLE FIXED ASSET', '202000', 1, '2019-09-19 04:40:32', '2019-09-19 04:40:32'),
(66, 'ACTIFS INCORPORELS EN COURS', 'INTANGIBLE FIXED ASSETS IN PROGRESS', '202100', 1, '2019-09-19 04:40:32', '2019-09-19 04:40:32'),
(67, 'CLIENTÈLE', 'GOODWILL', '202200', 1, '2019-09-19 04:40:32', '2019-09-19 04:40:32'),
(68, 'DROIT DE LOCATION', 'RIGHT TO LEASE', '202300', 1, '2019-09-19 04:40:32', '2019-09-19 04:40:32'),
(69, 'BREVETS', ' LOGICIELS', '202400', 1, '2019-09-19 04:40:32', '2019-09-19 04:40:32'),
(70, 'ÉTUDES ET RECHERCHES DE FAISABILITÉ CAPITALISÉES', 'CAPITALISED FEASIBILITY STUDIES AND RESEARCHES', '202500', 1, '2019-09-19 04:40:32', '2019-09-19 04:40:32'),
(71, 'AUTRES ACTIFS INCORPORELS', 'OTHER INTANGIBLE ASSETS', '202600', 1, '2019-09-19 04:40:32', '2019-09-19 04:40:32'),
(72, 'TERRE', 'LAND', '210000', 1, '2019-09-19 04:40:32', '2019-09-19 04:40:32'),
(73, 'TERRAINS EN SERVICE', 'LAND IN USE', '211000', 1, '2019-09-19 04:40:32', '2019-09-19 04:40:32'),
(74, 'TERRAIN -1', 'LAND -1', '211000', 1, '2019-09-19 04:40:32', '2019-09-19 04:40:32'),
(75, 'TERRAIN -2', 'LAND -2', '211000', 1, '2019-09-19 04:40:32', '2019-09-19 04:40:32'),
(76, 'TERRAIN -3', 'LAND -3', '211000', 1, '2019-09-19 04:40:32', '2019-09-19 04:40:32'),
(77, 'TERRAIN SUR LES LOYERS', 'LAND ON RENTS', '212000', 1, '2019-09-19 04:40:32', '2019-09-19 04:40:32'),
(78, 'TERRAIN OBTENU EN VERTU D\'UN BAIL FINANCIER AVEC OPTION D\'ACHAT', 'LAND PROCURED UNDER FINANCIAL LEASE WITH PURCHASE OPTION', '213000', 1, '2019-09-19 04:40:32', '2019-09-19 04:40:32'),
(79, 'TERRAIN ACQUIS EN AQUISITION DE GARANTIE', 'LAND PROCURED IN AQUISITION OF GUARANTEE', '214000', 1, '2019-09-19 04:40:32', '2019-09-19 04:40:32'),
(80, 'DIFFÉRENCE DE RÉÉVALUATION DES TERRES', 'LAND REVALUATION DIFFERENCE', '215000', 1, '2019-09-19 04:40:32', '2019-09-19 04:40:32'),
(81, 'AUTRES TERRES ', 'OTHER LAND ', '219000', 1, '2019-09-19 04:40:32', '2019-09-19 04:40:32'),
(82, 'AUTRES IMMOBILISATIONS UTILISÉES', 'OTHER FIXED ASSETS IN USE', '220000', 1, '2019-09-19 04:40:32', '2019-09-19 04:40:32'),
(83, 'IMMEUBLE DU SIÈGE SOCIAL ', 'HEAD OFFICE BUILDING ', '221100', 1, '2019-09-19 04:40:32', '2019-09-19 04:40:32'),
(84, 'BÂTIMENT DE BUREAU DE BRANCHE -1', 'BRANCH OFFICE BUILDING -1', '221100', 1, '2019-09-19 04:40:32', '2019-09-19 04:40:32'),
(85, 'BÂTIMENT DE BUREAU DE BRANCHE -2', 'BRANCH OFFICE BUILDING -2', '221100', 1, '2019-09-19 04:40:32', '2019-09-19 04:40:32'),
(86, 'BÂTIMENT DE BUREAU DE BRANCHE -3', 'BRANCH OFFICE BUILDING -3', '221100', 1, '2019-09-19 04:40:32', '2019-09-19 04:40:32'),
(87, 'BÂTIMENT DE BUREAU DE BRANCHE -4', 'BRANCH OFFICE BUILDING -4', '221100', 1, '2019-09-19 04:40:32', '2019-09-19 04:40:32'),
(88, 'BÂTIMENT DE BUREAU DE BRANCHE -5', 'BRANCH OFFICE BUILDING -5', '221100', 1, '2019-09-19 04:40:32', '2019-09-19 04:40:32'),
(89, 'CONSTRUIRE SUR LE BAIL', 'BUILDING ON LEASE', '222100', 1, '2019-09-19 04:40:33', '2019-09-19 04:40:33'),
(90, 'BÂTIMENT ACQUIS PAR LIQUATION DE GARANTIES', 'BUILDING ACQUIRED THROUGH LIQUATION OF GUARANTEES', '224100', 1, '2019-09-19 04:40:33', '2019-09-19 04:40:33'),
(91, 'MEUBLES DE BUREAU ET RACCORDS', 'OFFICE FURNITURE & FITTINGS', '225000', 1, '2019-09-19 04:40:33', '2019-09-19 04:40:33'),
(92, 'ORDINATEURS DE BUREAU', 'OFFICE COMPUTERS', '225100', 1, '2019-09-19 04:40:33', '2019-09-19 04:40:33'),
(93, 'VÉHICULES DE BUREAU ET CYCLES', 'OFFICE VEHICLES & CYCLES', '225200', 1, '2019-09-19 04:40:33', '2019-09-19 04:40:33'),
(94, 'ÉQUIPEMENT À LOUER', 'EQUIPMENT ON RENT', '226000', 1, '2019-09-19 04:40:33', '2019-09-19 04:40:33'),
(95, 'ÉQUIPEMENT EN LOCATION', 'EQUIPMENT ON LEASE', '227000', 1, '2019-09-19 04:40:33', '2019-09-19 04:40:33'),
(96, 'ÉQUIPEMENT ACQUIS PAR LIQUIDATION DE GARANTIE ', 'EQUIPMENT ACQUIRED THROUGH LIQUIDATION OF GUARANTEE ', '228000', 1, '2019-09-19 04:40:33', '2019-09-19 04:40:33'),
(97, 'AUTRES IMMOBILISATIONS TANGIBLES', 'OTHER TANGIBLE FIXED ASSETS', '229000', 1, '2019-09-19 04:40:33', '2019-09-19 04:40:33'),
(98, 'ASSESTS FIXES EN COURS', 'FIXED ASSESTS IN PROGRESS', '230000', 1, '2019-09-19 04:40:33', '2019-09-19 04:40:33'),
(99, 'ACTIFS FIXES EN COURS', 'FIXED ASSETS IN PROGRESS', '231000', 1, '2019-09-19 04:40:33', '2019-09-19 04:40:33'),
(100, 'DÉPÔTS DE PRUDENCE', 'CAUTION DEPOSITS', '251000', 1, '2019-09-19 04:40:33', '2019-09-19 04:40:33'),
(101, 'DÉPÔT DE PRUDENCE ', 'CAUTION DEPOSIT ', '251100', 1, '2019-09-19 04:40:33', '2019-09-19 04:40:33'),
(102, 'DÉPÔT DE PRUDENCE AU SEIN DU RÉSEAU', 'CAUTION DEPOSIT WITHIN THE NETWORK', '251190', 1, '2019-09-19 04:40:33', '2019-09-19 04:40:33'),
(103, 'TITRES ET AUTRES PLACEMENTS FINANCIERS PERMANENTS', 'SECURITIES AND OTHER PERMANENT FINANCIAL INVESTMENT', '260000', 1, '2019-09-19 04:40:33', '2019-09-19 04:40:33'),
(104, 'PART SOCIALE HORS RÉSEAU', ' SHARES- OUT OF THE NETWORK', '262100', 1, '2019-09-19 04:40:33', '2019-09-19 04:40:33'),
(105, 'PART SOCIALE AU SEIN DU RÉSEAU', ' SHARES- WITHIN THE NETWORK', '262190', 1, '2019-09-19 04:40:33', '2019-09-19 04:40:33'),
(106, 'LIGUE DES ACTIONS S', 'LEAGUE  SHARES', '262190', 1, '2019-09-19 04:40:33', '2019-09-19 04:40:33'),
(107, 'PARTAGES PRÉFÉRENTIELS DE LA LIGUE', 'LEAGUE PREFERENCE SHARES-TRANSFER', '262190', 1, '2019-09-19 04:40:33', '2019-09-19 04:40:33'),
(108, 'LIGUE DE PRÉFÉRENCE PART SOCIALE-FONDS FRAIS', 'LEAGUE PREFERENCE SHARES-FRESH FUNDS', '262190', 1, '2019-09-19 04:40:33', '2019-09-19 04:40:33'),
(109, 'PARTAGES PRÉFÉRENTIELS AU SEIN DU RÉSEAU', 'PREFERENCE SHARES-WITHIN THE NETWORK', '262190', 1, '2019-09-19 04:40:33', '2019-09-19 04:40:33'),
(110, 'PART SOCIALE DE L\'UBC', 'UBC SHARES', '262200', 1, '2019-09-19 04:40:33', '2019-09-19 04:40:33'),
(111, 'PARTAGE DE PRÉFÉRENCE SUR LE RÉSEAU', 'PREFERENCE SHARES-OUT THE NETWORK', '262400', 1, '2019-09-19 04:40:33', '2019-09-19 04:40:33'),
(112, 'AUTRES PART SOCIALE', 'OTHER SHARES', '263000', 1, '2019-09-19 04:40:33', '2019-09-19 04:40:33'),
(113, 'OBLIGATIONS D\'ÉTAT', 'STATE BONDS', '265200', 1, '2019-09-19 04:40:33', '2019-09-19 04:40:33'),
(114, 'TITRES IMPAYÉS', 'UNPAID SECURITIES', '266100', 1, '2019-09-19 04:40:33', '2019-09-19 04:40:33'),
(115, 'DÉPÔT FIXE DE LA LIGUE', 'LEAGUE FIXED DEPOSIT', '268190', 1, '2019-09-19 04:40:33', '2019-09-19 04:40:33'),
(116, 'DÉPRÉCIATION CUMULÉE DES ACTIFS INCORPORELS ET CORPORELS', 'ACCUMULATED DEPRECIATION FOR INTANGIBLE AND TANGIBLE ASSETS', '280000', 1, '2019-09-19 04:40:33', '2019-09-19 04:40:33'),
(117, 'DÉPRÉCIATION CUMULÉE INTANGIBLE', 'ACCUMULATED DEPRECIATION  INTANGIBLE', '280100', 1, '2019-09-19 04:40:33', '2019-09-19 04:40:33'),
(118, 'DÉPRÉCIATION ACCUMULÉE GOODWILL', 'ACCUMULATED DEPRECIATION GOODWILL', '280110', 1, '2019-09-19 04:40:33', '2019-09-19 04:40:33'),
(119, 'BREVETS D\'AMORTISSEMENT CUMULÉS, LOGICIELS, LICENCES, MARQUES, ETC.', 'ACCUMULATED DEPRECIATION PATENTS, SOFTWARE, LICENSES, TRADEMARKS ETC.', '280120', 1, '2019-09-19 04:40:33', '2019-09-19 04:40:33'),
(120, 'ÉTUDES ET RECHERCHES DE FAISABILITÉ ACCUMULÉES DE DEP CAPITALD', 'ACCUMULATED DEP CAPITALIZED FEASIBILITY STUDIES AND RESEARCHES', '280130', 1, '2019-09-19 04:40:33', '2019-09-19 04:40:33'),
(121, 'DÉPRÉCIATION ACCUMULÉE AUTRES ACTIFS INCORPORELS', 'ACCUMULATED DEPRECIATION OTHER INTANGIBLE ASSETS', '280140', 1, '2019-09-19 04:40:34', '2019-09-19 04:40:34'),
(122, 'DÉPRÉCIATION CUMULÉE DES ACTIFS CORPORELS', 'ACCUMULATED DEPRECIATION FOR TANGIBLE ASSETS', '282000', 1, '2019-09-19 04:40:34', '2019-09-19 04:40:34'),
(123, 'BÂTIMENT DU SIÈGE SOCIAL DE L\'AMORTISSEMENT ACCUMULÉ', 'ACCUMULATED DEPRECIATION HEAD OFFICE BUILDING ', '282100', 1, '2019-09-19 04:40:34', '2019-09-19 04:40:34'),
(124, 'IMMEUBLE DE BUREAUX DE LA SUCCURSALE D\'AMORTISSEMENT ACCUMULÉ -1', 'ACCUMULATED DEPRECIATION BRANCH OFFICE BUILDING -1', '282100', 1, '2019-09-19 04:40:34', '2019-09-19 04:40:34'),
(125, 'IMMEUBLE DE BUREAUX DE LA SUCCURSALE D\'AMORTISSEMENT ACCUMULÉ -2', 'ACCUMULATED DEPRECIATION BRANCH OFFICE BUILDING -2', '282100', 1, '2019-09-19 04:40:34', '2019-09-19 04:40:34'),
(126, 'IMMEUBLE DE BUREAUX DE LA SUCCURSALE D\'AMORTISSEMENT ACCUMULÉ -3', 'ACCUMULATED DEPRECIATION BRANCH OFFICE BUILDING -3', '282100', 1, '2019-09-19 04:40:34', '2019-09-19 04:40:34'),
(127, 'IMMEUBLE DE BUREAUX DE LA SUCCURSALE D\'AMORTISSEMENT ACCUMULÉ -4', 'ACCUMULATED DEPRECIATION BRANCH OFFICE BUILDING -4', '282100', 1, '2019-09-19 04:40:34', '2019-09-19 04:40:34'),
(128, 'IMMEUBLE DE BUREAUX DE LA SUCCURSALE D\'AMORTISSEMENT ACCUMULÉ -5', 'ACCUMULATED DEPRECIATION BRANCH OFFICE BUILDING -5', '282100', 1, '2019-09-19 04:40:34', '2019-09-19 04:40:34'),
(129, 'DÉPRÉCIATION ACCUMULÉE BUIDLING SUR LE LOYER', 'ACCUMULATED DEPRECIATION BUIDLING ON RENT', '282200', 1, '2019-09-19 04:40:34', '2019-09-19 04:40:34'),
(130, 'BÂTIMENT DEP ACCUMULÉ ACQUIS PAR LIQUIDATION DE GARANTIE', 'ACCUMULATED DEP BUILDING ACQUIRED THROUGH LIQUIDATION OF GUARANTEE ', '282400', 1, '2019-09-19 04:40:34', '2019-09-19 04:40:34'),
(131, 'MEUBLES ET AJUSTEMENTS DE BUREAU D\'AMORTISSEMENT CUMULÉS', 'ACCUMULATED DEPRECIATION OFFICE FURNITURE & FITTINGS', '282500', 1, '2019-09-19 04:40:34', '2019-09-19 04:40:34'),
(132, 'ORDINATEURS DE BUREAU D\'AMORTISSEMENT ACCUMULÉS', 'ACCUMULATED DEPRECIATION OFFICE COMPUTERS', '282500', 1, '2019-09-19 04:40:34', '2019-09-19 04:40:34'),
(133, 'VÉHICULES ET CYCLES DE BUREAU D\'AMORTISSEMENT CUMULÉS', 'ACCUMULATED DEPRECIATION OFFICE VEHICLES & CYCLES', '282500', 1, '2019-09-19 04:40:34', '2019-09-19 04:40:34'),
(134, 'ÉQUIPEMENT D\'AMORTISSEMENT ACCUMULÉ SUR LE LOYER', 'ACCUMULATED DEPRECIATION EQUIPMENT ON RENT', '282600', 1, '2019-09-19 04:40:34', '2019-09-19 04:40:34'),
(135, 'ACCUMULATED DEP EQUIP ACQUIS PAR LIQUIDATION DE GARANTIE', 'ACCUMULATED DEP EQUIP ACQUIRED THROUGH LIQUIDATION OF GUARANTEE ', '282800', 1, '2019-09-19 04:40:34', '2019-09-19 04:40:34'),
(136, 'DÉPRÉCIATION ACCUMULÉE AUTRES IMMOBILISATIONS CORPORELLES', 'ACCUMULATED DEPRECIATION OTHER TANGIBLE FIXED ASSETS', '282900', 1, '2019-09-19 04:40:34', '2019-09-19 04:40:34'),
(137, 'PROVISION POUR IMMOBILISATIONS', 'PROVISION FOR CAPITAL ASSETS', '290000', 1, '2019-09-19 04:40:34', '2019-09-19 04:40:34'),
(138, 'PROVISION POUR PART SOCIALE DANS LES INSTITUTIONS FINANCIÈRES', 'PROVISION FOR SHARES IN FINANCIAL INSTITUTIONS', '296200', 1, '2019-09-19 04:40:34', '2019-09-19 04:40:34'),
(139, 'ACTIVITÉS FINANCIÈRES AVEC LES MEMBRES', 'FINANCIAL ACTIVITIES WITH MEMBERS', '300000', 1, '2019-09-19 04:40:34', '2019-09-19 04:40:34'),
(140, 'PRÊTS À LONG TERME', 'LONG TERM LOANS', '300000', 1, '2019-09-19 04:40:34', '2019-09-19 04:40:34'),
(141, 'PRÊTS LT AUX MEMBRES POUR LES BÂTIMENTS FONCIERS ET COMMERCIAUX', 'LT LOANS TO MEMBERS FOR LANDED AND COMMERCIAL BUILDINGS', '301100', 1, '2019-09-19 04:40:34', '2019-09-19 04:40:34'),
(142, 'PRÊTS LT AU PERSONNEL ET AUX ÉLUS ET À LEURS PROCHES POUR LES BÂTIMENTS DÉBARQUÉS ET COMMERCIAUX', 'LT LOANS TO STAFF AND ELECTED OFFICIALS & THEIR  RELATIVES FOR LANDED & COMMERCIAL BUILDINGS', '301200', 1, '2019-09-19 04:40:34', '2019-09-19 04:40:34'),
(143, 'PRÊTS LT À L\'IMF HORS DU RÉSEAU POUR LES BÂTIMENTS DÉBARQUÉS ET COMMERCIAUX', 'LT LOANS TO MFI OUT OF NETWORK FOR LANDED & COMMERCIAL BUILDINGS', '301300', 1, '2019-09-19 04:40:34', '2019-09-19 04:40:34'),
(144, 'PRÊTS LT À L\'IMF AU SEIN DU RÉSEAU POUR LES BÂTIMENTS FONCIERS ET COMMERCIAUX', 'LT LOANS TO MFI WITHIN NETWORK FOR LANDED & COMMERCIAL BUILDINGS', '301390', 1, '2019-09-19 04:40:34', '2019-09-19 04:40:34'),
(145, 'PRÊTS LT AU MEMBRE POUR LES IMMEUBLES RÉSIDENTIELS', 'LT LOANS TO MEMBER FOR RESIDENTIAL BUILDINGS', '302000', 1, '2019-09-19 04:40:34', '2019-09-19 04:40:34'),
(146, 'PRÊTS LT AU PERSONNEL ET AUX ÉLUS ET À LEURS PROCHES POUR LES IMMEUBLES RÉSIDENTIELS', 'LT LOANS TO STAFF AND ELECTED OFFICIALS & THEIR  RELATIVES FOR RESIDENTIAL BUILDINGS', '302200', 1, '2019-09-19 04:40:34', '2019-09-19 04:40:34'),
(147, 'PRÊTS D\'ÉQUIPEMENT LT AUX MEMBRES POUR UN USAGE PRIVÉ (MOTOS, VOITURES)', 'LT EQUIPMENT LOANS TO MEMBERS FOR PRIVATE USE (MOTORCYCLES, CARS)', '303000', 1, '2019-09-19 04:40:34', '2019-09-19 04:40:34'),
(148, 'PRÊTS D\'ÉQUIPEMENT LT AU PERSONNEL ET AUX ÉLUS ET À LEURS PROCHES (MOTOS, VOITURES, ETC.)', 'LT EQUIPMENT LOANS TO STAFF AND ELECTED OFFICIALS & THEIR  RELATIVES (MOTORCYCLES, CARS ETC)', '303200', 1, '2019-09-19 04:40:34', '2019-09-19 04:40:34'),
(149, 'OPÉRATIONS SPÉCIALES LT POUR LE PERSONNEL ET LES ÉLUS (VOITURES, MOTO, ORDINATEURS PORTABLES, ETC.)', 'LT SPECIAL OPERATIONS FOR STAFF AND ELECTED OFFICIALS (CARS, MOTORCYLE, LAPTOPS ETC)', '304200', 1, '2019-09-19 04:40:34', '2019-09-19 04:40:34'),
(150, 'PRÊTS D\'ÉQUIPEMENT LT POUR L\'AGRICULTURE - TRANSPORT', 'LT EQUIPMENT LOANS FOR AGRICULTURE - TRANSPORTATION', '305010', 1, '2019-09-19 04:40:35', '2019-09-19 04:40:35'),
(151, 'LT PRÊTS AUTRES ACTIVITÉS AGRICOLES', 'LT LOANS OTHER AGRICULTURAL ACTIVITIES', '305020', 1, '2019-09-19 04:40:35', '2019-09-19 04:40:35'),
(152, 'LT LOANS AGRICULTURAL - FOURNITURES D\'INTRANTS', 'LT LOANS AGRICULTURAL - INPUT SUPPLIES', '305021', 1, '2019-09-19 04:40:35', '2019-09-19 04:40:35'),
(153, 'LT LOANS AGRICULTURAL - TRAITEMENT', 'LT LOANS AGRICULTURAL - PROCESSING', '305022', 1, '2019-09-19 04:40:35', '2019-09-19 04:40:35'),
(154, 'LT LOANS AGRICULTURE - COMMERCE', 'LT LOANS AGRICULTURE - TRADE', '305023', 1, '2019-09-19 04:40:35', '2019-09-19 04:40:35'),
(155, 'LT LOANS AGRICULTURAL - PRODUCTION', 'LT LOANS AGRICULTURAL - PRODUCTION', '305024', 1, '2019-09-19 04:40:35', '2019-09-19 04:40:35'),
(156, 'PRÊTS À LA CONSOMMATION LT AUX MEMBRES', 'LT CONSUMPTION LOANS TO MEMBERS', '306100', 1, '2019-09-19 04:40:35', '2019-09-19 04:40:35'),
(157, 'PRÊTS LT AU PERSONNEL ET AUX ÉLUS ET À LEURS PROCHES', 'LT  LOANS TO STAFF AND ELECTED OFFICIALS & THEIR  RELATIVES', '306200', 1, '2019-09-19 04:40:35', '2019-09-19 04:40:35'),
(158, 'PRÊTS AU PROJET LT - ADPAM', 'LT PROJECT LOANS - ADPAM', '308010', 1, '2019-09-19 04:40:35', '2019-09-19 04:40:35'),
(159, 'PRÊTS DE PROJET LT - SOWEDA', 'LT PROJECT LOANS - SOWEDA', '308020', 1, '2019-09-19 04:40:35', '2019-09-19 04:40:35'),
(160, 'PRÊTS AU PROJET LT - RDF', 'LT PROJECT LOANS - RDF', '308030', 1, '2019-09-19 04:40:35', '2019-09-19 04:40:35'),
(161, 'PRÊTS DE PROJET LT - MINEPAT', 'LT PROJECT LOANS - MINEPAT', '308040', 1, '2019-09-19 04:40:35', '2019-09-19 04:40:35'),
(162, 'PRÊTS DE PROJET LT - AUTRES', 'LT PROJECT LOANS - OTHERS', '308050', 1, '2019-09-19 04:40:35', '2019-09-19 04:40:35'),
(163, 'LT LOANS BUSINESS (EN)', 'LT LOANS BUSINESS', '308060', 1, '2019-09-19 04:40:35', '2019-09-19 04:40:35'),
(164, 'PRÊTS LT - AUTRES (CONTRATS PUBLICS, ETC.)', 'LT LOANS - OTHERS (PUBLIC CONTRACTS, ETC)', '308070', 1, '2019-09-19 04:40:35', '2019-09-19 04:40:35'),
(165, 'INTÉRÊTS DÉBITEURS SUR LES PRÊTS LT', 'INTEREST RECEIVABLES ON LT LOANS', '309000', 1, '2019-09-19 04:40:35', '2019-09-19 04:40:35'),
(166, 'PRÊTS À MOYEN TERME', 'MEDIUM TERM LOANS', '311000', 1, '2019-09-19 04:40:35', '2019-09-19 04:40:35'),
(167, 'PRÊTS MT AUX MEMBRES POUR LES BÂTIMENTS FONCIERS ET COMMERCIAUX', 'MT LOANS TO MEMBERS FOR LANDED AND COMMERCIAL BUILDINGS', '311100', 1, '2019-09-19 04:40:35', '2019-09-19 04:40:35'),
(168, 'PRÊTS MT AU PERSONNEL ET AUX ÉLUS ET À LEURS PROCHES POUR LES BÂTIMENTS DÉBARQUÉS ET COMMERCIAUX', 'MT LOANS TO STAFF AND ELECTED OFFICIALS & THEIR  RELATIVES FOR LANDED & COMMERCIAL BUILDINGS', '311200', 1, '2019-09-19 04:40:35', '2019-09-19 04:40:35'),
(169, 'PRÊTS MT À L\'IMF HORS DU RÉSEAU POUR LES BÂTIMENTS DÉBARQUÉS ET COMMERCIAUX', 'MT LOANS TO MFI OUT OF NETWORK FOR LANDED & COMMERCIAL BUILDINGS', '311300', 1, '2019-09-19 04:40:35', '2019-09-19 04:40:35'),
(170, 'PRÊTS MT À L\'IMF AU SEIN DU RÉSEAU POUR LES BÂTIMENTS DÉBARQUÉS ET COMMERCIAUX', 'MT LOANS TO MFI WITHIN NETWORK FOR LANDED & COMMERCIAL BUILDINGS', '311390', 1, '2019-09-19 04:40:35', '2019-09-19 04:40:35'),
(171, 'PRÊTS MT AU MEMBRE POUR LES IMMEUBLES RÉSIDENTIELS', 'MT LOANS TO MEMBER FOR RESIDENTIAL BUILDINGS', '312000', 1, '2019-09-19 04:40:35', '2019-09-19 04:40:35'),
(172, 'PRÊTS MT AU PERSONNEL ET AUX ÉLUS ET À LEURS PROCHES POUR LES IMMEUBLES RÉSIDENTIELS', 'MT LOANS TO STAFF AND ELECTED OFFICIALS & THEIR  RELATIVES FOR RESIDENTIAL BUILDINGS', '312200', 1, '2019-09-19 04:40:35', '2019-09-19 04:40:35'),
(173, 'PRÊTS D\'ÉQUIPEMENT MT AUX MEMBRES POUR UN USAGE PRIVÉ (MOTOS, VOITURES)', 'MT EQUIPMENT LOANS TO MEMBERS FOR PRIVATE USE (MOTORCYCLES, CARS)', '313000', 1, '2019-09-19 04:40:35', '2019-09-19 04:40:35'),
(174, 'PRÊTS D\'ÉQUIPEMENT MT AU PERSONNEL ET AUX ÉLUS ET À LEURS PROCHES (MOTOS, VOITURES, ETC.)', 'MT EQUIPMENT LOANS TO STAFF AND ELECTED OFFICIALS & THEIR  RELATIVES (MOTORCYCLES, CARS ETC)', '313200', 1, '2019-09-19 04:40:36', '2019-09-19 04:40:36'),
(175, 'OPÉRATIONS SPÉCIALES MT POUR LE PERSONNEL ET LES ÉLUS (VOITURES, MOTO, ORDINATEURS PORTABLES, ETC.)', 'MT SPECIAL OPERATIONS FOR STAFF AND ELECTED OFFICIALS (CARS, MOTORCYLE, LAPTOPS ETC)', '314200', 1, '2019-09-19 04:40:36', '2019-09-19 04:40:36'),
(176, 'PRÊTS D\'ÉQUIPEMENT MT POUR L\'AGRICULTURE - TRANSPORT', 'MT EQUIPMENT LOANS FOR AGRICULTURE - TRANSPORTATION', '315010', 1, '2019-09-19 04:40:36', '2019-09-19 04:40:36'),
(177, 'LT LOANS AGRICULTURAL - FOURNITURES D\'INTRANTS', 'LT LOANS AGRICULTURAL - INPUT SUPPLIES', '315020', 1, '2019-09-19 04:40:36', '2019-09-19 04:40:36'),
(178, 'LT LOANS AGRICULTURAL - TRAITEMENT', 'LT LOANS AGRICULTURAL - PROCESSING', '315030', 1, '2019-09-19 04:40:36', '2019-09-19 04:40:36'),
(179, 'LT LOANS AGRICULTURE - COMMERCE', 'LT LOANS AGRICULTURE - TRADE', '315040', 1, '2019-09-19 04:40:36', '2019-09-19 04:40:36'),
(180, 'LT LOANS AGRICULTURAL - PRODUCTION', 'LT LOANS AGRICULTURAL - PRODUCTION', '315050', 1, '2019-09-19 04:40:36', '2019-09-19 04:40:36'),
(181, 'MT PRÊTS AUTRES ACTIVITÉS AGRICOLES', 'MT LOANS OTHER AGRICULTURAL ACTIVITIES', '315060', 1, '2019-09-19 04:40:36', '2019-09-19 04:40:36'),
(182, 'PRÊTS À LA CONSOMMATION MT AUX MEMBRES', 'MT CONSUMPTION LOANS TO MEMBERS', '316100', 1, '2019-09-19 04:40:36', '2019-09-19 04:40:36'),
(183, 'PRÊTS MT AU PERSONNEL ET AUX ÉLUS ET À LEURS PROCHES', 'MT  LOANS TO STAFF AND ELECTED OFFICIALS & THEIR  RELATIVES', '316200', 1, '2019-09-19 04:40:36', '2019-09-19 04:40:36'),
(184, 'PRÊTS AU PROJET MT - ADPAM', 'MT PROJECT LOANS - ADPAM', '318010', 1, '2019-09-19 04:40:36', '2019-09-19 04:40:36'),
(185, 'PRÊTS DE PROJET MT - SOWEDA', 'MT PROJECT LOANS - SOWEDA', '318020', 1, '2019-09-19 04:40:36', '2019-09-19 04:40:36'),
(186, 'PRÊTS AU PROJET MT - RDF', 'MT PROJECT LOANS - RDF', '318030', 1, '2019-09-19 04:40:36', '2019-09-19 04:40:36'),
(187, 'PRÊTS DE PROJET MT - MINEPAT', 'MT PROJECT LOANS - MINEPAT', '318040', 1, '2019-09-19 04:40:36', '2019-09-19 04:40:36'),
(188, 'PRÊTS DE PROJET MT - AUTRES', 'MT PROJECT LOANS - OTHERS', '318050', 1, '2019-09-19 04:40:36', '2019-09-19 04:40:36'),
(189, 'MT PRÊTS ENTREPRISE', 'MT LOANS BUSINESS', '318060', 1, '2019-09-19 04:40:36', '2019-09-19 04:40:36'),
(190, 'PRÊTS MT - AUTRES (CONTRATS PUBLICS, ETC.)', 'MT LOANS - OTHERS (PUBLIC CONTRACTS, ETC)', '318070', 1, '2019-09-19 04:40:36', '2019-09-19 04:40:36'),
(191, 'OPÉRATIONS SPÉCIALES MT POUR LE PERSONNEL ET LES ÉLUS (VOITURES, MOTO, ORDINATEURS PORTABLES, ETC.)', 'MT SPECIAL OPERATIONS FOR STAFF AND ELECTED OFFICIALS (CARS, MOTORCYLE, LAPTOPS ETC)', '318200', 1, '2019-09-19 04:40:36', '2019-09-19 04:40:36'),
(192, 'INTÉRÊTS DÉBITEURS SUR LES PRÊTS MT', 'INTEREST RECEIVABLES ON MT LOANS', '319000', 1, '2019-09-19 04:40:36', '2019-09-19 04:40:36'),
(193, 'PRÊTS À COURT TERME', 'SHORT TERM LOANS', '320000', 1, '2019-09-19 04:40:36', '2019-09-19 04:40:36'),
(195, 'ST PRÊTS D\'ÉQUIPEMENT AUX MEMBRES (MOTOS, VOITURES, TRACTEURS, GRUES, ETC.)', 'ST EQUIPMENT LOANS TO MEMBERS (MOTORCYCLES, CARS, TRACTORS, CRANES ETC)', '323100', 1, '2019-09-19 04:40:36', '2019-09-19 04:40:36'),
(196, 'ST PRÊTS D\'ÉQUIPEMENT AU PERSONNEL ET AUX ÉLUS ET À LEURS PROCHES (MOTOS, VOITURES, TRACTEURS, GRUES, ETC.)', 'ST EQUIPMENT LOANS TO STAFF AND ELECTED OFFICIALS & THEIR  RELATIVES (MOTORCYCLES, CARS, TRACTORS, CRANES ETC)', '323300', 1, '2019-09-19 04:40:37', '2019-09-19 04:40:37'),
(197, 'ST PRÊTS D\'ÉQUIPEMENT À L\'IMF HORS RÉSEAU (MOTOS, VOITURES, TRACTEURS, GRUES, ETC.)', 'ST EQUIPMENT LOANS TO MFI OUT OF NETWORK (MOTORCYCLES, CARS, TRACTORS, CRANES ETC)', '323400', 1, '2019-09-19 04:40:37', '2019-09-19 04:40:37'),
(198, 'ST PRÊTS D\'ÉQUIPEMENT À L\'IMF AU SEIN DU RÉSEAU (MOTOS, VOITURES, TRACTEURS, GRUES, ETC.)', 'ST EQUIPMENT LOANS TO MFI WITHIN THE NETWORK (MOTORCYCLES, CARS, TRACTORS, CRANES ETC)', '323490', 1, '2019-09-19 04:40:37', '2019-09-19 04:40:37'),
(199, 'ST PRÊTS CONTRACTUELS PUBLICS AUX MEMBRES', 'ST PUBLIC CONTRACT LOANS TO MEMBERS', '324110', 1, '2019-09-19 04:40:37', '2019-09-19 04:40:37'),
(200, 'PRÊTS D\'ÉQUIPEMENT ST POUR L\'AGRICULTURE - TRANSPORTATON', 'ST EQUIPMENT LOANS FOR AGRICULTURE - TRANSPORTATON', '325010', 1, '2019-09-19 04:40:37', '2019-09-19 04:40:37'),
(201, 'LT LOANS AGRICULTURAL - FOURNITURES D\'INTRANTS', 'LT LOANS AGRICULTURAL - INPUT SUPPLIES', '325020', 1, '2019-09-19 04:40:37', '2019-09-19 04:40:37'),
(202, 'LT LOANS AGRICULTURAL - TRAITEMENT', 'LT LOANS AGRICULTURAL - PROCESSING', '325030', 1, '2019-09-19 04:40:37', '2019-09-19 04:40:37'),
(203, 'LT LOANS AGRICULTURE - COMMERCE', 'LT LOANS AGRICULTURE - TRADE', '325040', 1, '2019-09-19 04:40:37', '2019-09-19 04:40:37'),
(204, 'LT LOANS AGRICULTURAL - PRODUCTION', 'LT LOANS AGRICULTURAL - PRODUCTION', '325000', 1, '2019-09-19 04:40:37', '2019-09-19 04:40:37'),
(205, 'ST PRÊTS AUTRES ACTIVITÉS AGRICOLES', 'ST LOANS OTHER AGRICULTURAL ACTIVITIES', '325060', 1, '2019-09-19 04:40:37', '2019-09-19 04:40:37'),
(206, 'ST PRÊTS À LA CONSOMMATION AUX MEMBRES', 'ST CONSUMPTION LOANS TO MEMBERS', '326000', 1, '2019-09-19 04:40:37', '2019-09-19 04:40:37'),
(207, 'ST PRÊTS AU PERSONNEL ET AUX ÉLUS ET À LEURS PROCHES', 'ST LOANS TO STAFF AND ELECTED OFFICIALS & THEIR  RELATIVES', '326200', 1, '2019-09-19 04:40:37', '2019-09-19 04:40:37'),
(208, 'BAIL FINANCIER DE ST À MEMEBERS', 'ST FINANCIAL LEASE TO MEMEBERS', '327100', 1, '2019-09-19 04:40:37', '2019-09-19 04:40:37'),
(209, 'BAIL FINANCIER DE ST AU PERSONNEL, AUX ÉLUS ET AUX PARENTS', 'ST FINANCIAL LEASE TO STAFF, ELECTED OFFICIALS & RELATIVES', '327300', 1, '2019-09-19 04:40:37', '2019-09-19 04:40:37'),
(210, 'FINANCEMENT ST NJANGI', 'ST NJANGI FINANCING', '328101', 1, '2019-09-19 04:40:37', '2019-09-19 04:40:37'),
(211, 'ST LOANS BUSINESS (EN)', 'ST LOANS BUSINESS', '328102', 1, '2019-09-19 04:40:37', '2019-09-19 04:40:37'),
(212, 'AVANCES DES FONCTIONNAIRES', 'CIVIL SERVANTS ADVANCES', '328103', 1, '2019-09-19 04:40:37', '2019-09-19 04:40:37'),
(213, 'OPÉRATIONS SPÉCIALES POUR LE PERSONNEL ET LES ÉLUS (VOITURES, MOTO, ORDINATEURS PORTABLES, ETC.)', 'SPECIAL OPERATIONS FOR STAFF AND ELECTED OFFICIALS (CARS, MOTORCYLE, LAPTOPS ETC)', '328300', 1, '2019-09-19 04:40:37', '2019-09-19 04:40:37'),
(214, 'INTÉRÊTS À RECEVOIR SUR LES PRÊTS ST', 'INTEREST RECEIVABLE ON ST LOANS', '329000', 1, '2019-09-19 04:40:37', '2019-09-19 04:40:37'),
(215, 'PORTEFEUILLE À RISQUE (PAR)', 'PORTFOLIO AT RISK (PAR)', '330000', 1, '2019-09-19 04:40:37', '2019-09-19 04:40:37'),
(216, 'PRÊTS IMPAYÉS (60 À 89 JOURS)', 'UNPAID LOANS ( 60 - 89 DAYS)', '331000', 1, '2019-09-19 04:40:37', '2019-09-19 04:40:37'),
(217, 'PRÊTS DOUTEUX COUVERTS PAR DES TITRES (90 - 359 JOURS)', 'DOUBTFUL LOANS COVERED BY SECURITIES (90 - 359 DAYS)', '334000', 1, '2019-09-19 04:40:38', '2019-09-19 04:40:38'),
(218, 'PRÊTS IRRÉCUPÉRABLES (AU-DESSUS DE 360 JOURS)', 'IRRECOVERABLE LOANS (ABOVE 360 DAYS)', '335000', 1, '2019-09-19 04:40:38', '2019-09-19 04:40:38'),
(219, 'PRÊTS EN COURS DE RECOUVREMENT LÉGAL', 'LOANS UNDER LEGAL RECOVERY', '335010', 1, '2019-09-19 04:40:38', '2019-09-19 04:40:38'),
(220, 'STOCK DE MARCHANDISES', 'STOCK OF GOODS', '340000', 1, '2019-09-19 04:40:38', '2019-09-19 04:40:38'),
(221, 'STOCK DE SALEABLES (T.SHIRTS, PARAPLUIES, TISSU, BYE-LAWS, POLITIQUE DE PRÊT, ÉPARGNE/DÉRAPAGES DE RETRAIT SPÉCIAUX (SWS), FORMULAIRES DE PRÊT ETC.)', 'STOCK OF SALEABLES (T.SHIRTS,UMBRELLAS,CLOTH,BYE-LAWS,LOAN POLICY, SAVING/SPECIAL WITHDRAWAL SLIPS (SWS), LOAN FORMS ETC)', '340010', 1, '2019-09-19 04:40:38', '2019-09-19 04:40:38'),
(222, 'STOCK DE VENDABLES AU SEIN DU RÉSEAU', 'STOCK OF SALEABLES WITHIN THE NETWORK', '340090', 1, '2019-09-19 04:40:38', '2019-09-19 04:40:38'),
(223, 'STOCK DE CONSOMMABLES AVEC LE RÉSEAU', 'STOCK OF CONSUMEABLES WITH THE NETWORK', '340091', 1, '2019-09-19 04:40:38', '2019-09-19 04:40:38'),
(224, 'AUTRES ÉEPARGNES SPÉCIAUX', 'OTHER SPECIAL SAVINGS ', '355000', 1, '2019-09-19 04:40:38', '2019-09-19 04:40:38'),
(225, 'ÉPARGNE DU FONDS DE DÉVELOPPEMENT RURAL (FDR)', 'RURAL DEVELOPMENT FUND SAVINGS (RDF)', '355100', 1, '2019-09-19 04:40:38', '2019-09-19 04:40:38'),
(226, 'DÉPÔT INITIAL EXPRESS CASH', 'EXPRESS CASH INITIAL DEPOSIT', '355290', 1, '2019-09-19 04:40:38', '2019-09-19 04:40:38'),
(227, 'DÉPÔTS DES MEMBRES', 'MEMBERS DEPOSITS', '371000', 1, '2019-09-19 04:40:38', '2019-09-19 04:40:38'),
(228, 'MEMBRES DÉCÉDÉS ÉPARGNES/DÉPÔTS', 'DECEASED MEMBERS SAVINGS/DEPOSITS', '371200', 1, '2019-09-19 04:40:38', '2019-09-19 04:40:38'),
(229, 'ÉPARGNES DES MEMBRES', 'MEMBERS SAVINGS', '373000', 1, '2019-09-19 04:40:38', '2019-09-19 04:40:38'),
(230, 'COMPTES DES AUTRES MEMBRES', 'OTHER MEMBERS ACCOUNTS', '380000', 1, '2019-09-19 04:40:38', '2019-09-19 04:40:38'),
(231, 'PRÊTS D\'ÉPARGNE QUOTIDIENS', 'DAILY SAVINGS LOANS', '386000', 1, '2019-09-19 04:40:38', '2019-09-19 04:40:38'),
(232, 'PROVISIONS POUR CRÉANCES DOUTEUSES', 'PROVISIONS FOR DOUBTFUL DEBTS ', '390000', 1, '2019-09-19 04:40:38', '2019-09-19 04:40:38'),
(233, 'PROVISIONS POUR CRÉANCES DOUTEUSES COUVERTES PAR DES TITRES RÉELS (ENGAGEMENTS) DE MOINS D\'UN AN', 'PROVISIONS FOR DOUBTFUL DEBTS COVERED BY REAL SECURITIES (PLEDGES) LESS THAN ONE YEAR', '392100', 1, '2019-09-19 04:40:38', '2019-09-19 04:40:38'),
(234, 'PROV. POUR LES CRÉANCES DOUTEUSES COUVERTES PAR UNE HYPOTHÈQUE ENREGISTRÉE ENTRE 1 ET 2 ANS', 'PROV. FOR DOUBTFUL DEBTS COVERED BY REGISTERED MORTGAGE BETWEEN 1 TO 2 YRS', '392100', 1, '2019-09-19 04:40:38', '2019-09-19 04:40:38'),
(235, 'PROV. POUR LES CRÉANCES DOUTEUSES COUVERTES PAR UNE HYPOTHÈQUE ENREGISTRÉE ENTRE 2 ET 3 ANS', 'PROV. FOR DOUBTFUL DEBTS COVERED BY REGISTERED MORTGAGE BETWEEN 2 TO 3 YRS', '392100', 1, '2019-09-19 04:40:38', '2019-09-19 04:40:38'),
(236, 'PROV. POUR LES CRÉANCES DOUTEUSES COUVERTES PAR L\'HYPOTHÈQUE ENREGISTRÉE AU-DESSUS DE 3 ANS', 'PROV. FOR DOUBTFUL DEBTS COVERED BY REGISTERED MORTGAGE ABOVE  3 YRS', '392100', 1, '2019-09-19 04:40:38', '2019-09-19 04:40:38'),
(237, 'PROVISIONS POUR CRÉANCES DOUTEUSES COUVERTES PAR DES TITRES RÉELS (ENGAGEMENTS) SUR UN AN', 'PROVISIONS FOR DOUBTFUL DEBTS COVERED BY REAL SECURITIES (PLEDGES) OVER ONE YEAR', '392200', 1, '2019-09-19 04:40:38', '2019-09-19 04:40:38'),
(238, 'PROV. POUR LES CRÉANCES DOUTEUSES COUVERTES PAR D\'AUTRES TITRES RÉELS (ÉPARGNE) DE MOINS DE 1 AN', 'PROV. FOR DOUBTFUL DEBTS COVERED  BY OTHER REAL SECURITIES (SAVINGS) LESS THAN 1 YRS', '392200', 1, '2019-09-19 04:40:38', '2019-09-19 04:40:38'),
(239, 'PROV. POUR LES CRÉANCES DOUTEUSES COUVERTES PAR D\'AUTRES TITRES RÉELS (ÉPARGNE) ENTRE 1 ET 2 ANS', 'PROV. FOR DOUBTFUL DEBTS COVERED  BY OTHER REAL SECURITIES (SAVINGS) BETWEEN 1 TO 2 YRS', '392200', 1, '2019-09-19 04:40:38', '2019-09-19 04:40:38'),
(240, 'PROV. POUR LES CRÉANCES DOUTEUSES COUVERTES PAR D\'AUTRES TITRES RÉELS ENTRE 2 ET 3 ANS', 'PROV. FOR DOUBTFUL DEBTS COVERED  BY OTHER REAL SECURITIES BETWEEN 2 TO 3 YRS', '392300', 1, '2019-09-19 04:40:38', '2019-09-19 04:40:38'),
(241, 'PROV. POUR LES CRÉANCES DOUTEUSES COUVERTES PAR D\'AUTRES TITRES RÉELS SUPÉRIEURS À 3 ANS', 'PROV. FOR DOUBTFUL DEBTS COVERED  BY OTHER REAL SECURITIES ABOVE 3 YRS', '392400', 1, '2019-09-19 04:40:38', '2019-09-19 04:40:38'),
(242, 'PROV. POUR LES AUTRES CRÉANCES DOUTEUSES DE MOINS D\'UN AN', 'PROV. FOR OTHER  DOUBTFUL DEBTS LESS THAN 1YR ', '393100', 1, '2019-09-19 04:40:38', '2019-09-19 04:40:38'),
(243, 'PROV. POUR LES AUTRES CRÉANCES DOUTEUSES DE 1 À 2 ANS', 'PROV. FOR OTHER DOUBTFUL DEBTS 1 TO 2 YRS', '393200', 1, '2019-09-19 04:40:38', '2019-09-19 04:40:38'),
(244, 'PROV. POUR LES AUTRES CRÉANCES DOUTEUSES DE PLUS DE 3 ANS', 'PROV. FOR OTHER DOUBTFUL DEBTS ABOVE 3 YRS', '393300', 1, '2019-09-19 04:40:38', '2019-09-19 04:40:38'),
(245, 'PROV. POUR LES PART SOCIALE', 'PROV. FOR STOCKS', '397000', 1, '2019-09-19 04:40:38', '2019-09-19 04:40:38'),
(246, 'FOURNISSEURS', 'SUPPLIERS', '400000', 1, '2019-09-19 04:40:39', '2019-09-19 04:40:39'),
(247, 'COMPTES DE DÉPENSES PAYABLES HORS RÉSEAU', 'EXPENSES ACCOUNTS PAYABLE OUT OF NETWORK', '401100', 1, '2019-09-19 04:40:39', '2019-09-19 04:40:39'),
(248, 'DÉPÔTS DE RÉCUPÉRATION', 'RECOVERY DEPOSITS', '401101', 1, '2019-09-19 04:40:39', '2019-09-19 04:40:39'),
(249, 'COMPTES DE DÉPENSES PAYABLES AU SEIN DU RÉSEAU', 'EXPENSES ACCOUNTS PAYABLE WITHIN NETWORK', '401190', 1, '2019-09-19 04:40:39', '2019-09-19 04:40:39'),
(250, 'AVANCES AUX FOURNISSEURS HORS DU RÉSEAU', 'ADVANCES TO SUPPLIERS OUT OF THE NETWORK', '409100', 1, '2019-09-19 04:40:39', '2019-09-19 04:40:39'),
(251, 'AVANCES AUX FOURNISSEURS AU SEIN DU RÉSEAU', 'ADVANCES TO SUPPLIERS WITHIN THE NETWORK', '409190', 1, '2019-09-19 04:40:39', '2019-09-19 04:40:39'),
(252, 'AVANCE SALARIALE DU PERSONNEL', 'STAFF SALARY ADVANCE', '421000', 1, '2019-09-19 04:40:39', '2019-09-19 04:40:39'),
(253, 'SALAIRES DU PERSONNEL ET REM. PAYABLE', 'STAFF SALARIES & REM. PAYABLE', '422000', 1, '2019-09-19 04:40:39', '2019-09-19 04:40:39'),
(254, 'CONGÉ ANNUEL PAYABLE', 'ANNUAL LEAVE PAYABLE', '424000', 1, '2019-09-19 04:40:39', '2019-09-19 04:40:39'),
(255, 'IMPÔTS ET TAUX', 'TAXES AND RATES', '430000', 1, '2019-09-19 04:40:39', '2019-09-19 04:40:39'),
(256, 'IMPÔT SUR LE REVENU', 'INCOME TAX', '430100', 1, '2019-09-19 04:40:39', '2019-09-19 04:40:39'),
(257, 'AUTRES TAXES ET TAUX (INS SOCIAUX ET TAXES À PAYER)', 'OTHER TAXES & RATES (SOCIAL INS. & TAXES PAYABLE)', '430200', 1, '2019-09-19 04:40:39', '2019-09-19 04:40:39'),
(258, 'ÉTAT, TVA FACTURÉE', 'STATE, VAT INVOICED', '430300', 1, '2019-09-19 04:40:39', '2019-09-19 04:40:39'),
(259, 'ÉTAT, TVA À PAYER OU CRÉDIT DE TVA', 'STATE, VAT PAYABLE OR VAT CREDIT', '430400', 1, '2019-09-19 04:40:39', '2019-09-19 04:40:39'),
(260, 'CUVE ATM PAYABLE', 'ATM VAT PAYABLE', '430400', 1, '2019-09-19 04:40:39', '2019-09-19 04:40:39'),
(261, 'ÉTAT, TVA DÉDUCTIBLE', 'STATE, DEDUCTIBLE VAT', '430500', 1, '2019-09-19 04:40:39', '2019-09-19 04:40:39'),
(262, 'ÉTAT, AUTRE TAXE SUR LE CHIFFRE D\'AFFAIRES', 'STATE, OTHER TURNOVER TAX', '430600', 1, '2019-09-19 04:40:39', '2019-09-19 04:40:39'),
(263, 'ÉTAT, IMPÔTS DÉDUITS À LA SOURCE', 'STATE, TAXES DEDUCTED AT SOURCE', '430700', 1, '2019-09-19 04:40:39', '2019-09-19 04:40:39'),
(264, 'PAYABLES À L\'ÉTAT', 'PAYABLES TO STATE ', '431100', 1, '2019-09-19 04:40:39', '2019-09-19 04:40:39'),
(265, 'CRÉANCES DE L\'ÉTAT', 'RECEIVABLES FROM STATE', '431200', 1, '2019-09-19 04:40:39', '2019-09-19 04:40:39'),
(266, 'IMPÔTS', 'COUNCIL TAX', '432000', 1, '2019-09-19 04:40:39', '2019-09-19 04:40:39'),
(267, 'FRAIS DE BORD PAYABLES', 'BOARD EXPENSES PAYABLE', '445000', 1, '2019-09-19 04:40:39', '2019-09-19 04:40:39'),
(268, 'SIÈGE SOCIAL ET SUCCURSALES DE LA VPN CREDIT UNION', 'VPN CREDIT UNION HEAD OFFICE AND BRANCHES', '450100', 1, '2019-09-19 04:40:39', '2019-09-19 04:40:39'),
(269, 'SIÈGE SOCIAL DE LA LIGUE VPN ET DE LA CREDIT UNION', 'VPN LEAGUE AND CREDIT UNION HEAD OFFICE', '450190', 1, '2019-09-19 04:40:39', '2019-09-19 04:40:39'),
(270, 'BRANCHE DES CAISSES DE CRÉDIT VPN ET AUTRES DIRECTIONS', 'VPN CREDIT UNION BRANCH AND OTHER BRANCHES', '450120', 1, '2019-09-19 04:40:39', '2019-09-19 04:40:39'),
(271, 'VPN CREDIT UNION ET AUTRES CAISSES DE CRÉDIT', 'VPN CREDIT UNION AND OTHER CREDIT UNIONS', '450190', 1, '2019-09-19 04:40:39', '2019-09-19 04:40:39'),
(272, 'VPN CREDIT UNIONS ET AUTRES IMF', 'VPN CREDIT UNIONS AND OTHER MFIS', '450140', 1, '2019-09-19 04:40:39', '2019-09-19 04:40:39'),
(273, 'SIÈGE ET SUCCURSALES DE LA CREDIT UNION', 'CREDIT UNION HEAD OFFICE AND BRANCHES', '451010', 1, '2019-09-19 04:40:39', '2019-09-19 04:40:39'),
(274, 'DIRECTION GÉNÉRALE DES COOPÉRATIVES DE CRÉDIT ET AUTRES DIRECTIONS GÉNÉRALES', 'CREDIT UNION BRANCH AND OTHER BRANCHES', '451020', 1, '2019-09-19 04:40:39', '2019-09-19 04:40:39'),
(275, 'COOPÉRATIVE DE CRÉDIT ET AUTRES COOPÉRATIVES DE CRÉDIT', 'CREDIT UNION AND OTHER CREDIT UNIONS', '451090', 1, '2019-09-19 04:40:39', '2019-09-19 04:40:39'),
(276, 'COOPÉRATIVES DE CRÉDIT ET AUTRES IMF', 'CREDIT UNIONS AND OTHER MFIS', '451040', 1, '2019-09-19 04:40:40', '2019-09-19 04:40:40'),
(277, 'LIAISON ATM', 'ATM LIAISON', '452020', 1, '2019-09-19 04:40:40', '2019-09-19 04:40:40'),
(278, 'ATM AZOBE LIAISON CAMCCUL', 'ATM AZOBE LIAISON CAMCCUL', '452090', 1, '2019-09-19 04:40:40', '2019-09-19 04:40:40'),
(279, 'FRAIS AT-ATM CAMCCUL', 'ATM FEES CAMCCUL', '452090', 1, '2019-09-19 04:40:40', '2019-09-19 04:40:40'),
(280, 'VPN/ATM COMMISSION CAMCCUL', 'VPN/ATM COMMISSION CAMCCUL', '452090', 1, '2019-09-19 04:40:40', '2019-09-19 04:40:40'),
(281, 'CORRESPONDANCE EXPRESSE EN ESPÈCES', 'EXPRESS CASH CORRESPONDENCE', '459010', 1, '2019-09-19 04:40:40', '2019-09-19 04:40:40'),
(282, 'ATM COMM/FEES CORRESPONSE', 'ATM COMM/FEES CORRESPONSE', '459020', 1, '2019-09-19 04:40:40', '2019-09-19 04:40:40'),
(283, 'LIAISON INTERNE', 'INTERNAL LIAISON', '452090', 1, '2019-09-19 04:40:40', '2019-09-19 04:40:40'),
(284, 'DÉBITEURS ET CRÉANCIERS DIVERS', 'SUNDRY DEBTORS & CREDITORS', '460000', 1, '2019-09-19 04:40:40', '2019-09-19 04:40:40'),
(285, 'DIFICIT EN ESPÈCES', 'CASH DIFICIT', '463100', 1, '2019-09-19 04:40:40', '2019-09-19 04:40:40'),
(286, 'EXCÉDENT DE TRÉSORERIE', 'CASH SURPLUS', '463200', 1, '2019-09-19 04:40:40', '2019-09-19 04:40:40'),
(287, 'DIFFÉRENCE DE LEDGER (DÉBIT)', 'LEDGER DIFFERENCE (DEBIT)', '463300', 1, '2019-09-19 04:40:40', '2019-09-19 04:40:40'),
(288, 'DIFFÉRENCE DE LEDGER (CRÉDIT)', 'LEDGER DIFFERENCE (CREDIT)', '463400', 1, '2019-09-19 04:40:40', '2019-09-19 04:40:40'),
(289, 'VOL ET FRAUDE', 'THEFT & FRAUD', '463500', 1, '2019-09-19 04:40:40', '2019-09-19 04:40:40'),
(290, 'ÉLIMINATION D\'ACTIFS HORS RÉSEAU', 'ASSET DISPOSAL OUT OF NETWORK', '466000', 1, '2019-09-19 04:40:40', '2019-09-19 04:40:40'),
(291, 'DISPOSITION D\'ACTIFS AU SEIN DU RÉSEAU', 'ASSET DISPOSAL WITHIN NETWORK', '466090', 1, '2019-09-19 04:40:40', '2019-09-19 04:40:40'),
(292, 'AVANCES DE TRÉSORERIE', 'CASH ADVANCES', '468111', 1, '2019-09-19 04:40:40', '2019-09-19 04:40:40'),
(293, 'DÉPÔT HYPOTHÉCAIRE PAYABLE', 'MORTGAGE DEPOSIT PAYABLE', '468210', 1, '2019-09-19 04:40:40', '2019-09-19 04:40:40'),
(294, 'LÉGALISATION DES DOCUMENTS DE PRÊT', 'LEGALISATION OF LOAN DOCUMENTS', '468210', 1, '2019-09-19 04:40:40', '2019-09-19 04:40:40'),
(295, 'MEMBRES MTN GSM DÉPOSER A / CS', 'MEMBERS MTN GSM DEPOSIT A/CS', '468211', 1, '2019-09-19 04:40:40', '2019-09-19 04:40:40'),
(296, 'PAIEMENTS ANTICIPÉS HORS RÉSEAU (ASSURANCE, LOYERS, SERVICES PUBLICS, ETC.)', 'PREPAYMENTS OUT OF THE NETWORK (INSURANCE, RENTS, UTILITIES ETC)', '471100', 1, '2019-09-19 04:40:40', '2019-09-19 04:40:40'),
(297, 'COMPTES DÉBITEURS', 'ACCOUNTS RECEIVABLE', '471200', 1, '2019-09-19 04:40:40', '2019-09-19 04:40:40'),
(298, 'LOYER À RECEVOIR', 'RENT RECEIVABLE', '471201', 1, '2019-09-19 04:40:40', '2019-09-19 04:40:40'),
(299, 'INTÉRÊTS SUR L\'ÉPARGNE PAYBLE', 'INTEREST ON SAVINGS PAYBLE', '472100', 1, '2019-09-19 04:40:40', '2019-09-19 04:40:40'),
(300, 'OBLIGATIONS DE TRF/LIAISON DE L\'ARGENT', 'MONEY TRF/LIAISON LIABILITIES', '472102', 1, '2019-09-19 04:40:40', '2019-09-19 04:40:40'),
(301, 'AUTRES CRÉANCIERS DIVERS', 'OTHER SUNDRY CREDITORS', '472103', 1, '2019-09-19 04:40:41', '2019-09-19 04:40:41'),
(302, 'COMMISSION VPN/ATM CAMCCUL', 'VPN/ATM CAMCCUL COMMISSION', '472190', 1, '2019-09-19 04:40:41', '2019-09-19 04:40:41'),
(303, 'INTÉRÊTS BANCAIRES PERÇUS À L\'AVANCE', 'BANK INTEREST RECEIVED IN ADVANCE', '472200', 1, '2019-09-19 04:40:41', '2019-09-19 04:40:41'),
(304, 'CHIFFRE D\'AFFAIRES REÇU À L\'AVANCE', 'REVENUE RECEIVED IN ADVANCE', '472200', 1, '2019-09-19 04:40:41', '2019-09-19 04:40:41'),
(305, 'AUTRES REVENUS REÇUS À L\'AVANCE', 'OTHER INCOMES RECEIVED IN ADVANCE', '472200', 1, '2019-09-19 04:40:41', '2019-09-19 04:40:41'),
(306, 'LOYERS REÇUS À L\'AVANCE', 'RENTS  RECEIVED IN ADVANCE', '472220', 1, '2019-09-19 04:40:41', '2019-09-19 04:40:41'),
(307, 'DISPOSITIONS RELATIVES AUX AVANCES AUX FOURNISSEURS', 'PROVISIONS FOR ADVANCES TO SUPPLIERS ', '490000', 1, '2019-09-19 04:40:41', '2019-09-19 04:40:41'),
(308, 'PROVISION POUR COMPTES DÉBITEURS', 'PROVISION FOR ACCOUNTS RECEIVABLE', '491000', 1, '2019-09-19 04:40:41', '2019-09-19 04:40:41'),
(309, 'DISPOSITIONS RELATIVES AUX CRÉANCES D\'INTÉRÊTS', 'PROVISIONS FOR INTERESTE RECEIVABLE', '493000', 1, '2019-09-19 04:40:41', '2019-09-19 04:40:41'),
(310, 'DISPOSITIONS POUR LES DIFFÉRENCES DE LEDGER', 'PROVISIONS FOR LEDGER DIFFERENCES', '493010', 1, '2019-09-19 04:40:41', '2019-09-19 04:40:41'),
(311, 'DISPOSITIONS SUR LE SIÈGE SOCIAL ET LES SUCCURSALES DES CAISSES DE CRÉDIT', 'PROVISIONS ON CREDIT UNION HEAD OFFICE AND BRANCHES', '495020', 1, '2019-09-19 04:40:41', '2019-09-19 04:40:41'),
(312, 'DISPOSITIONS SUR LA DIRECTION DES COOPÉRATIVES DE CRÉDIT ET D\'AUTRES SUCCURSALES', 'PROVISIONS ON CREDIT UNION BRANCH AND OTHER BRANCHES', '495030', 1, '2019-09-19 04:40:41', '2019-09-19 04:40:41'),
(313, 'DISPOSITIONS SUR LES COOPÉRATIVES DE CRÉDIT ET AUTRES COOPÉRATIVES DE CRÉDIT', 'PROVISIONS ON CREDIT UNION AND OTHER CREDIT UNIONS', '495040', 1, '2019-09-19 04:40:41', '2019-09-19 04:40:41'),
(314, 'DISPOSITIONS SUR LES COOPÉRATIVES DE CRÉDIT ET AUTRES IMF', 'PROVISIONS ON CREDIT UNIONS AND OTHER MFIS', '495050', 1, '2019-09-19 04:40:41', '2019-09-19 04:40:41'),
(315, 'DÉPÔTS À TERME AUPRÈS DES BANQUES ASSOCIÉES (UBC)', 'TERM DEPOSITS WITH ASSOCIATED BANKS (UBC)', '542200', 1, '2019-09-19 04:40:41', '2019-09-19 04:40:41'),
(316, 'DÉPÔTS À TERME AUPRÈS DE BANQUES NON ASSOCIÉES', 'TERM DEPOSITS WITH NON-ASSOCIATED BANKS', '542300', 1, '2019-09-19 04:40:41', '2019-09-19 04:40:41'),
(317, 'COMPTES D\'ÉPARGNE DE L\'UBC', 'UBC SAVINGS ACCOUNTS', '560210', 1, '2019-09-19 04:40:41', '2019-09-19 04:40:41'),
(318, 'COMPTE COURANT DE L\'UBC', 'UBC CURRENT ACCOUNT', '560220', 1, '2019-09-19 04:40:41', '2019-09-19 04:40:41'),
(319, 'COMPTES D\'ÉPARGNE BICEC', 'BICEC SAVINGS ACCOUNTS', '560310', 1, '2019-09-19 04:40:41', '2019-09-19 04:40:41'),
(320, 'COMPTES D\'ÉPARGNE SGBC', 'SGBC SAVINGS ACCOUNTS', '560310', 1, '2019-09-19 04:40:41', '2019-09-19 04:40:41'),
(321, 'AFRILAND FIRST BANK ÉPARGNE A/CS', 'AFRILAND FIRST BANK SAVINGS A/CS', '560310', 1, '2019-09-19 04:40:41', '2019-09-19 04:40:41'),
(322, 'COMPTES D\'ÉPARGNE BANCAIRES ALANTIQUE', 'BANK ALANTIQUE SAVINGS ACCOUNTS', '560310', 1, '2019-09-19 04:40:41', '2019-09-19 04:40:41'),
(323, 'COMPTES D\'ÉPARGNE NFC', 'NFC SAVINGS ACCOUNTS', '560310', 1, '2019-09-19 04:40:41', '2019-09-19 04:40:41'),
(324, 'COMPTES D\'ÉPARGNE ECOBANK', 'ECOBANK SAVINGS ACCOUNTS', '560310', 1, '2019-09-19 04:40:41', '2019-09-19 04:40:41'),
(325, 'LA REGIONALE D\'EPARGNE ET CRÉDIT', 'LA REGIONALE D\'EPARGNE ET CREDIT', '560312', 1, '2019-09-19 04:40:41', '2019-09-19 04:40:41'),
(326, 'COMPTES D\'ÉPARGNE CCC', 'CCC SAVINGS ACCOUNTS', '560312', 1, '2019-09-19 04:40:41', '2019-09-19 04:40:41'),
(327, 'COMPTE DE RÈGLEMENT WESTERN UNION', 'WESTERN UNION SETTLEMENT ACCOUNT', '560320', 1, '2019-09-19 04:40:41', '2019-09-19 04:40:41'),
(328, 'ARGENT ÉLECTRONIQUE D\'ORANGE', 'ELECTRONIC ORANGE MONEY', '560320', 1, '2019-09-19 04:40:41', '2019-09-19 04:40:41'),
(329, 'COMPTE COURANT AFRILAND', 'AFRILAND CURRENT ACCOUNT', '560320', 1, '2019-09-19 04:40:41', '2019-09-19 04:40:41'),
(330, 'COMPTES COURANTS NFC', 'NFC CURRENT ACCOUNTS', '560320', 1, '2019-09-19 04:40:41', '2019-09-19 04:40:41'),
(331, 'COMPTE COURANT ECOBANK', 'ECOBANK CURRENT ACCOUNT', '560320', 1, '2019-09-19 04:40:42', '2019-09-19 04:40:42'),
(332, 'AUTRES BANQUES', 'OTHER BANKS', '560320', 1, '2019-09-19 04:40:42', '2019-09-19 04:40:42'),
(333, 'ÉPARGNE AVEC LES IMF AFFILIÉES AU RÉSEAU', 'SAVINGS WITH MFIS AFFILIATED TO THE NETWORK', '560391', 1, '2019-09-19 04:40:42', '2019-09-19 04:40:42'),
(334, 'ÉPARGNE AVEC D\'AUTRES IMF', 'SAVINGS WITH OTHER MFIS ', '560391', 1, '2019-09-19 04:40:42', '2019-09-19 04:40:42'),
(335, 'COMPTE D\'ÉPARGNE POSTALE', 'POST OFFICE SAVINGS ACCOUNT', '560710', 1, '2019-09-19 04:40:42', '2019-09-19 04:40:42'),
(336, 'COMPTE COURANT DU BUREAU DE POSTE', 'POST OFFICE CURRENT ACCOUNT', '560710', 1, '2019-09-19 04:40:42', '2019-09-19 04:40:42'),
(337, 'DÉPÔT FIXE SPÉCIAL DE LA LIGUE A/C', 'LEAGUE SPECIAL FIXED DEPOSIT A/CS', '560391', 1, '2019-09-19 04:40:42', '2019-09-19 04:40:42'),
(338, 'DÉPÔT RÉGULIER DE LA LIGUE', 'LEAGUE REGULAR DEPOSIT', '560392', 1, '2019-09-19 04:40:42', '2019-09-19 04:40:42'),
(339, 'COMPTES DE DÉPÔT IPS', 'IPS DEPOSIT ACCOUNTS', '560392', 1, '2019-09-19 04:40:42', '2019-09-19 04:40:42'),
(340, 'COMPTES DE DÉPÔT DE LA LIGUE TELECASH', 'LEAGUE TELECASH DEPOSIT ACCOUNTS', '560392', 1, '2019-09-19 04:40:42', '2019-09-19 04:40:42'),
(341, 'LIGUE MTN GSM DÉPÔT A/C', 'LEAGUE MTN GSM DEPOSIT A/C', '560392', 1, '2019-09-19 04:40:42', '2019-09-19 04:40:42'),
(342, 'ESPECES DANS LE COFFRE-FORT', 'CASH IN VAULT', '571000', 1, '2019-09-19 04:40:42', '2019-09-19 04:40:42'),
(343, 'ESPECES SUR LA MAIN', 'CASH ON HAND', '571010', 1, '2019-09-19 04:40:42', '2019-09-19 04:40:42'),
(344, 'ESPECES GAB SUR LA MAIN', 'ATM CASH ON HAND', '571020', 1, '2019-09-19 04:40:42', '2019-09-19 04:40:42'),
(345, 'PETITE TRÉSORERIE IMPRESSIONNER', 'PETTY CASH IMPRESS', '571030', 1, '2019-09-19 04:40:42', '2019-09-19 04:40:42'),
(346, 'FOREINGN CORRENCY (EN)', 'FOREINGN CORRENCY', '571100', 1, '2019-09-19 04:40:42', '2019-09-19 04:40:42'),
(347, 'DISPOSITIONS SUR LES COMPTES BANCAIRES', 'PROVISIONS ON BANK ACCOUNTS', '592100', 1, '2019-09-19 04:40:42', '2019-09-19 04:40:42'),
(348, 'INTÉRÊT SUR LES OPÉRATIONS AVEC LES MEMBRES', 'INTEREST ON OPERATIONS WITH MEMBERS', '610000', 1, '2019-09-19 04:40:42', '2019-09-19 04:40:42');
INSERT INTO `acc_plans` (`idaccount`, `labelfr`, `labeleng`, `code`, `network`, `updated_at`, `created_at`) VALUES
(349, 'INTÉRÊTS SUR LES DÉPÔTS À TERME', 'INTEREST ON TERM DEPOSITS', '612000', 1, '2019-09-19 04:40:42', '2019-09-19 04:40:42'),
(350, 'INTÉRÊTS SUR L\'ÉPARGNE', 'INTEREST ON SAVINGS', '613000', 1, '2019-09-19 04:40:42', '2019-09-19 04:40:42'),
(351, 'INTÉRÊT SUR LES OPÉRATIONS AVEC LES IMF', 'INTEREST ON OPERATIONS WITH MFIS', '615000', 1, '2019-09-19 04:40:42', '2019-09-19 04:40:42'),
(352, 'INTÉRÊT SUR LES OPÉRATIONS AVEC LES IMF HORS RÉSEAU', 'INTEREST ON OPERATIONS WITH MFIS OUT OF THE NETWORK', '615100', 1, '2019-09-19 04:40:42', '2019-09-19 04:40:42'),
(353, 'INTÉRÊT SUR LES OPÉRATIONS AVEC LES IMF AU SEIN DU RÉSEAU', 'INTEREST ON OPERATIONS WITH MFIS WITHIN THE NETWORK', '615190', 1, '2019-09-19 04:40:42', '2019-09-19 04:40:42'),
(354, 'INTÉRÊTS SUR D\'AUTRES COMPTES CU (NIVEAU CU)', 'INTEREST ON OTHER CU ACCOUNTS (CU LEVEL)', '615192', 1, '2019-09-19 04:40:42', '2019-09-19 04:40:42'),
(355, 'FRAIS', 'BANK CHARGES', '626000', 1, '2019-09-19 04:40:42', '2019-09-19 04:40:42'),
(356, 'INTÉRÊTS SUR LES PRÊTS DE LA LIGUE', 'INTEREST ON LEAGUE LOANS', '631990', 1, '2019-09-19 04:40:42', '2019-09-19 04:40:42'),
(357, 'ACHAT DE STATIONS VENDABLES HORS RÉSEAU', 'PURCHASE OF SALEABLE STATIONERIES OUT OF THE NETWORK', '640100', 1, '2019-09-19 04:40:42', '2019-09-19 04:40:42'),
(358, 'ACHAT DE STATIONS VENDABLES AU SEIN DU RÉSEAU', 'PURCHASE OF SALEABLE STATIONERIES WITHIN THE NETWORK', '640190', 1, '2019-09-19 04:40:42', '2019-09-19 04:40:42'),
(359, 'ACHAT DE PAPILLES CONSOMMABLES HORS DU RÉSEAU', 'PURCHASE OF CONSUMABLE STATIONERIES OUT OF THE NETWORK', '641600', 1, '2019-09-19 04:40:42', '2019-09-19 04:40:42'),
(360, 'COMMISSIONS ET DÉPENSES SUR LES OPÉRATIONS DE TRANSFERT DE FONDS', 'COMMISSIONS AND EXPENSES ON FUND TRANSFER OPERATIONS', '641601', 1, '2019-09-19 04:40:42', '2019-09-19 04:40:42'),
(361, 'ACHAT DE PAPILLES CONSOMMABLES AU SEIN DU RÉSEAU', 'PURCHASE OF CONSUMABLE STATIONERIES WITHIN THE NETWORK', '641690', 1, '2019-09-19 04:40:42', '2019-09-19 04:40:42'),
(362, 'DÉPENSES DE PERSONNEL', 'PERSONNEL EXPENSES', '651000', 1, '2019-09-19 04:40:42', '2019-09-19 04:40:42'),
(363, 'SALAIRE DES CADRES SUPÉRIEURS', 'SALARY OF SENIOR STAFF', '651010', 1, '2019-09-19 04:40:42', '2019-09-19 04:40:42'),
(364, 'SALAIRE DU PERSONNEL INTERMÉDIAIRE', 'SALARY OF INTERMEDIARY STAFF', '651020', 1, '2019-09-19 04:40:42', '2019-09-19 04:40:42'),
(365, 'SALAIRE DU PERSONNEL SUBALTERNE PERMANENT', 'SALARY OF PERMANENT JUNIOR STAFF', '651100', 1, '2019-09-19 04:40:43', '2019-09-19 04:40:43'),
(366, 'SALAIRE DU PERSONNEL DE SOUTIEN', 'SALARY FOR SUPPORT STAFF', '651200', 1, '2019-09-19 04:40:43', '2019-09-19 04:40:43'),
(367, 'SALAIRE DU PERSONNEL TEMPOREL', 'SALARY OF TEMPORAL STAFF', '651300', 1, '2019-09-19 04:40:43', '2019-09-19 04:40:43'),
(368, 'NSIF (CONTRIBUTION DE L\'EMPLOYEUR)', 'NSIF (EMPLOYER CONTRIBUTION)', '651400', 1, '2019-09-19 04:40:43', '2019-09-19 04:40:43'),
(369, 'PRESTATIONS', 'SOCIAL BENEFITS', '651500', 1, '2019-09-19 04:40:43', '2019-09-19 04:40:43'),
(370, 'LOYERS DU PERSONNEL', 'STAFF RENTS', '651600', 1, '2019-09-19 04:40:43', '2019-09-19 04:40:43'),
(371, 'INDEMNITÉS DE SERVICE', 'DUTY ALLOWANCES', '651700', 1, '2019-09-19 04:40:43', '2019-09-19 04:40:43'),
(372, 'PRESTATIONS DE CONGÉ', 'LEAVE BENEFITS', '651800', 1, '2019-09-19 04:40:43', '2019-09-19 04:40:43'),
(373, 'FRAIS DE TRANSFERT DU PERSONNEL', 'PERSONNEL TRANSFER EXPENSES', '651900', 1, '2019-09-19 04:40:43', '2019-09-19 04:40:43'),
(374, 'AUTRES CHARGES GÉNÉRALES D\'EXPLOITATION', 'OTHER GENERAL OPERATING EXPENSES', '652000', 1, '2019-09-19 04:40:43', '2019-09-19 04:40:43'),
(375, 'ÉLECTRICITÉ ET EAU EXP.', 'ELECTRICITY & WATER  EXP.', '652110', 1, '2019-09-19 04:40:43', '2019-09-19 04:40:43'),
(376, 'FRAIS DE FONCTIONNEMENT DE VOITURE', 'CAR RUNNING EXPENSES', '652111', 1, '2019-09-19 04:40:43', '2019-09-19 04:40:43'),
(377, 'COÛT DE FONCTIONNEMENT DU GÉNÉRATEUR', 'GENERATOR RUNNING COST', '652112', 1, '2019-09-19 04:40:43', '2019-09-19 04:40:43'),
(378, 'PHOTOCOPIE, IMPRESSION ET DOCUMENTATION', 'PHOTOCOPY, PRINTING & DOCUMENTATION', '652130', 1, '2019-09-19 04:40:43', '2019-09-19 04:40:43'),
(379, 'MATÉRIEL DE NETTOYAGE', 'CLEANING MATERIAL', '652140', 1, '2019-09-19 04:40:43', '2019-09-19 04:40:43'),
(380, 'FRAIS D\'INSPECTION', 'INSPECTION EXPENSES', '652420', 1, '2019-09-19 04:40:43', '2019-09-19 04:40:43'),
(381, 'TRANSPORT', 'TRANSPORTATION', '652200', 1, '2019-09-19 04:40:43', '2019-09-19 04:40:43'),
(382, 'POSTE ET TÉLÉCOMS. FRAIS', 'POST & TELECOM. EXPENSES', '652310', 1, '2019-09-19 04:40:43', '2019-09-19 04:40:43'),
(383, 'FRAIS D\'INTERCONNECTIVITÉ', 'INTERCONNECTIVITY CHARGES', '652310', 1, '2019-09-19 04:40:43', '2019-09-19 04:40:43'),
(384, 'VOYAGER ET STATION DE SORTIE', 'TRAVELLING & OUTSTATION', '652320', 1, '2019-09-19 04:40:43', '2019-09-19 04:40:43'),
(385, 'RELATIONS', 'PUBLIC RELATIONS', '652330', 1, '2019-09-19 04:40:43', '2019-09-19 04:40:43'),
(386, 'LOYERS', 'RENTS', '652340', 1, '2019-09-19 04:40:43', '2019-09-19 04:40:43'),
(387, 'FRAIS JURIDIQUES', 'LEGAL EXPENSES', '652350', 1, '2019-09-19 04:40:43', '2019-09-19 04:40:43'),
(388, 'RÉPARATIONS ET ENTRETIEN', 'REPAIRS & MAINTENANCE', '652360', 1, '2019-09-19 04:40:43', '2019-09-19 04:40:43'),
(389, 'FRAIS DE MAINTENANCE INFORMATIQUE ET LOGICIELLE (ALPHA ETC.)', 'COMPUTER AND SOFTWARE MAINTENANCE FEE (ALPHA ETC)', '652370', 1, '2019-09-19 04:40:43', '2019-09-19 04:40:43'),
(390, 'PROMOTION', 'PROMOTION', '652380', 1, '2019-09-19 04:40:43', '2019-09-19 04:40:43'),
(391, 'AUTRES FRAIS ADMINISTRATIFS', 'OTHER ADMINISTRATIVE EXPENSES', '652380', 1, '2019-09-19 04:40:43', '2019-09-19 04:40:43'),
(392, 'ASSEMBLÉE GÉNÉRALE', 'GENERAL ASSEMBLY', '652510', 1, '2019-09-19 04:40:43', '2019-09-19 04:40:43'),
(393, 'FRAIS DU CONSEIL D\'ADMINISTRATION ET DE LA COMMISSION', 'BOARD & COMM. EXPENSES', '652510', 1, '2019-09-19 04:40:44', '2019-09-19 04:40:44'),
(394, 'FRAIS DE FORMATION DU PERSONNEL', 'PERSONNEL TRAINING EXPENSES', '652550', 1, '2019-09-19 04:40:44', '2019-09-19 04:40:44'),
(395, 'FRAIS DE RECOUVREMENT', 'RECOVERY EXPENSES', '652560', 1, '2019-09-19 04:40:44', '2019-09-19 04:40:44'),
(396, 'SERVICE DE SÉCURITÉ EXP.', 'SECURITY SERVICE EXP.', '652560', 1, '2019-09-19 04:40:44', '2019-09-19 04:40:44'),
(397, 'AUTRES DÉPENSES', 'OTHER EXPENSES', '652560', 1, '2019-09-19 04:40:44', '2019-09-19 04:40:44'),
(398, 'CONTRIBUTIONS PROFESSIONNELLES ANEMCAM', 'PROFESSIONAL CONTRIBUTIONS ANEMCAM', '652540', 1, '2019-09-19 04:40:44', '2019-09-19 04:40:44'),
(399, 'LIGUE ET COTISATIONS DE CHAPITRE', 'LEAGUE & CHAPTER DUES', '652490', 1, '2019-09-19 04:40:44', '2019-09-19 04:40:44'),
(400, 'CONTRIBUTIONS IPS', 'IPS CONTRIBUTIONS', '652520', 1, '2019-09-19 04:40:44', '2019-09-19 04:40:44'),
(401, 'IMPÔTS ET TAUX', 'TAXES AND RATES', '660000', 1, '2019-09-19 04:40:44', '2019-09-19 04:40:44'),
(402, 'IMPÔTS DIRECTS', 'DIRECT TAXES', '661000', 1, '2019-09-19 04:40:44', '2019-09-19 04:40:44'),
(403, 'IMPÔTS INDIRECTS', 'INDIRECT TAXES', '662000', 1, '2019-09-19 04:40:44', '2019-09-19 04:40:44'),
(404, 'DROITS DE TIMBRE', 'STAMP DUTIES', '663000', 1, '2019-09-19 04:40:44', '2019-09-19 04:40:44'),
(405, 'AMENDES ET PÉNALITÉS', 'FINES & PENALTIES', '664000', 1, '2019-09-19 04:40:44', '2019-09-19 04:40:44'),
(406, 'AUTRES TAUX ET TAXES', 'OTHER RATES & TAXES', '665000', 1, '2019-09-19 04:40:44', '2019-09-19 04:40:44'),
(407, 'DÉPRÉCIATION ET PROVISIONS', 'DEPRECIATION AND PROVISIONS', '680000', 1, '2019-09-19 04:40:44', '2019-09-19 04:40:44'),
(408, 'FRAIS D\'AMORTISSEMENT DES CHARGES CAPITALISÉES', 'DEPRECIATION CHARGES FOR CAPITALISED EXPENSES', '680100', 1, '2019-09-19 04:40:44', '2019-09-19 04:40:44'),
(409, 'FRAIS D\'AMORTISSEMENT DES IMMOBILISATIONS INCORPORELLES', 'DEPRECIATION CHARGES FOR INTANGIBLE FIXED ASSETS', '680200', 1, '2019-09-19 04:40:44', '2019-09-19 04:40:44'),
(410, 'FRAIS D\'AMORTISSEMENT POUR LES IMMEUBLES DE BUREAUX', 'DEPRECIATION CHARGES FOR OFFICE BUILDINGS', '682100', 1, '2019-09-19 04:40:44', '2019-09-19 04:40:44'),
(411, 'FRAIS D\'AMORTISSEMENT POUR LES BUIDLINGS SUR LE LOYER', 'DEPRECIATION CHARGES FOR BUIDLINGS ON RENT', '682200', 1, '2019-09-19 04:40:44', '2019-09-19 04:40:44'),
(412, 'FRAIS D\'AMORTISSEMENT POUR LES ORDINATEURS DE BUREAU, LES VÉHICULES ET LES CYCLES', 'DEPRECIATION CHARGES FOR OFFICE COMPUTERS, VEHICLES & CYCLES', '682400', 1, '2019-09-19 04:40:44', '2019-09-19 04:40:44'),
(413, 'DÉPENSES DE PROVISION ET PERTES SUR PRÊTS IRRÉCUPÉRABLES', 'PROVISION EXPENSES AND LOSSES ON IRRECOVERABLE LOANS', '690000', 1, '2019-09-19 04:40:44', '2019-09-19 04:40:44'),
(414, 'FRAIS DE PROVISION POUR RISQUES ET FRAIS', 'PROVISION EXPENSES FOR RISK AND CHARGES ', '691100', 1, '2019-09-19 04:40:44', '2019-09-19 04:40:44'),
(415, 'FRAIS DE PROVISION POUR PRÊTS DOUBLANTS', 'PROVISION EXPENSES FOR DOUBLTFUL LOANS', '691300', 1, '2019-09-19 04:40:44', '2019-09-19 04:40:44'),
(416, 'FRAIS DE PROVISION POUR LES COMPTES DE TIERS ET AJUSTEMENTS', 'PROVISION EXPENSES FOR THIRD PARTIES\' ACCOUNTS AND ADJUSTMENTS ', '691400', 1, '2019-09-19 04:40:44', '2019-09-19 04:40:44'),
(417, 'FRAIS DE PROVISION POUR COMPTES DE TRÉSORERIE', 'PROVISION EXPENSES FOR TREASURY ACCOUNTS', '691500', 1, '2019-09-19 04:40:44', '2019-09-19 04:40:44'),
(418, 'FRAIS DE PROVISION POUR COMPTES AVEC IMF HORS RÉSEAU', 'PROVISION EXPENSES FOR ACCOUNTS WITH MFIS OUT OF NETWORK', '691600', 1, '2019-09-19 04:40:44', '2019-09-19 04:40:44'),
(419, 'FRAIS DE PROVISION POUR COMPTES AVEC IMF AU SEIN DU RÉSEAU (PRÊTS DE LA LIGUE)', 'PROVISION EXPENSES FOR ACCOUNTS WITH MFIS WITHIN THE NETWORK  (LEAGUE LOANS)', '691690', 1, '2019-09-19 04:40:44', '2019-09-19 04:40:44'),
(420, 'FRAIS DE PROVISION POUR LES STOCKS HORS RÉSEAU', 'PROVISION EXPENSES FOR STOCKS OUT OF NETWORK ', '691700', 1, '2019-09-19 04:40:44', '2019-09-19 04:40:44'),
(421, 'FRAIS DE PROVISION POUR STOCKS AU SEIN DU RÉSEAU', 'PROVISION EXPENSES FOR STOCKS WITHIN THE NETWORK', '691790', 1, '2019-09-19 04:40:44', '2019-09-19 04:40:44'),
(422, 'FRAIS DE PROVISION POUR RISQUES GÉNÉRAUX', 'PROVISION EXPENSES FOR GENERAL RISKS', '694000', 1, '2019-09-19 04:40:44', '2019-09-19 04:40:44'),
(423, 'DISPOSITIONS RÉGLEMENTAIRES POUR L\'AMORTISSEMENT DÉROGATOIRE', 'REGULATORY PROVISIONS FOR DEROGATORY AMORTIZATION', '697100', 1, '2019-09-19 04:40:44', '2019-09-19 04:40:44'),
(424, 'AUTRES DISPOSITIONS RÉGLEMENTAIRES', 'OTHER REGULATORY PROVISIONS', '697200', 1, '2019-09-19 04:40:45', '2019-09-19 04:40:45'),
(425, 'REVENUS DES OPÉRATIONS FINANCIÈRES', 'INCOME FROM FINANCIAL OPERATIONS ', '700000', 1, '2019-09-19 04:40:45', '2019-09-19 04:40:45'),
(426, 'INTÉRÊTS PROVENANT D\'OBLIGATIONS DU TRÉSOR', 'INTEREST FROM TREASURY BONDS', '701000', 1, '2019-09-19 04:40:45', '2019-09-19 04:40:45'),
(427, 'INTÉRÊTS SUR LES DÉPÔTS À TERME AUPRÈS D\'UNE INSTITUTION FINANCIÈRE', 'INTEREST ON TERM DEPOSITS WITH FINANCIAL INSTITUTION', '703000', 1, '2019-09-19 04:40:45', '2019-09-19 04:40:45'),
(428, 'INTÉRÊTS BANCAIRES', 'BANK INTEREST', '705000', 1, '2019-09-19 04:40:45', '2019-09-19 04:40:45'),
(429, 'INTÉRÊT DE LA LIGUE', 'LEAGUE INTEREST', '707091', 1, '2019-09-19 04:40:45', '2019-09-19 04:40:45'),
(430, 'INTÉRÊTS PROVENANT DES DÉPÔTS AVEC LES C AU SEIN DU RÉSEAU', 'INTEREST FROM DEPOSITS WITH CUS WITHIN THE NETWORK', '707092', 1, '2019-09-19 04:40:45', '2019-09-19 04:40:45'),
(431, 'REVENU D\'EXPLOITATION AVEC LES MEMBRES', 'INCOME FROM OPERATIONS WITH MEMBERS', '710000', 1, '2019-09-19 04:40:45', '2019-09-19 04:40:45'),
(432, 'INTÉRÊT DES PRÊTS LT AUX MEMBRES', 'INTEREST FROM LT LOANS TO MEMBERS', '711010', 1, '2019-09-19 04:40:45', '2019-09-19 04:40:45'),
(433, 'INTÉRÊT SUR LES PRÊTS LT AU PERSONNEL, AUX ÉLUS ET À LEURS PROCHES', 'INTEREST ON LT LOANS TO STAFF, ELECTED OFFICIALS AND THEIR RELATIVES ', '711020', 1, '2019-09-19 04:40:45', '2019-09-19 04:40:45'),
(434, 'INTÉRÊT DES PRÊTS MT AUX MEMBRES', 'INTEREST FROM MT LOANS TO MEMBERS', '712010', 1, '2019-09-19 04:40:45', '2019-09-19 04:40:45'),
(435, 'INTÉRÊT SUR LES PRÊTS MT AU PERSONNEL, AUX ÉLUS ET À LEURS PROCHES', 'INTEREST ON MT LOANS TO STAFF, ELECTED OFFICIALS AND THEIR RELATIVES ', '712020', 1, '2019-09-19 04:40:45', '2019-09-19 04:40:45'),
(436, 'INTÉRÊT DES PRÊTS ST AUX MEMBRES', 'INTEREST FROM ST LOANS TO MEMBERS', '713010', 1, '2019-09-19 04:40:45', '2019-09-19 04:40:45'),
(437, 'INTÉRÊT SUR LES PRÊTS ST AU PERSONNEL, AUX ÉLUS ET À LEURS PROCHES', 'INTEREST ON ST LOANS TO STAFF, ELECTED OFFICIALS AND THEIR RELATIVES ', '713020', 1, '2019-09-19 04:40:45', '2019-09-19 04:40:45'),
(438, 'INTÉRÊTS SUR LES PRÊTS D\'ÉPARGNE QUOTIDIENS', 'INTEREST ON DAILY SAVINGS LOANS', '719010', 1, '2019-09-19 04:40:45', '2019-09-19 04:40:45'),
(439, 'REVENUS PROVENANT DES OPÉRATIONS ACCESSOIRES', 'INCOME FROM ACCESSORY OPERATIONS', '715000', 1, '2019-09-19 04:40:45', '2019-09-19 04:40:45'),
(440, 'FRAIS DE TRAITEMENT DES PRÊTS', 'LOAN PROCESSING FEES', '715010', 1, '2019-09-19 04:40:45', '2019-09-19 04:40:45'),
(441, 'FRAIS D\'INSPECTION DES PRÊTS', 'LOAN INSPECTION FEES', '715020', 1, '2019-09-19 04:40:45', '2019-09-19 04:40:45'),
(442, 'INTÉRÊTS D\'EXPLOITATION (PRÊTS) AVEC LES IMF HORS DU RÉSEAU', 'INTEREST FROM OPERATIONS (LOANS) WITH MFIS OUT OF THE NETWORK', '717100', 1, '2019-09-19 04:40:45', '2019-09-19 04:40:45'),
(443, 'INTÉRÊTS D\'EXPLOITATION (PRÊTS) AVEC IMF AU SEIN DU RÉSEAU', 'INTEREST FROM OPERATIONS (LOANS) WITH MFIS WITHIN THE NETWORK', '717190', 1, '2019-09-19 04:40:45', '2019-09-19 04:40:45'),
(444, 'INTÉRÊTS PROVENANT D\'AUTRES PRÊTS AVEC DES MEMBRES', 'INTEREST FROM OTHER LOANS WITH MEMBERS', '719000', 1, '2019-09-19 04:40:45', '2019-09-19 04:40:45'),
(445, 'FRAIS DE DÉPÔT', 'DEPOSIT FEES', '720100', 1, '2019-09-19 04:40:45', '2019-09-19 04:40:45'),
(446, 'FRAIS DE RETRAIT D\'ÉPARGNE', 'SAVINGS WITHDRAWAL CHARGES', '720200', 1, '2019-09-19 04:40:45', '2019-09-19 04:40:45'),
(447, 'CHÈQUES / FRAIS D\'OPÉRATIONS SPÉCIALES', 'CHEQUES / SPECIAL OPERATIONS CHARGES', '721000', 1, '2019-09-19 04:40:45', '2019-09-19 04:40:45'),
(448, 'COMMISSION DE TRANSFERT INTER-BRANCHES', 'INTER-BRANCH TRANSFER COMMISSION', '724010', 1, '2019-09-19 04:40:45', '2019-09-19 04:40:45'),
(449, 'REVENUS D\'ARGENT ORANGE', 'ORANGE MONEY INCOME', '724020', 1, '2019-09-19 04:40:45', '2019-09-19 04:40:45'),
(450, 'COMMISSION SYNDICALE DE L\'OUEST', 'WESTERN UNION COMMISSION', '724030', 1, '2019-09-19 04:40:45', '2019-09-19 04:40:45'),
(451, 'COMMISSION ATM', 'ATM COMMISSION', '724400', 1, '2019-09-19 04:40:45', '2019-09-19 04:40:45'),
(452, 'FRAIS DE GUICHET AUTOMATIQUE', 'ATM FEES', '724040', 1, '2019-09-19 04:40:45', '2019-09-19 04:40:45'),
(453, 'VENTE DE STATIONS ET DE GADGETS CU', 'SALE OF STATIONERIES AND CU GADGETS', '740100', 1, '2019-09-19 04:40:46', '2019-09-19 04:40:46'),
(454, 'AUTRES REVENUS ACCESSOIRES', 'OTHER ACCESSORY INCOME', '741700', 1, '2019-09-19 04:40:46', '2019-09-19 04:40:46'),
(455, 'REVENUS PROVENANT DU PAIEMENT DU SALAIRE', 'INCOME FROM SALARY PAYMENT', '741701', 1, '2019-09-19 04:40:46', '2019-09-19 04:40:46'),
(456, 'COMMISSION D\'ATTESTATIONS ET D\'AUTRES', 'COMMISSION FROM ATTESTATIONS AND OTHERS', '741702', 1, '2019-09-19 04:40:46', '2019-09-19 04:40:46'),
(457, 'REVENU D\'ÉPARGNE QUOTIDIEN', 'DAILY SAVINGS INCOME', '741703', 1, '2019-09-19 04:40:46', '2019-09-19 04:40:46'),
(458, 'REVENUS LOCATIFS', 'RENTAL INCOME', '743000', 1, '2019-09-19 04:40:46', '2019-09-19 04:40:46'),
(459, 'LOYERS DES BÂTIMENTS', 'RENTS FROM BUILDINGS', '743000', 1, '2019-09-19 04:40:46', '2019-09-19 04:40:46'),
(460, 'AUTRES REVENUS', 'OTHER INCOME', '755000', 1, '2019-09-19 04:40:46', '2019-09-19 04:40:46'),
(461, 'FRAIS D\'ADHESION', 'ENTRANCE FEES', '755100', 1, '2019-09-19 04:40:46', '2019-09-19 04:40:46'),
(462, 'COMMISSION VPN', 'VPN COMMISSION', '755201', 1, '2019-09-19 04:40:46', '2019-09-19 04:40:46'),
(463, 'AUTRES REVENUS', 'OTHER INCOME', '755202', 1, '2019-09-19 04:40:46', '2019-09-19 04:40:46'),
(464, 'AUTRES PRODUITS PROVENANT DES OPÉRATIONS DE L\'IMF', 'OTHER PROCEEDS FROM MFI OPERATIONS', '756000', 1, '2019-09-19 04:40:46', '2019-09-19 04:40:46'),
(465, 'REMISES IPS', 'IPS REBATES ', '756190', 1, '2019-09-19 04:40:46', '2019-09-19 04:40:46'),
(466, 'REVENUS EXCEPTIONNELS, REVENUS DES ANNÉES PRÉCÉDENTES ET CESSION D\'ACTIFS', 'EXCEPTIONAL INCOME, INCOME FROM PREVIOUS YEARS AND DISPOSAL OF ASSETS', '770000', 1, '2019-09-19 04:40:46', '2019-09-19 04:40:46'),
(467, 'BÉNÉFICE DES OPÉRATIONS BANCAIRES DES ANNÉES PRÉCÉDENTES', 'INCOME ON BANKING OPERATIONS FROM PREVIOUS YEARS', '770300', 1, '2019-09-19 04:40:46', '2019-09-19 04:40:46'),
(468, 'CESSION D\'ACTIFS', 'DISPOSAL OF ASSETS', '775010', 1, '2019-09-19 04:40:46', '2019-09-19 04:40:46'),
(469, 'RÉDIGER L\'AMORTISSEMENT ET LES PROVISIONS', 'WRITE BACK DEPRECIATION AND PROVISIONS', '790000', 1, '2019-09-19 04:40:46', '2019-09-19 04:40:46'),
(470, 'PROVISIONS POUR IMMOBILISATIONS ÉCRITES EN ARRIÈRE', 'PROVISIONS FOR FIXED ASSETS WRITTEN BACK', '791200', 1, '2019-09-19 04:40:46', '2019-09-19 04:40:46'),
(471, 'PRÊTS RADIÉS RÉCUPÉRÉS', 'WRITEN-OFF LOANS RECOVERED', '792000', 1, '2019-09-19 04:40:46', '2019-09-19 04:40:46'),
(472, 'PROVISION POUR RISQUES GÉNÉRAUX RÉÉCRIT', 'PROVISION FOR GENERAL RISKS WRITTEN BACK', '794000', 1, '2019-09-19 04:40:46', '2019-09-19 04:40:46'),
(473, 'DÉTERMINATION DES RÉSULTATS', 'DETERMINATION OF RESULTS', '800000', 1, '2019-09-19 04:40:46', '2019-09-19 04:40:46'),
(474, 'RÉSULTAT D\'EXPLOITATION', 'OPERATING RESULT', '820000', 1, '2019-09-19 04:40:46', '2019-09-19 04:40:46'),
(475, 'ESPECE MANQUANT CAISSE', 'MISSING CASH IN HAND', '571000', 1, '2019-09-23 12:06:28', '2019-09-23 12:06:28'),
(476, 'ESPECE SURPLUS CAISSE', 'EXCESS CASH IN HAND', '571000', 1, '2019-09-23 12:06:28', '2019-09-23 12:06:28'),
(477, 'DÉPÔTS PRÊT DES MEMBRES', 'MEMBERS LOAN DEPOSITS', '371010', 1, '2019-10-29 10:41:11', '2019-10-29 10:41:11'),
(478, 'PRÊT', 'LOAN', '310000', 1, '2019-10-29 10:43:43', '2019-10-29 10:43:43');

-- --------------------------------------------------------

--
-- Table structure for table `acc_types`
--

CREATE TABLE `acc_types` (
  `idacctype` int(11) NOT NULL,
  `accabbr` varchar(5) DEFAULT NULL,
  `labelfr` varchar(50) DEFAULT NULL,
  `labeleng` varchar(50) DEFAULT NULL,
  `updated_at` datetime DEFAULT NULL,
  `created_at` datetime DEFAULT NULL
) ENGINE=InnoDB DEFAULT CHARSET=utf8;

--
-- Dumping data for table `acc_types`
--

INSERT INTO `acc_types` (`idacctype`, `accabbr`, `labelfr`, `labeleng`, `updated_at`, `created_at`) VALUES
(1, 'C', 'COURANT', 'CURRENT', '2019-09-13 11:23:03', '2019-09-13 11:23:03'),
(2, 'E', 'ENGAGEMENT', 'COMMITMENT', '2019-09-13 11:23:03', '2019-09-13 11:23:03'),
(3, 'H', 'CHÈQUE', 'CHECK', '2019-09-13 11:23:03', '2019-09-13 11:23:03'),
(4, 'I', 'INTERNE (GÉNÉRAUX)', 'INTERNAL (GENERAL)', '2019-09-13 11:23:03', '2019-09-13 11:23:03'),
(5, 'O', 'ORDINAIRE', 'ORDINARY', '2019-09-13 11:23:03', '2019-09-13 11:23:03'),
(6, 'S', 'ÉPARGNE', 'SAVING', '2019-09-13 11:23:03', '2019-09-13 11:23:03'),
(7, 'U', 'INDÉTERMINÉ', 'UNDETERMINED', '2019-09-13 11:23:03', '2019-09-13 11:23:03'),
(8, NULL, 'SDFDSF', 'SDFSDF', NULL, '2019-11-17 13:50:22'),
(9, NULL, 'EDFEFGSD', 'SDFSD', NULL, '2019-11-17 15:46:11');

-- --------------------------------------------------------

--
-- Table structure for table `balances`
--

CREATE TABLE `balances` (
  `idbal` int(11) NOT NULL,
  `member` int(11) DEFAULT NULL,
  `account` int(11) DEFAULT NULL,
  `operation` int(11) DEFAULT NULL,
  `initbal` decimal(65,2) DEFAULT '0.00',
  `evebal` decimal(65,2) DEFAULT '0.00',
  `available` decimal(65,2) DEFAULT '0.00',
  `created_at` datetime DEFAULT CURRENT_TIMESTAMP,
  `updated_at` datetime DEFAULT CURRENT_TIMESTAMP
) ENGINE=InnoDB DEFAULT CHARSET=utf8;

--
-- Dumping data for table `balances`
--

INSERT INTO `balances` (`idbal`, `member`, `account`, `operation`, `initbal`, `evebal`, `available`, `created_at`, `updated_at`) VALUES
(1, 1, 4, 34, '0.00', '0.00', '50000.00', '2019-10-29 18:06:54', '2019-11-07 18:12:45'),
(2, 1, 227, 39, '0.00', '0.00', '400000.00', '2019-10-29 18:06:54', '2019-11-07 18:12:45'),
(3, 1, 229, 35, '0.00', '0.00', '1596315.00', '2019-10-29 18:06:55', '2019-11-19 11:58:39'),
(4, 1, 5, 36, '0.00', '0.00', '3500.00', '2019-10-29 18:06:55', '2019-10-29 18:06:55'),
(5, 1, 27, 38, '0.00', '0.00', '1500.00', '2019-10-29 18:06:55', '2019-10-29 18:06:55'),
(6, 1, 425, 37, '0.00', '0.00', '500.00', '2019-10-29 18:06:55', '2019-10-29 18:06:55'),
(7, 1, 461, 1, '0.00', '0.00', '1000.00', '2019-10-29 18:06:55', '2019-10-29 18:06:55'),
(8, 1, 477, 63, '0.00', '0.00', '4750000.00', '2019-11-07 18:23:53', '2019-11-22 09:34:09'),
(9, 2, 4, 34, '0.00', '0.00', '35000.00', '2019-11-12 10:08:57', '2019-11-12 10:08:57'),
(10, 2, 227, 39, '0.00', '0.00', '50000.00', '2019-11-12 10:08:57', '2019-11-12 10:08:57'),
(11, 2, 229, 35, '0.00', '0.00', '2394000.00', '2019-11-12 10:08:57', '2019-11-22 09:54:22'),
(12, 2, 5, 36, '0.00', '0.00', '3500.00', '2019-11-12 10:08:57', '2019-11-12 10:08:57'),
(13, 2, 27, 38, '0.00', '0.00', '1500.00', '2019-11-12 10:08:57', '2019-11-12 10:08:57'),
(14, 2, 425, 37, '0.00', '0.00', '9000.00', '2019-11-12 10:08:57', '2019-11-12 10:08:57'),
(15, 2, 461, 1, '0.00', '0.00', '1000.00', '2019-11-12 10:08:57', '2019-11-12 10:08:57'),
(16, 4, 4, 34, '0.00', '0.00', '36000.00', '2019-11-12 10:08:57', '2019-11-21 07:25:43'),
(17, 4, 227, 39, '0.00', '0.00', '15000.00', '2019-11-12 10:08:57', '2019-11-21 07:30:03'),
(18, 4, 229, 35, '0.00', '0.00', '66000.00', '2019-11-12 10:08:57', '2019-11-21 07:30:03'),
(19, 4, 5, 36, '0.00', '0.00', '3500.00', '2019-11-12 10:08:57', '2019-11-12 10:08:57'),
(20, 4, 27, 38, '0.00', '0.00', '1500.00', '2019-11-12 10:08:57', '2019-11-12 10:08:57'),
(21, 4, 425, 37, '0.00', '0.00', '1000.00', '2019-11-12 10:08:57', '2019-11-12 10:08:57'),
(22, 4, 461, 1, '0.00', '0.00', '1000.00', '2019-11-12 10:08:57', '2019-11-12 10:08:57'),
(23, 5, 4, 34, '0.00', '0.00', '35000.00', '2019-11-12 14:03:07', '2019-11-12 14:03:07'),
(24, 5, 227, 39, '0.00', '0.00', '10000.00', '2019-11-12 14:03:07', '2019-11-21 11:38:27'),
(25, 5, 229, 35, '0.00', '0.00', '100000.00', '2019-11-12 14:03:07', '2019-11-21 12:05:55'),
(26, 5, 5, 36, '0.00', '0.00', '3500.00', '2019-11-12 14:03:07', '2019-11-12 14:03:07'),
(27, 5, 27, 38, '0.00', '0.00', '1500.00', '2019-11-12 14:03:07', '2019-11-12 14:03:07'),
(28, 5, 425, 37, '0.00', '0.00', '1000.00', '2019-11-12 14:03:07', '2019-11-12 14:03:07'),
(29, 5, 461, 1, '0.00', '0.00', '1000.00', '2019-11-12 14:03:07', '2019-11-12 14:03:07'),
(30, 6, 4, 34, '0.00', '0.00', '35000.00', '2019-11-12 14:15:38', '2019-11-12 14:15:38'),
(31, 6, 227, 39, '0.00', '0.00', '25000.00', '2019-11-12 14:15:38', '2019-11-12 14:15:38'),
(32, 6, 229, 35, '0.00', '0.00', '100000.00', '2019-11-12 14:15:38', '2019-11-12 14:15:38'),
(33, 6, 5, 36, '0.00', '0.00', '3500.00', '2019-11-12 14:15:38', '2019-11-12 14:15:38'),
(34, 6, 27, 38, '0.00', '0.00', '1500.00', '2019-11-12 14:15:38', '2019-11-12 14:15:38'),
(35, 6, 425, 37, '0.00', '0.00', '4000.00', '2019-11-12 14:15:38', '2019-11-12 14:15:38'),
(36, 6, 461, 1, '0.00', '0.00', '1000.00', '2019-11-12 14:15:38', '2019-11-12 14:15:38'),
(37, 8, 4, 34, '0.00', '0.00', '35000.00', '2019-11-12 15:09:34', '2019-11-12 15:09:34'),
(38, 8, 227, 39, '0.00', '0.00', '8500.00', '2019-11-12 15:09:34', '2019-11-12 15:09:34'),
(39, 8, 229, 35, '0.00', '0.00', '50000.00', '2019-11-12 15:09:34', '2019-11-12 15:09:34'),
(40, 8, 5, 36, '0.00', '0.00', '3500.00', '2019-11-12 15:09:34', '2019-11-12 15:09:34'),
(41, 8, 27, 38, '0.00', '0.00', '1500.00', '2019-11-12 15:09:34', '2019-11-12 15:09:34'),
(42, 8, 425, 37, '0.00', '0.00', '500.00', '2019-11-12 15:09:34', '2019-11-12 15:09:34'),
(43, 8, 461, 1, '0.00', '0.00', '1000.00', '2019-11-12 15:09:34', '2019-11-12 15:09:34'),
(44, 2, 477, 63, '0.00', '0.00', '779000.00', '2019-11-15 09:32:31', '2019-11-22 13:41:12'),
(45, 4, 477, 63, '0.00', '0.00', '5000.00', '2019-11-20 02:19:25', '2019-11-22 12:22:20'),
(46, 5, 477, 63, '0.00', '0.00', '100000.00', '2019-11-20 02:20:59', '2019-11-21 13:12:50');

-- --------------------------------------------------------

--
-- Table structure for table `banks`
--

CREATE TABLE `banks` (
  `idbank` int(11) NOT NULL,
  `bankcode` int(11) DEFAULT NULL,
  `name` varchar(50) DEFAULT NULL,
  `ouracc` varchar(25) DEFAULT NULL,
  `theiracc` int(11) DEFAULT NULL,
  `phone1` varchar(25) DEFAULT NULL,
  `phone2` varchar(25) DEFAULT NULL,
  `email` varchar(50) DEFAULT NULL,
  `country` int(11) DEFAULT NULL,
  `region` int(11) DEFAULT NULL,
  `division` int(11) DEFAULT NULL,
  `subdivision` int(11) DEFAULT NULL,
  `town` int(11) DEFAULT NULL,
  `address` varchar(50) DEFAULT NULL,
  `postcode` int(11) DEFAULT NULL,
  `institution` int(11) DEFAULT NULL,
  `branch` int(11) DEFAULT NULL,
  `member` int(11) DEFAULT NULL,
  `updated_at` datetime DEFAULT CURRENT_TIMESTAMP,
  `created_at` datetime DEFAULT CURRENT_TIMESTAMP
) ENGINE=InnoDB DEFAULT CHARSET=utf8;

--
-- Dumping data for table `banks`
--

INSERT INTO `banks` (`idbank`, `bankcode`, `name`, `ouracc`, `theiracc`, `phone1`, `phone2`, `email`, `country`, `region`, `division`, `subdivision`, `town`, `address`, `postcode`, `institution`, `branch`, `member`, `updated_at`, `created_at`) VALUES
(1, 13, 'UBC CURRENT BANK', '100000300005', 325, '+237985632145', '+237334455362', 'bank@bank.com', 1, 3, 1, 1, 1, 'NDOBO', 123, 1, 1, NULL, '2019-10-07 11:43:10', '2019-09-24 09:09:33'),
(4, 15, 'BANLAZERTY', '102400000425', 317, '+777777777777', '+777777777777', 'TEST@TEST.COM', 1, 1, 2, 2, 2, 'AZDDR', 154, 1, 1, NULL, '2019-09-24 11:29:11', '2019-09-24 11:17:48'),
(5, 16, 'BANQWERTY', '102400000425', 341, '+777777777777', '+777777777777', 'TEST@TEST.COM', 1, 1, 2, 2, 2, 'AZDDR', 154, 1, 1, NULL, '2019-10-07 10:59:29', '2019-09-24 11:23:34'),
(6, 20, 'ANOTHER BANK', '68', 322, '+123456789999', '+777855512335', 'AZER@TEH.DE', 1, 3, 1, 1, 2, 'souza', 123, 1, 1, NULL, '2019-10-07 11:02:17', '2019-10-07 11:02:17');

-- --------------------------------------------------------

--
-- Table structure for table `benefs`
--

CREATE TABLE `benefs` (
  `idbene` int(11) NOT NULL,
  `fullname` varchar(50) DEFAULT NULL,
  `relation` varchar(25) DEFAULT NULL,
  `member` int(11) DEFAULT NULL,
  `ratio` int(3) DEFAULT NULL,
  `created_at` datetime DEFAULT CURRENT_TIMESTAMP,
  `updated_at` datetime DEFAULT CURRENT_TIMESTAMP
) ENGINE=InnoDB DEFAULT CHARSET=utf8;

--
-- Dumping data for table `benefs`
--

INSERT INTO `benefs` (`idbene`, `fullname`, `relation`, `member`, `ratio`, `created_at`, `updated_at`) VALUES
(1, 'NGUIMFACK SON', 'SON', 1, 50, '2019-10-29 19:09:14', '2019-10-29 19:09:14'),
(2, 'NGUIMFACK DAUGHTER', 'DAUGHTER', 1, 50, '2019-10-29 19:09:14', '2019-10-29 19:09:14'),
(3, 'EYONG SON', 'SON', 2, 100, '2019-11-12 10:08:57', '2019-11-12 10:08:57'),
(4, 'QWERTZ', 'BRO', 4, 100, '2019-11-12 14:33:49', '2019-11-12 14:33:49'),
(5, 'POL', 'SIS', 5, 100, '2019-11-12 15:09:45', '2019-11-12 15:09:45'),
(6, 'ASCGY', 'DEG', 6, 100, '2019-11-12 15:16:42', '2019-11-12 15:16:42'),
(7, 'SDFSDF', 'DF', 8, 100, '2019-11-12 15:09:34', '2019-11-12 15:09:34');

-- --------------------------------------------------------

--
-- Table structure for table `branches`
--

CREATE TABLE `branches` (
  `idbranch` int(11) NOT NULL,
  `name` varchar(50) DEFAULT NULL,
  `phone1` varchar(25) DEFAULT NULL,
  `phone2` varchar(25) DEFAULT NULL,
  `email` varchar(50) DEFAULT NULL,
  `region` int(11) DEFAULT NULL,
  `town` int(11) DEFAULT NULL,
  `address` varchar(50) DEFAULT NULL,
  `postcode` int(11) DEFAULT NULL,
  `institution` int(11) DEFAULT NULL,
  `updated_at` datetime DEFAULT CURRENT_TIMESTAMP,
  `created_at` datetime DEFAULT CURRENT_TIMESTAMP
) ENGINE=InnoDB DEFAULT CHARSET=utf8;

--
-- Dumping data for table `branches`
--

INSERT INTO `branches` (`idbranch`, `name`, `phone1`, `phone2`, `email`, `region`, `town`, `address`, `postcode`, `institution`, `updated_at`, `created_at`) VALUES
(1, 'BEPANDA', '123456789', '987654321', 'bepanda@gmail.com', 1, 1, 'Montée Americain', 1070, 1, '2019-09-06 19:43:30', '2019-09-06 19:43:30'),
(2, 'AKWA BRANCH', '123456789', '987654321', 'bepanda@gmail.com', 1, 1, 'Montée Americain', 1070, 2, '2019-09-06 19:43:30', '2019-09-06 19:43:30');

-- --------------------------------------------------------

--
-- Table structure for table `budgets`
--

CREATE TABLE `budgets` (
  `idbudget` int(11) NOT NULL,
  `account` int(11) DEFAULT NULL,
  `budgetline` int(11) DEFAULT NULL,
  `mode` varchar(10) DEFAULT NULL,
  `budm1` decimal(9,2) DEFAULT NULL,
  `budm2` decimal(9,2) DEFAULT NULL,
  `budm3` decimal(9,2) DEFAULT NULL,
  `budm4` decimal(9,2) DEFAULT NULL,
  `budm5` decimal(9,2) DEFAULT NULL,
  `budm6` decimal(9,2) DEFAULT NULL,
  `budm7` decimal(9,2) DEFAULT NULL,
  `budm8` decimal(9,2) DEFAULT NULL,
  `budm9` decimal(9,2) DEFAULT NULL,
  `budm10` decimal(9,2) DEFAULT NULL,
  `budm11` decimal(9,2) DEFAULT NULL,
  `budm12` decimal(9,2) DEFAULT NULL,
  `totamt` decimal(9,2) DEFAULT NULL,
  `budgetype1` varchar(25) DEFAULT NULL,
  `budgetype2` varchar(25) DEFAULT NULL,
  `institution` int(11) DEFAULT NULL,
  `branch` int(11) DEFAULT NULL,
  `updated_at` datetime DEFAULT CURRENT_TIMESTAMP,
  `created_at` datetime DEFAULT CURRENT_TIMESTAMP
) ENGINE=InnoDB DEFAULT CHARSET=utf8;

-- --------------------------------------------------------

--
-- Table structure for table `cashes`
--

CREATE TABLE `cashes` (
  `idcash` int(11) NOT NULL,
  `cashcode` varchar(6) DEFAULT NULL,
  `labelfr` varchar(50) DEFAULT NULL,
  `labeleng` varchar(50) DEFAULT NULL,
  `cashacc` int(11) DEFAULT NULL,
  `misacc` int(11) DEFAULT NULL,
  `excacc` int(11) DEFAULT NULL,
  `status` enum('O','C','R') NOT NULL DEFAULT 'C' COMMENT 'O - Opened C - Closed R - Reopened',
  `employee` int(11) DEFAULT NULL,
  `institution` int(11) DEFAULT NULL,
  `branch` int(11) DEFAULT NULL,
  `mon1` int(11) DEFAULT '0',
  `mon2` int(11) DEFAULT '0',
  `mon3` int(11) DEFAULT '0',
  `mon4` int(11) DEFAULT '0',
  `mon5` int(11) DEFAULT '0',
  `mon6` int(11) DEFAULT '0',
  `mon7` int(11) DEFAULT '0',
  `mon8` int(11) DEFAULT '0',
  `mon9` int(11) DEFAULT '0',
  `mon10` int(11) DEFAULT '0',
  `mon11` int(11) DEFAULT '0',
  `mon12` int(11) DEFAULT '0',
  `closed_at` date DEFAULT NULL,
  `updated_at` datetime DEFAULT CURRENT_TIMESTAMP,
  `created_at` datetime DEFAULT CURRENT_TIMESTAMP
) ENGINE=InnoDB DEFAULT CHARSET=utf8;

--
-- Dumping data for table `cashes`
--

INSERT INTO `cashes` (`idcash`, `cashcode`, `labelfr`, `labeleng`, `cashacc`, `misacc`, `excacc`, `status`, `employee`, `institution`, `branch`, `mon1`, `mon2`, `mon3`, `mon4`, `mon5`, `mon6`, `mon7`, `mon8`, `mon9`, `mon10`, `mon11`, `mon12`, `closed_at`, `updated_at`, `created_at`) VALUES
(1, 'PC', 'CAISSE PRINCIPALE', 'PRINCIPAL CASH', 342, 475, 476, 'O', 6, 1, 1, 1000, 2000, 500, 250, 300, 300, 150, 250, 150, 200, 200, 100, NULL, '2019-10-31 16:26:07', '2019-09-19 12:27:10'),
(2, 'C1', 'CAISSE UNE', 'CASH ONE', 344, 475, 476, 'C', 2, 1, 1, 100, 3, 0, 6, 7, 5, 8, 0, 7, 1, 100, 100, NULL, '2019-11-03 13:03:57', '2019-09-23 13:22:19'),
(6, 'C2', 'CAISSE DEUX', 'CASH TWO', 344, 475, 476, 'C', 8, 1, 1, 140, 0, 0, 0, 0, 0, 0, 0, 0, 0, 20, 60, NULL, '2019-11-03 13:04:42', '2019-09-24 04:56:31'),
(7, 'PC', 'CAISSE PRINCIPALE', 'PRINCIPALE CASH', 25, 24, 23, 'O', 1, 2, 2, 10, 4, 9, 14, 8, 9, 31, 38, 16, 15, 44, 20, NULL, '2019-10-07 12:04:14', '2019-09-26 15:44:58'),
(8, 'SC', 'PETITE CAISSE', 'SMALL CASH', 345, 475, 476, 'C', 7, 1, 1, 0, 0, 0, 0, 0, 0, 0, 0, 0, 0, 0, 0, NULL, '2019-11-03 12:44:50', '2019-09-27 08:05:29'),
(9, 'CC', 'CAISSE COLLECTE', 'COLLECTING CASH', 344, 475, 476, 'C', 5, 1, 1, 10, 10, 0, 0, 0, 0, 0, 0, 0, 0, 0, 0, NULL, '2019-11-03 13:05:20', '2019-09-27 08:05:29'),
(10, 'C6', 'CAISSE SIX', 'CASH SIX', 346, 475, 476, 'O', 4, 1, 1, 519, 417, 855, 299, 1094, 202, 208, 350, 1050, 1004, 1020, 109, NULL, '2019-11-22 12:22:20', '2019-09-30 10:00:24');

-- --------------------------------------------------------

--
-- Table structure for table `checks`
--

CREATE TABLE `checks` (
  `idcheck` int(11) NOT NULL,
  `checknumb` varchar(25) DEFAULT NULL,
  `bank` int(11) DEFAULT NULL,
  `status` enum('D','P','U') DEFAULT NULL COMMENT 'D - Dropped P - Paid U - Unpaid',
  `type` enum('I','O') NOT NULL COMMENT 'I - Check In O - Check Out',
  `amount` decimal(65,2) DEFAULT '0.00',
  `carrier` varchar(50) DEFAULT NULL,
  `institution` int(11) DEFAULT NULL,
  `branch` int(11) DEFAULT NULL,
  `member` int(11) DEFAULT NULL,
  `operation` int(11) DEFAULT NULL,
  `sorted` enum('Y','N') DEFAULT NULL COMMENT 'Y - Yes N - No',
  `updated_at` datetime DEFAULT CURRENT_TIMESTAMP,
  `created_at` datetime DEFAULT CURRENT_TIMESTAMP
) ENGINE=InnoDB DEFAULT CHARSET=utf8;

--
-- Dumping data for table `checks`
--

INSERT INTO `checks` (`idcheck`, `checknumb`, `bank`, `status`, `type`, `amount`, `carrier`, `institution`, `branch`, `member`, `operation`, `sorted`, `updated_at`, `created_at`) VALUES
(1, '123456789', 1, 'P', 'I', '1000000.00', 'NGUIMFACK NKENGFACK', 1, 1, 1, 59, 'Y', '2019-11-01 18:51:31', '2019-10-29 19:49:25'),
(2, '852369741', 5, 'P', 'I', '2000000.00', 'SOMEONE', 1, 1, NULL, 60, 'Y', '2019-11-01 21:31:27', '2019-10-29 20:45:22'),
(3, '951374862', 1, NULL, 'O', '1000000.00', 'AZERTY', 1, 1, 1, 5, NULL, '2019-11-01 10:40:32', '2019-10-31 14:36:29'),
(4, '786541239', 1, NULL, 'O', '200000.00', 'AZERTY 123', 1, 1, NULL, 61, NULL, '2019-11-01 10:40:32', '2019-10-31 15:45:45'),
(5, '854796321', 5, 'P', 'I', '25000000.00', 'OWNER', 1, 1, 1, 59, 'N', '2019-11-22 13:23:23', '2019-11-02 15:53:30'),
(6, '123456789', 1, 'P', 'I', '101000.00', 'SOMEONE', 1, 1, 5, 59, 'Y', '2019-11-21 15:11:19', '2019-11-21 13:58:46'),
(7, '987541236', 1, 'P', 'I', '500000.00', 'MEMBER', 1, 1, 2, 59, 'Y', '2019-11-22 09:54:22', '2019-11-22 09:51:38'),
(8, '123654789', 6, 'P', 'I', '800000.00', 'AZERTY', 1, 1, 2, 59, 'Y', '2019-11-22 12:56:58', '2019-11-22 12:52:53'),
(9, '741258963', 1, 'P', 'I', '90000.00', 'AZSQWX', 1, 1, 2, 59, 'Y', '2019-11-22 13:24:47', '2019-11-22 13:22:51');

-- --------------------------------------------------------

--
-- Table structure for table `check_acc_amts`
--

CREATE TABLE `check_acc_amts` (
  `idcheckamt` int(11) NOT NULL,
  `checkno` int(11) DEFAULT NULL,
  `type` enum('N','L') DEFAULT NULL COMMENT 'N - Normal Account L - Loan Account',
  `account` int(11) DEFAULT NULL,
  `operation` varchar(50) DEFAULT NULL,
  `loan` int(11) DEFAULT NULL,
  `intamt` decimal(65,2) DEFAULT '0.00',
  `accamt` decimal(65,2) DEFAULT NULL,
  `status` enum('D','P','U') DEFAULT 'D' COMMENT 'D - Dropped P - Paid U - Unpaid',
  `updated_at` datetime DEFAULT CURRENT_TIMESTAMP,
  `created_at` datetime DEFAULT CURRENT_TIMESTAMP
) ENGINE=InnoDB DEFAULT CHARSET=utf8;

--
-- Dumping data for table `check_acc_amts`
--

INSERT INTO `check_acc_amts` (`idcheckamt`, `checkno`, `type`, `account`, `operation`, `loan`, `intamt`, `accamt`, `status`, `updated_at`, `created_at`) VALUES
(6, 5, 'N', 4, '34', NULL, '0.00', '2000000.00', 'P', '2019-11-22 13:23:23', '2019-11-02 15:53:30'),
(7, 5, 'N', 227, '39', NULL, '0.00', '3000000.00', 'P', '2019-11-22 13:23:23', '2019-11-02 15:53:30'),
(8, 5, 'N', 229, '35', NULL, '0.00', '20000000.00', 'P', '2019-11-22 13:23:23', '2019-11-02 15:53:30');

-- --------------------------------------------------------

--
-- Table structure for table `collectors`
--

CREATE TABLE `collectors` (
  `idcoll` int(11) NOT NULL,
  `colmat` varchar(25) DEFAULT NULL,
  `name` varchar(50) DEFAULT NULL,
  `surname` varchar(50) DEFAULT NULL,
  `gender` enum('M','F') NOT NULL DEFAULT 'M' COMMENT 'M - Male\nF - Female',
  `dob` date DEFAULT NULL,
  `pob` varchar(50) DEFAULT NULL,
  `phone1` varchar(25) DEFAULT NULL,
  `phone2` varchar(25) DEFAULT NULL,
  `email` varchar(50) DEFAULT NULL,
  `status` enum('M','S','D','W','O') DEFAULT 'M' COMMENT 'M - Married\nS - Single\nD - Divorced\nW - Widow\nO - Others',
  `nic` int(25) DEFAULT NULL,
  `issuedate` date DEFAULT NULL,
  `issueplace` varchar(50) DEFAULT NULL,
  `cnpsnumb` int(11) DEFAULT NULL,
  `pic` varchar(255) DEFAULT NULL,
  `signature` varchar(255) DEFAULT NULL,
  `country` int(11) DEFAULT NULL,
  `regorigin` int(11) DEFAULT NULL,
  `region` int(11) DEFAULT NULL,
  `town` int(11) DEFAULT NULL,
  `division` int(11) DEFAULT NULL,
  `subdivision` int(11) DEFAULT NULL,
  `address` varchar(50) DEFAULT NULL,
  `street` varchar(50) DEFAULT NULL,
  `quarter` varchar(50) DEFAULT NULL,
  `post` varchar(50) DEFAULT NULL,
  `password` varchar(255) DEFAULT NULL,
  `empdate` date DEFAULT NULL,
  `network` int(11) DEFAULT NULL,
  `branch` int(11) DEFAULT NULL,
  `privilege` int(11) DEFAULT NULL,
  `updated_at` datetime DEFAULT CURRENT_TIMESTAMP,
  `created_at` datetime DEFAULT CURRENT_TIMESTAMP
) ENGINE=InnoDB DEFAULT CHARSET=utf8;

-- --------------------------------------------------------

--
-- Table structure for table `comakers`
--

CREATE TABLE `comakers` (
  `idcomaker` int(11) NOT NULL,
  `loan` int(11) DEFAULT NULL,
  `member` int(11) DEFAULT NULL,
  `account` int(11) DEFAULT NULL,
  `guaramt` decimal(65,2) DEFAULT '0.00',
  `paidguar` decimal(65,2) DEFAULT '0.00',
  `status` enum('Ar','C') NOT NULL DEFAULT 'Ar' COMMENT 'Ar - Approved C - Closed',
  `updated_at` datetime DEFAULT CURRENT_TIMESTAMP,
  `created_at` datetime DEFAULT CURRENT_TIMESTAMP
) ENGINE=InnoDB DEFAULT CHARSET=utf8;

--
-- Dumping data for table `comakers`
--

INSERT INTO `comakers` (`idcomaker`, `loan`, `member`, `account`, `guaramt`, `paidguar`, `status`, `updated_at`, `created_at`) VALUES
(1, 1, 1, 229, '1500000.00', '1500000.00', 'C', '2019-11-19 12:56:38', '2019-11-07 18:23:53'),
(2, 1, 2, 229, '250000.00', '250000.00', 'C', '2019-11-19 11:58:39', '2019-11-13 17:11:24'),
(3, 2, 2, 229, '600000.00', '600000.00', 'C', '2019-11-19 11:39:15', '2019-11-15 09:32:31'),
(4, 3, 4, 229, '45000.00', '45000.00', 'C', '2019-11-21 07:13:07', '2019-11-20 02:19:24'),
(5, 4, 5, 229, '50000.00', '50000.00', 'C', '2019-11-21 15:11:19', '2019-11-20 02:20:59'),
(6, 4, 6, 229, '50000.00', '50000.00', 'C', '2019-11-21 11:38:27', '2019-11-20 02:20:59'),
(7, 5, 4, 229, '50000.00', '50000.00', 'C', '2019-11-21 07:31:33', '2019-11-21 07:17:09'),
(8, 4, 1, 229, '50000.00', '50000.00', 'C', '2019-11-21 15:11:19', '2019-11-21 12:15:19'),
(9, 6, 1, 229, '1000000.00', '0.00', 'Ar', '2019-11-22 09:34:08', '2019-11-22 09:34:08'),
(10, 7, 2, 229, '1000000.00', '100000.00', 'C', '2019-11-22 09:54:22', '2019-11-22 09:34:33'),
(11, 7, 2, 229, '1000000.00', '100000.00', 'C', '2019-11-22 11:28:26', '2019-11-22 09:59:56'),
(12, 7, 2, 229, '394000.00', '0.00', 'Ar', '2019-11-22 13:41:12', '2019-11-22 11:33:11');

-- --------------------------------------------------------

--
-- Table structure for table `countries`
--

CREATE TABLE `countries` (
  `idcountry` int(11) NOT NULL,
  `labelfr` varchar(50) DEFAULT NULL,
  `labeleng` varchar(50) DEFAULT NULL,
  `isocode` varchar(5) DEFAULT NULL,
  `phonecode` varchar(5) DEFAULT NULL,
  `currency` int(11) DEFAULT NULL,
  `updated_at` datetime DEFAULT CURRENT_TIMESTAMP,
  `created_at` datetime DEFAULT CURRENT_TIMESTAMP
) ENGINE=InnoDB DEFAULT CHARSET=utf8;

--
-- Dumping data for table `countries`
--

INSERT INTO `countries` (`idcountry`, `labelfr`, `labeleng`, `isocode`, `phonecode`, `currency`, `updated_at`, `created_at`) VALUES
(1, 'CAMEROUN', 'CAMEROON', '120', '237', 1, '2019-09-06 19:04:06', '2019-09-06 19:04:06');

-- --------------------------------------------------------

--
-- Table structure for table `currencies`
--

CREATE TABLE `currencies` (
  `idcurrency` int(11) NOT NULL,
  `label` varchar(25) DEFAULT NULL,
  `format` varchar(10) DEFAULT NULL,
  `updated_at` datetime DEFAULT CURRENT_TIMESTAMP,
  `created_at` datetime DEFAULT CURRENT_TIMESTAMP
) ENGINE=InnoDB DEFAULT CHARSET=utf8;

--
-- Dumping data for table `currencies`
--

INSERT INTO `currencies` (`idcurrency`, `label`, `format`, `updated_at`, `created_at`) VALUES
(1, 'Francs CFA', 'XAF', '2019-09-06 19:02:35', '2019-09-06 19:02:35');

-- --------------------------------------------------------

--
-- Table structure for table `dem_comakers`
--

CREATE TABLE `dem_comakers` (
  `iddemcomaker` int(11) NOT NULL,
  `demloan` int(11) DEFAULT NULL,
  `member` int(11) DEFAULT NULL,
  `account` int(11) DEFAULT NULL,
  `guaramt` decimal(65,2) DEFAULT NULL,
  `status` enum('Al','R') NOT NULL DEFAULT 'Al' COMMENT 'Al - Applied R - Rejected',
  `updated_at` datetime DEFAULT CURRENT_TIMESTAMP,
  `created_at` datetime DEFAULT CURRENT_TIMESTAMP
) ENGINE=InnoDB DEFAULT CHARSET=utf8;

-- --------------------------------------------------------

--
-- Table structure for table `dem_loans`
--

CREATE TABLE `dem_loans` (
  `iddemloan` int(11) NOT NULL,
  `demloanno` int(11) NOT NULL,
  `member` int(11) DEFAULT NULL,
  `amount` decimal(65,2) DEFAULT NULL,
  `loanpur` int(11) DEFAULT NULL,
  `loantype` int(11) DEFAULT NULL,
  `vat` decimal(9,2) DEFAULT '0.00',
  `amortype` enum('C','V') DEFAULT NULL COMMENT 'C - CONSTANT V - VARIABLE',
  `periodicity` enum('D','W','B','M','T','S','A') DEFAULT NULL COMMENT 'D - DAILY W - WEEKLY B - BIMONTHLY M - MONTHLY T - TRIMESTER S - SEMESTER A - ANNUALLY',
  `grace` int(11) DEFAULT '0',
  `instdate1` date DEFAULT NULL,
  `nbrinst` int(11) DEFAULT '0',
  `intrate` decimal(9,2) DEFAULT '0.00',
  `status` enum('Al','Ar','R') DEFAULT 'Al' COMMENT 'Al - Applied Ar - Approved R - Rejected',
  `guarantee` enum('F','M','F&M') DEFAULT NULL COMMENT 'F - Financial M - Morgage F&M - Financial and Morgage',
  `employee` int(11) DEFAULT NULL,
  `isforce` enum('Y','N') NOT NULL DEFAULT 'N' COMMENT 'Y - Yes N - No',
  `isforceby` int(11) DEFAULT NULL,
  `institution` int(11) DEFAULT NULL,
  `branch` int(11) DEFAULT NULL,
  `updated_at` datetime DEFAULT CURRENT_TIMESTAMP,
  `created_at` datetime DEFAULT CURRENT_TIMESTAMP
) ENGINE=InnoDB DEFAULT CHARSET=utf8;

-- --------------------------------------------------------

--
-- Table structure for table `dem_mortgages`
--

CREATE TABLE `dem_mortgages` (
  `iddemmortgage` int(11) NOT NULL,
  `demmortgno` int(11) DEFAULT NULL,
  `name` text,
  `nature` varchar(255) DEFAULT NULL,
  `member` int(11) DEFAULT NULL,
  `loan` int(11) DEFAULT NULL,
  `amount` decimal(65,2) DEFAULT '0.00',
  `act_amount` decimal(65,2) DEFAULT '0.00',
  `status` enum('Al','R') DEFAULT 'Al' COMMENT 'Al - Applied R - Rejected',
  `created_at` datetime NOT NULL DEFAULT CURRENT_TIMESTAMP,
  `updated_at` datetime NOT NULL DEFAULT CURRENT_TIMESTAMP
) ENGINE=InnoDB DEFAULT CHARSET=utf8;

-- --------------------------------------------------------

--
-- Table structure for table `directors`
--

CREATE TABLE `directors` (
  `iddirect` int(10) NOT NULL,
  `elecdate` date DEFAULT NULL,
  `functions` varchar(45) DEFAULT NULL,
  `man_dur` varchar(45) DEFAULT NULL,
  `employee` int(11) DEFAULT NULL,
  `network` int(11) DEFAULT NULL,
  `updated_at` datetime DEFAULT CURRENT_TIMESTAMP,
  `created_at` datetime DEFAULT CURRENT_TIMESTAMP
) ENGINE=InnoDB DEFAULT CHARSET=utf8;

-- --------------------------------------------------------

--
-- Table structure for table `divisions`
--

CREATE TABLE `divisions` (
  `iddiv` int(11) NOT NULL,
  `label` varchar(45) DEFAULT NULL,
  `region` int(11) DEFAULT NULL,
  `updated_at` datetime DEFAULT CURRENT_TIMESTAMP,
  `created_at` datetime DEFAULT CURRENT_TIMESTAMP
) ENGINE=InnoDB DEFAULT CHARSET=utf8;

--
-- Dumping data for table `divisions`
--

INSERT INTO `divisions` (`iddiv`, `label`, `region`, `updated_at`, `created_at`) VALUES
(1, 'WOURI', 3, '2019-09-06 19:20:26', '2019-09-06 19:20:26'),
(2, 'MENOUA', 1, '2019-09-06 19:20:26', '2019-09-06 19:20:26');

-- --------------------------------------------------------

--
-- Table structure for table `emprofs`
--

CREATE TABLE `employees` (
  `idemp` int(11) NOT NULL,
  `empmat` varchar(25) DEFAULT NULL,
  `name` varchar(50) DEFAULT NULL,
  `surname` varchar(50) DEFAULT NULL,
  `gender` enum('M','F') NOT NULL DEFAULT 'M' COMMENT 'M - Male\nF - Female',
  `dob` date DEFAULT NULL,
  `pob` varchar(50) DEFAULT NULL,
  `phone1` varchar(25) DEFAULT NULL,
  `phone2` varchar(25) DEFAULT NULL,
  `email` varchar(50) DEFAULT NULL,
  `status` enum('M','S','D','W','O') DEFAULT 'M' COMMENT 'M - Married\nS - Single\nD - Divorced\nW - Widow\nO - Others',
  `nic` int(25) DEFAULT NULL,
  `issuedate` date DEFAULT NULL,
  `issueplace` varchar(50) DEFAULT NULL,
  `cnpsnumb` int(11) DEFAULT NULL,
  `pic` varchar(255) DEFAULT NULL,
  `signature` varchar(255) DEFAULT NULL,
  `country` int(11) DEFAULT NULL,
  `regorigin` int(11) DEFAULT NULL,
  `region` int(11) DEFAULT NULL,
  `town` int(11) DEFAULT NULL,
  `division` int(11) DEFAULT NULL,
  `subdivision` int(11) DEFAULT NULL,
  `address` varchar(50) DEFAULT NULL,
  `street` varchar(50) DEFAULT NULL,
  `quarter` varchar(50) DEFAULT NULL,
  `post` varchar(50) DEFAULT NULL,
  `password` varchar(255) DEFAULT NULL,
  `empdate` date DEFAULT NULL,
  `network` int(11) DEFAULT NULL,
  `zone` int(11) DEFAULT NULL,
  `institution` int(11) DEFAULT NULL,
  `branch` int(11) DEFAULT NULL,
  `privilege` int(11) DEFAULT NULL,
  `operlevel` enum('1','2') DEFAULT NULL COMMENT '1 - Institution 2 - Branch',
  `updated_at` datetime DEFAULT CURRENT_TIMESTAMP,
  `created_at` datetime DEFAULT CURRENT_TIMESTAMP
) ENGINE=InnoDB DEFAULT CHARSET=utf8;

--
-- Dumping data for table `emprofs`
--

INSERT INTO `employees` (`idemp`, `empmat`, `name`, `surname`, `gender`, `dob`, `pob`, `phone1`, `phone2`, `email`, `status`, `nic`, `issuedate`, `issueplace`, `cnpsnumb`, `pic`, `signature`, `country`, `regorigin`, `region`, `town`, `division`, `subdivision`, `address`, `street`, `quarter`, `post`, `password`, `empdate`, `network`, `zone`, `institution`, `branch`, `privilege`, `operlevel`, `updated_at`, `created_at`) VALUES
(1, 'TAMCO0001', 'NGUIMFACK NKENGFACK', 'Donald Blondin', 'M', '1996-10-25', 'NANGA - EBOKO', '697657064', '671319573', 'nkengfack96@gmail.com', 'S', 114695078, '2013-11-01', 'LT01', NULL, 'uploads\\logo.png', NULL, 1, 1, 1, 1, 1, 1, 'Ndobo', 'Brasseries', 'Bloc IV', 'Information Technology Manager', '$2y$10$AoDDpt7cH76eocjESyyMKuPua92hiSsxdAWyI/yK/eOxVtfzUiLlm', '2019-07-01', 1, 1, 1, 1, 1, '2', '2019-09-06 20:56:56', '2019-09-06 20:56:56'),
(2, 'TAMCO0002', 'ENOH EYONG', 'Carl', 'M', '1996-10-25', 'BUEA', '697657064', '671319573', 'carloblink@gmail.com', 'S', 147852369, '2013-11-01', 'LT01', NULL, 'uploads\\logo.png', NULL, 1, 1, 1, 1, 1, 1, 'Ndobo', 'Brasseries', 'Bloc IV', 'Information Technology Manager', '$2y$10$uEEJcx7T6gxwmJCIYPpGVulgxSIjH/DK6O2weh61AXCT0hqbZ.n6G', '2019-07-01', 1, 1, 2, 1, 1, '2', '2019-09-06 20:56:56', '2019-09-06 20:56:56'),
(3, NULL, 'NJI', 'Daniel', 'M', '2000-09-27', 'ELAK - OKU', '680844883', NULL, 'njie123daniel@gmail.com', '', 100639189, '2018-08-09', 'NW04', NULL, 'uploads\\logo.png', NULL, 1, 1, 1, 1, NULL, 1, NULL, 'Nkoa Ekele', 'Chateau ', 'Member Service', '$2y$10$PV76xsZYW7mP4bFL9FDUP.n3/fTeuuw2me7PLW8zGsOCFqC.0dQju', '2019-07-01', 1, 1, 1, 1, 2, '2', '2019-08-05 14:59:21', '2019-08-05 14:59:21'),
(4, NULL, 'EYONG', 'Carl Enoh', 'M', '1995-09-11', 'BUEA - FAKO', '680427488', NULL, NULL, '', 816574, '2017-08-07', 'SW22', NULL, 'uploads\\logo.png', NULL, 1, 1, 1, 1, 1, 1, 'Bonaberi', 'Rail', 'Bamboutos', 'Cashier', '$2y$10$QwtQsnRms1sCOjTfonllhOEg/2y/g3ZTinsGJDzi5Ti2GpNWFs9rq', '2019-07-01', 1, 1, 1, 1, 3, '2', '2019-08-07 09:56:29', '2019-08-07 09:56:29'),
(5, NULL, 'MBODA WOBIWO GUIFFO', NULL, 'M', '1996-10-23', 'BAMENDJOU', '655442946', '672095116', 'mboda.wobiwo@gmail.com', '', 577667, '2017-08-25', 'OU03', NULL, 'uploads\\\\logo.png', NULL, 1, 1, 1, 1, 1, 1, 'PK 16', NULL, NULL, 'Collector', '$2y$10$Nk6EMxT/XIriKl/PXicXpuxYlueCp7miqwSwL.ZiXfdyx3RMjeNxi', '2019-08-07', 1, 1, 1, 1, 4, '2', '2019-08-07 19:35:56', '2019-08-07 19:35:56'),
(6, NULL, 'ZAINAB OUBA', NULL, 'F', '1993-03-16', 'GAROUA', '655006649', NULL, NULL, '', 112307659, '2011-07-14', 'LT03', NULL, 'uploads\\logo.png', NULL, 1, 1, 1, 1, 1, 1, 'New Bell', NULL, NULL, 'Accountant', '$2y$10$I8y6nhBaxZTsKbAaQmCI1u3QI1HbcfEYHi/Es7V0uraiyz0V1Zvty', '2019-07-01', 1, 1, 1, 1, 5, '2', '2019-08-08 12:16:52', '2019-08-08 12:16:52'),
(7, NULL, 'NGOH', 'Garrete Ngoh', 'M', '1997-12-17', 'BAMBILI', '671271417', NULL, NULL, '', 696886, '2017-08-24', 'NW08', NULL, 'uploads\\logo.png', NULL, 1, 1, 1, 1, NULL, 1, NULL, 'Nkoa EkelE', 'Chateau', 'Loan Officer', '$2y$10$CoFLT1ah5yZ95t8fSYGYMemka6iQMVADwzI9CzbXaLIPlx3QtAvJq', '2019-07-08', 1, 1, 1, 1, 6, '2', '2019-08-08 12:16:52', '2019-08-08 12:16:52'),
(8, NULL, 'BERTRAND NKEH', 'Yakum', 'M', '1997-05-12', 'BAMBALANG', NULL, NULL, NULL, '', 117224841, '2015-10-05', 'NW04', NULL, 'uploads\\logo.png', NULL, 1, 1, 1, 1, NULL, NULL, NULL, NULL, NULL, 'Branch Manager', '$2y$10$EzB7U0WoGux/tvd2Zm2uheZLUz9TlQqUp3zAx6YUSlUTy.YfArqBS', '2019-07-08', 1, 1, 1, 1, 7, '2', '2019-08-08 12:26:18', '2019-08-08 12:26:18'),
(9, NULL, 'NDITAFON', 'Hyson Nuigho', 'M', '2000-09-10', 'BAMBALANG', NULL, NULL, NULL, '', 224914, '2017-03-06', 'NW13', NULL, 'uploads\\logo.png', NULL, 1, 1, 1, 1, NULL, NULL, 'Nkambe', NULL, NULL, 'Assistant Branch Manager', '$2y$10$G0miCMSp3vVaD4EwHKR2Y.8Iw49eLTvDWtW6fXRlkVi04Pa1NnrIu', '2019-08-01', 1, 1, 1, 1, 8, '2', '2019-08-08 12:26:18', '2019-08-08 12:26:18');

-- --------------------------------------------------------

--
-- Table structure for table `events`
--

CREATE TABLE `events` (
  `idevent` bigint(100) NOT NULL,
  `employee` int(11) DEFAULT NULL,
  `operation` text,
  `created_at` datetime DEFAULT CURRENT_TIMESTAMP,
  `updated_at` datetime DEFAULT CURRENT_TIMESTAMP
) ENGINE=InnoDB DEFAULT CHARSET=utf8;

-- --------------------------------------------------------

--
-- Table structure for table `groups`
--

CREATE TABLE `groups` (
  `idgroup` int(11) NOT NULL,
  `code` int(11) DEFAULT NULL,
  `name` varchar(50) DEFAULT NULL,
  `account` int(11) DEFAULT NULL,
  `institution` int(11) DEFAULT NULL,
  `branch` int(11) DEFAULT NULL,
  `updated_at` datetime DEFAULT CURRENT_TIMESTAMP,
  `created_at` datetime DEFAULT CURRENT_TIMESTAMP
) ENGINE=InnoDB DEFAULT CHARSET=utf8;

--
-- Dumping data for table `groups`
--

INSERT INTO `groups` (`idgroup`, `code`, `name`, `account`, `institution`, `branch`, `updated_at`, `created_at`) VALUES
(1, 1, 'CCC', 326, 1, 1, '2019-10-23 19:39:49', '2019-10-23 19:39:49'),
(2, 2, 'OTHER GROUPS', 332, 1, 1, '2019-10-23 19:39:49', '2019-10-23 19:39:49');

-- --------------------------------------------------------

--
-- Table structure for table `immos`
--

CREATE TABLE `immos` (
  `idimmo` int(11) NOT NULL,
  `acqdate` date DEFAULT NULL,
  `value` int(11) DEFAULT NULL,
  `duration` varchar(10) DEFAULT NULL,
  `amordate` date DEFAULT NULL,
  `resivalue` int(11) DEFAULT NULL,
  `amoramt` decimal(9,2) DEFAULT NULL,
  `disposamt` decimal(9,2) DEFAULT NULL,
  `institution` int(11) DEFAULT NULL,
  `branch` int(11) DEFAULT NULL,
  `updated_at` datetime DEFAULT CURRENT_TIMESTAMP,
  `created_at` datetime DEFAULT CURRENT_TIMESTAMP
) ENGINE=InnoDB DEFAULT CHARSET=utf8;

-- --------------------------------------------------------

--
-- Table structure for table `installments`
--

CREATE TABLE `installments` (
  `idinstall` int(11) NOT NULL,
  `loan` int(11) NOT NULL,
  `installno` int(11) NOT NULL,
  `capital` decimal(65,2) NOT NULL DEFAULT '0.00',
  `amort` decimal(65,2) NOT NULL DEFAULT '0.00',
  `interest` decimal(65,2) NOT NULL DEFAULT '0.00',
  `annuity` decimal(65,2) NOT NULL DEFAULT '0.00',
  `tax` decimal(65,2) NOT NULL DEFAULT '0.00',
  `total` decimal(65,2) NOT NULL DEFAULT '0.00',
  `instdate` date NOT NULL,
  `created_at` datetime NOT NULL DEFAULT CURRENT_TIMESTAMP,
  `updated_at` datetime NOT NULL DEFAULT CURRENT_TIMESTAMP
) ENGINE=InnoDB DEFAULT CHARSET=utf8;

--
-- Dumping data for table `installments`
--

INSERT INTO `installments` (`idinstall`, `loan`, `installno`, `capital`, `amort`, `interest`, `annuity`, `tax`, `total`, `instdate`, `created_at`, `updated_at`) VALUES
(1, 1, 1, '1750000.00', '350000.00', '17500.00', '367500.00', '0.00', '367500.00', '2019-11-01', '2019-11-07 18:23:53', '2019-11-14 09:23:34'),
(2, 1, 2, '1400000.00', '350000.00', '14000.00', '364000.00', '0.00', '364000.00', '2019-11-16', '2019-11-07 18:23:53', '2019-11-14 09:23:34'),
(3, 1, 3, '1050000.00', '350000.00', '10500.00', '360500.00', '0.00', '360500.00', '2019-12-01', '2019-11-07 18:23:53', '2019-11-14 09:23:34'),
(4, 1, 4, '700000.00', '350000.00', '7000.00', '357000.00', '0.00', '357000.00', '2019-12-16', '2019-11-07 18:23:53', '2019-11-14 09:23:34'),
(5, 1, 5, '350000.00', '350000.00', '3500.00', '353500.00', '0.00', '353500.00', '2019-12-31', '2019-11-07 18:23:53', '2019-11-14 09:23:34'),
(6, 2, 1, '600000.00', '120000.00', '6000.00', '126000.00', '0.00', '126000.00', '2019-11-30', '2019-11-15 09:32:31', '2019-11-15 09:32:31'),
(7, 2, 2, '480000.00', '120000.00', '4800.00', '124800.00', '0.00', '124800.00', '2019-12-15', '2019-11-15 09:32:31', '2019-11-15 09:32:31'),
(8, 2, 3, '360000.00', '120000.00', '3600.00', '123600.00', '0.00', '123600.00', '2019-12-30', '2019-11-15 09:32:31', '2019-11-15 09:32:31'),
(9, 2, 4, '240000.00', '120000.00', '2400.00', '122400.00', '0.00', '122400.00', '2020-01-14', '2019-11-15 09:32:31', '2019-11-15 09:32:31'),
(10, 2, 5, '120000.00', '120000.00', '1200.00', '121200.00', '0.00', '121200.00', '2020-01-29', '2019-11-15 09:32:31', '2019-11-15 09:32:31'),
(11, 3, 1, '45000.00', '9000.00', '450.00', '9450.00', '0.00', '9450.00', '2019-11-27', '2019-11-20 02:19:24', '2019-11-20 02:19:24'),
(12, 3, 2, '36000.00', '9000.00', '360.00', '9360.00', '0.00', '9360.00', '2019-12-04', '2019-11-20 02:19:24', '2019-11-20 02:19:24'),
(13, 3, 3, '27000.00', '9000.00', '270.00', '9270.00', '0.00', '9270.00', '2019-12-11', '2019-11-20 02:19:24', '2019-11-20 02:19:24'),
(14, 3, 4, '18000.00', '9000.00', '180.00', '9180.00', '0.00', '9180.00', '2019-12-18', '2019-11-20 02:19:24', '2019-11-20 02:19:24'),
(15, 3, 5, '9000.00', '9000.00', '90.00', '9090.00', '0.00', '9090.00', '2019-12-25', '2019-11-20 02:19:24', '2019-11-20 02:19:24'),
(16, 4, 1, '100000.00', '20000.00', '1000.00', '21000.00', '0.00', '21000.00', '2019-12-06', '2019-11-20 02:20:59', '2019-11-21 12:15:19'),
(17, 4, 2, '80000.00', '20000.00', '800.00', '20800.00', '0.00', '20800.00', '2019-12-21', '2019-11-20 02:20:59', '2019-11-21 12:15:19'),
(18, 4, 3, '60000.00', '20000.00', '600.00', '20600.00', '0.00', '20600.00', '2020-01-05', '2019-11-20 02:20:59', '2019-11-21 12:15:19'),
(19, 4, 4, '40000.00', '20000.00', '400.00', '20400.00', '0.00', '20400.00', '2020-01-20', '2019-11-20 02:20:59', '2019-11-21 12:15:19'),
(20, 4, 5, '20000.00', '20000.00', '200.00', '20200.00', '0.00', '20200.00', '2020-02-04', '2019-11-20 02:20:59', '2019-11-21 12:15:19'),
(26, 5, 1, '50000.00', '12314.00', '500.00', '12814.00', '0.00', '12814.00', '2019-11-28', '2019-11-21 07:17:09', '2019-11-21 07:17:09'),
(27, 5, 2, '37686.00', '12437.00', '377.00', '12814.00', '0.00', '12814.00', '2019-12-05', '2019-11-21 07:17:09', '2019-11-21 07:17:09'),
(28, 5, 3, '25249.00', '12562.00', '252.00', '12814.00', '0.00', '12814.00', '2019-12-12', '2019-11-21 07:17:09', '2019-11-21 07:17:09'),
(29, 5, 4, '12687.00', '12687.00', '127.00', '12814.00', '0.00', '12814.00', '2019-12-19', '2019-11-21 07:17:09', '2019-11-21 07:17:09'),
(30, 6, 1, '1000000.00', '95582.00', '10000.00', '105582.00', '0.00', '105582.00', '2019-12-22', '2019-11-22 09:34:09', '2019-11-22 09:34:09'),
(31, 6, 2, '904418.00', '96538.00', '9044.00', '105582.00', '0.00', '105582.00', '2020-01-22', '2019-11-22 09:34:09', '2019-11-22 09:34:09'),
(32, 6, 3, '807880.00', '97503.00', '8079.00', '105582.00', '0.00', '105582.00', '2020-02-22', '2019-11-22 09:34:09', '2019-11-22 09:34:09'),
(33, 6, 4, '710377.00', '98478.00', '7104.00', '105582.00', '0.00', '105582.00', '2020-03-22', '2019-11-22 09:34:09', '2019-11-22 09:34:09'),
(34, 6, 5, '611898.00', '99463.00', '6119.00', '105582.00', '0.00', '105582.00', '2020-04-22', '2019-11-22 09:34:09', '2019-11-22 09:34:09'),
(35, 6, 6, '512435.00', '100458.00', '5124.00', '105582.00', '0.00', '105582.00', '2020-05-22', '2019-11-22 09:34:09', '2019-11-22 09:34:09'),
(36, 6, 7, '411978.00', '101462.00', '4120.00', '105582.00', '0.00', '105582.00', '2020-06-22', '2019-11-22 09:34:09', '2019-11-22 09:34:09'),
(37, 6, 8, '310515.00', '102477.00', '3105.00', '105582.00', '0.00', '105582.00', '2020-07-22', '2019-11-22 09:34:09', '2019-11-22 09:34:09'),
(38, 6, 9, '208038.00', '103502.00', '2080.00', '105582.00', '0.00', '105582.00', '2020-08-22', '2019-11-22 09:34:09', '2019-11-22 09:34:09'),
(39, 6, 10, '104537.00', '104537.00', '1045.00', '105582.00', '0.00', '105582.00', '2020-09-22', '2019-11-22 09:34:09', '2019-11-22 09:34:09'),
(40, 7, 1, '894000.00', '178800.00', '8940.00', '187740.00', '0.00', '187740.00', '2019-11-29', '2019-11-22 09:34:33', '2019-11-22 12:24:54'),
(41, 7, 2, '715200.00', '178800.00', '7152.00', '185952.00', '0.00', '185952.00', '2019-12-06', '2019-11-22 09:34:33', '2019-11-22 12:24:54'),
(42, 7, 3, '536400.00', '178800.00', '5364.00', '184164.00', '0.00', '184164.00', '2019-12-13', '2019-11-22 09:34:33', '2019-11-22 12:24:54'),
(43, 7, 4, '357600.00', '178800.00', '3576.00', '182376.00', '0.00', '182376.00', '2019-12-20', '2019-11-22 09:34:33', '2019-11-22 12:24:54'),
(44, 7, 5, '178800.00', '178800.00', '1788.00', '180588.00', '0.00', '180588.00', '2019-12-27', '2019-11-22 09:34:33', '2019-11-22 12:24:54');

-- --------------------------------------------------------

--
-- Table structure for table `institutions`
--

CREATE TABLE `institutions` (
  `idinst` int(11) NOT NULL,
  `name` varchar(50) DEFAULT NULL,
  `phone1` varchar(25) DEFAULT NULL,
  `phone2` varchar(25) DEFAULT NULL,
  `email` varchar(50) DEFAULT NULL,
  `region` int(11) DEFAULT NULL,
  `town` int(11) DEFAULT NULL,
  `address` varchar(50) DEFAULT NULL,
  `postcode` int(11) DEFAULT NULL,
  `zone` int(11) DEFAULT NULL,
  `updated_at` datetime DEFAULT CURRENT_TIMESTAMP,
  `created_at` datetime DEFAULT CURRENT_TIMESTAMP
) ENGINE=InnoDB DEFAULT CHARSET=utf8;

--
-- Dumping data for table `institutions`
--

INSERT INTO `institutions` (`idinst`, `name`, `phone1`, `phone2`, `email`, `region`, `town`, `address`, `postcode`, `zone`, `updated_at`, `created_at`) VALUES
(1, 'CECAW', '123456789', '987654321', 'cecaw@gmail.com', 1, 1, 'Montée Americain', 1025, 1, '2019-09-06 19:41:48', '2019-09-06 19:41:48'),
(2, 'MUPECI', '123456789', '987654321', 'cecaw@gmail.com', 3, 1, 'Montée Americain', 1025, 1, '2019-09-06 19:41:48', '2019-09-06 19:41:48');

-- --------------------------------------------------------

--
-- Table structure for table `loans`
--

CREATE TABLE `loans` (
  `idloan` int(11) NOT NULL,
  `loanno` int(11) NOT NULL,
  `member` int(11) DEFAULT NULL,
  `memacc` int(11) DEFAULT NULL,
  `amount` decimal(65,2) DEFAULT '0.00',
  `intrate` decimal(9,2) DEFAULT '0.00',
  `nbrinst` int(11) DEFAULT NULL,
  `demdate` date DEFAULT NULL,
  `appdate` date DEFAULT NULL,
  `amortype` enum('C','V') DEFAULT NULL COMMENT 'C - CONSTANT V - VARIABLE',
  `periodicity` enum('D','W','B','M','T','S','A') DEFAULT NULL COMMENT 'D - DAILY W - WEEKLY B - BIMONTHLY M - MONTHLY T - TRIMESTER S - SEMESTER A - ANNUALLY',
  `paidamt` decimal(65,2) DEFAULT '0.00',
  `lastdate` date DEFAULT NULL,
  `accramt` decimal(65,2) DEFAULT '0.00',
  `refamt` decimal(65,2) DEFAULT '0.00',
  `vat` decimal(9,2) DEFAULT '0.00',
  `grace` int(11) DEFAULT '0',
  `instdate1` date DEFAULT NULL,
  `loanpur` int(11) DEFAULT NULL,
  `loantype` int(11) DEFAULT NULL,
  `guarantee` enum('F','M','F&M') NOT NULL COMMENT 'F - Financial M - Morgage F&M - Financial and Morgage',
  `employee` int(11) DEFAULT NULL,
  `loanstat` enum('Ar','C') NOT NULL DEFAULT 'Ar' COMMENT 'Ar - Approved  C - Closed',
  `isRef` int(11) DEFAULT '0',
  `isRes` int(11) DEFAULT '0',
  `isforce` enum('Y','N') NOT NULL COMMENT 'Y - Yes N - No',
  `isforceby` int(11) DEFAULT NULL,
  `institution` int(11) DEFAULT NULL,
  `branch` int(11) DEFAULT NULL,
  `updated_at` datetime DEFAULT CURRENT_TIMESTAMP,
  `created_at` datetime DEFAULT CURRENT_TIMESTAMP
) ENGINE=InnoDB DEFAULT CHARSET=utf8;

--
-- Dumping data for table `loans`
--

INSERT INTO `loans` (`idloan`, `loanno`, `member`, `memacc`, `amount`, `intrate`, `nbrinst`, `demdate`, `appdate`, `amortype`, `periodicity`, `paidamt`, `lastdate`, `accramt`, `refamt`, `vat`, `grace`, `instdate1`, `loanpur`, `loantype`, `guarantee`, `employee`, `loanstat`, `isRef`, `isRes`, `isforce`, `isforceby`, `institution`, `branch`, `updated_at`, `created_at`) VALUES
(1, 1, 1, 477, '500000.00', '1.00', 5, '2019-11-07', '2019-11-07', 'C', 'B', '1750000.00', '2019-11-19', '0.00', '1750000.00', NULL, 1, '2019-11-01', 2, 2, 'F', 7, 'C', 2, 2, 'N', NULL, 1, 1, '2019-11-19 12:56:38', '2019-11-07 18:23:52'),
(2, 2, 2, 477, '600000.00', '1.00', 5, '2019-11-15', '2019-11-15', 'C', 'B', '600000.00', '2019-11-19', '0.00', '0.00', NULL, 15, '2019-11-30', 2, 2, 'F', 7, 'C', 0, 0, 'N', NULL, 1, 1, '2019-11-19 11:39:15', '2019-11-15 09:32:31'),
(3, 3, 4, 477, '45000.00', '1.00', 5, '2019-11-20', '2019-11-20', 'C', 'W', '45000.00', '2019-11-21', '0.00', '0.00', NULL, 7, '2019-11-27', 1, 1, 'F', 7, 'C', 0, 0, 'N', NULL, 1, 1, '2019-11-21 07:13:07', '2019-11-20 02:19:24'),
(4, 4, 5, 477, '100000.00', '1.00', 5, '2019-11-20', '2019-11-20', 'C', 'B', '100000.00', '2019-11-21', '0.00', '100000.00', NULL, 15, '2019-12-06', 1, 1, 'F', 7, 'C', 1, 0, 'N', NULL, 1, 1, '2019-11-21 15:11:19', '2019-11-20 02:20:59'),
(5, 5, 4, 477, '50000.00', '1.00', 4, '2019-11-21', '2019-11-21', 'V', 'W', '50000.00', '2019-11-21', '0.00', '0.00', NULL, 7, '2019-11-28', 2, 2, 'F', 7, 'C', 0, 0, 'N', NULL, 1, 1, '2019-11-21 07:31:33', '2019-11-21 07:17:09'),
(6, 6, 1, 477, '1000000.00', '1.00', 10, '2019-11-22', '2019-11-22', 'V', 'M', '0.00', NULL, '0.00', '0.00', NULL, 30, '2019-12-22', 1, 1, 'F', 7, 'Ar', 0, 0, 'N', NULL, 1, 1, '2019-11-22 09:34:08', '2019-11-22 09:34:08'),
(7, 7, 2, 477, '1000000.00', '1.00', 5, '2019-11-22', '2019-11-22', 'C', 'W', '0.00', '2019-11-22', '0.00', '394000.00', NULL, 7, '2019-11-29', 2, 2, 'F', 7, 'Ar', 4, 0, 'N', NULL, 1, 1, '2019-11-22 13:41:12', '2019-11-22 09:34:33');

-- --------------------------------------------------------

--
-- Table structure for table `loan_mans`
--

CREATE TABLE `loan_mans` (
  `idloanman` int(11) NOT NULL,
  `employee` int(11) NOT NULL,
  `member` int(11) NOT NULL,
  `created_at` datetime NOT NULL DEFAULT CURRENT_TIMESTAMP,
  `updated_at` datetime NOT NULL DEFAULT CURRENT_TIMESTAMP
) ENGINE=InnoDB DEFAULT CHARSET=utf8;

--
-- Dumping data for table `loan_mans`
--

INSERT INTO `loan_mans` (`idloanman`, `employee`, `member`, `created_at`, `updated_at`) VALUES
(1, 7, 1, '2019-10-31 18:20:59', '2019-10-31 18:20:59'),
(2, 7, 2, '2019-11-15 10:28:47', '2019-11-15 10:28:47'),
(3, 7, 4, '2019-11-20 02:48:56', '2019-11-20 02:48:56'),
(4, 7, 5, '2019-11-20 02:48:56', '2019-11-20 02:48:56');

-- --------------------------------------------------------

--
-- Table structure for table `loan_purs`
--

CREATE TABLE `loan_purs` (
  `idloanpur` int(11) NOT NULL,
  `purcode` int(11) DEFAULT NULL,
  `institution` int(11) DEFAULT NULL,
  `labeleng` varchar(50) DEFAULT NULL,
  `labelfr` varchar(50) DEFAULT NULL,
  `updated_at` datetime DEFAULT CURRENT_TIMESTAMP,
  `created_at` datetime DEFAULT CURRENT_TIMESTAMP
) ENGINE=InnoDB DEFAULT CHARSET=utf8;

--
-- Dumping data for table `loan_purs`
--

INSERT INTO `loan_purs` (`idloanpur`, `purcode`, `institution`, `labeleng`, `labelfr`, `updated_at`, `created_at`) VALUES
(1, 1, 1, 'BUILDING', 'CONSTRUCTION', '2019-10-18 14:30:56', '2019-10-18 14:30:56'),
(2, 2, 1, 'SCHOOL', 'ÉCOLE', '2019-10-18 15:17:51', '2019-10-18 14:36:49'),
(3, 3, 1, 'REFINANCING', 'REFINANCEMENT', '2019-11-06 09:01:17', '2019-11-06 09:01:17');

-- --------------------------------------------------------

--
-- Table structure for table `loan_types`
--

CREATE TABLE `loan_types` (
  `idltype` int(11) NOT NULL,
  `lcode` int(11) DEFAULT NULL,
  `labeleng` varchar(50) DEFAULT NULL,
  `labelfr` varchar(50) DEFAULT NULL,
  `period` varchar(45) DEFAULT NULL,
  `maxdur` int(11) DEFAULT NULL,
  `maxamt` decimal(65,2) DEFAULT '0.00',
  `datescapepen` int(11) DEFAULT NULL,
  `loanacc` int(11) DEFAULT NULL,
  `intacc` int(11) DEFAULT NULL,
  `blockacc` int(11) DEFAULT NULL,
  `transacc` int(11) DEFAULT NULL,
  `accracc` int(11) DEFAULT NULL,
  `penreq` enum('Y','N') DEFAULT NULL COMMENT 'Y - Yes N - No',
  `pentax` decimal(3,2) DEFAULT NULL,
  `penacc` int(11) DEFAULT NULL,
  `institution` int(11) DEFAULT NULL,
  `updated_at` datetime DEFAULT CURRENT_TIMESTAMP,
  `created_at` datetime DEFAULT CURRENT_TIMESTAMP
) ENGINE=InnoDB DEFAULT CHARSET=utf8;

--
-- Dumping data for table `loan_types`
--

INSERT INTO `loan_types` (`idltype`, `lcode`, `labeleng`, `labelfr`, `period`, `maxdur`, `maxamt`, `datescapepen`, `loanacc`, `intacc`, `blockacc`, `transacc`, `accracc`, `penreq`, `pentax`, `penacc`, `institution`, `updated_at`, `created_at`) VALUES
(1, 1, 'MAIN LOAN', 'PRÊT PRINCIPAL', 'M', 60, '100000000.00', NULL, 478, 426, 229, 477, 431, 'Y', '1.00', 348, 1, '2019-11-11 12:41:58', '2019-10-18 12:02:52'),
(2, 2, 'SCHOLARSHIP LOAN', 'PRÊT SCOLAIRE', 'M', 60, '100000000.00', NULL, 478, 426, 229, 477, 431, 'Y', '2.00', 420, 1, '2019-11-06 08:51:18', '2019-11-06 08:42:24');

-- --------------------------------------------------------

--
-- Table structure for table `members`
--

CREATE TABLE `members` (
  `idmember` int(11) NOT NULL,
  `memnumb` bigint(20) DEFAULT NULL,
  `name` varchar(50) DEFAULT NULL,
  `surname` varchar(50) DEFAULT NULL,
  `gender` enum('M','F') NOT NULL DEFAULT 'M' COMMENT 'M - Male\nF - Female',
  `dob` date DEFAULT NULL,
  `pob` varchar(50) DEFAULT NULL,
  `phone1` varchar(25) DEFAULT NULL,
  `phone2` varchar(25) DEFAULT NULL,
  `email` varchar(50) DEFAULT NULL,
  `status` enum('M','S','D','W','O') NOT NULL DEFAULT 'M' COMMENT 'M - Married\nS - Single\nD - Divorced\nW - Widow\nO - Others',
  `profession` varchar(50) DEFAULT NULL,
  `nic` bigint(50) DEFAULT NULL,
  `pic` varchar(255) DEFAULT NULL,
  `signature` varchar(255) DEFAULT NULL,
  `issuedate` date DEFAULT NULL,
  `issueplace` varchar(50) DEFAULT NULL,
  `cnpsnumb` varchar(25) DEFAULT NULL,
  `memtype` enum('P','A','E') DEFAULT 'P' COMMENT 'P - Physical\nA - Assocation\nE - Enterprise',
  `assno` varchar(50) DEFAULT NULL,
  `asstype` varchar(50) DEFAULT NULL,
  `assmemno` int(11) DEFAULT NULL,
  `sign2` varchar(255) DEFAULT NULL,
  `sign3` varchar(255) DEFAULT NULL,
  `taxpaynumb` varchar(25) DEFAULT NULL,
  `comregis` varchar(25) DEFAULT NULL,
  `regime` varchar(25) DEFAULT NULL,
  `country` int(11) DEFAULT NULL,
  `regorigin` int(11) DEFAULT NULL,
  `region` int(11) DEFAULT NULL,
  `town` int(11) DEFAULT NULL,
  `division` int(11) DEFAULT NULL,
  `subdivision` int(11) DEFAULT NULL,
  `address` varchar(50) DEFAULT NULL,
  `street` varchar(50) DEFAULT NULL,
  `quarter` varchar(50) DEFAULT NULL,
  `witnes_name` varchar(50) DEFAULT NULL,
  `witnes_nic` bigint(50) DEFAULT NULL,
  `memgroup` int(11) DEFAULT NULL,
  `network` int(11) DEFAULT NULL,
  `zone` int(11) DEFAULT NULL,
  `institution` int(11) DEFAULT NULL,
  `branch` int(11) DEFAULT NULL,
  `memstatus` enum('A','D') NOT NULL DEFAULT 'A' COMMENT 'A - Active\nD - Dead',
  `updated_at` datetime DEFAULT CURRENT_TIMESTAMP,
  `created_at` datetime DEFAULT CURRENT_TIMESTAMP
) ENGINE=InnoDB DEFAULT CHARSET=utf8;

--
-- Dumping data for table `members`
--

INSERT INTO `members` (`idmember`, `memnumb`, `name`, `surname`, `gender`, `dob`, `pob`, `phone1`, `phone2`, `email`, `status`, `profession`, `nic`, `pic`, `signature`, `issuedate`, `issueplace`, `cnpsnumb`, `memtype`, `assno`, `asstype`, `assmemno`, `sign2`, `sign3`, `taxpaynumb`, `comregis`, `regime`, `country`, `regorigin`, `region`, `town`, `division`, `subdivision`, `address`, `street`, `quarter`, `witnes_name`, `witnes_nic`, `memgroup`, `network`, `zone`, `institution`, `branch`, `memstatus`, `updated_at`, `created_at`) VALUES
(1, 1, 'NGUIMFACK NKENGFACK', 'DONALD BLONDIN', 'M', '1996-10-25', 'NANGA - EBOKO', '697657064', '671319573', 'nkengfack96@gmail.com', 'S', 'SOFTWARE ENGINEER', 114695078, 'uploads/members/profiles/1910290101000001.jpg', 'uploads/members/signatures/1910290101000001.png', '2013-11-01', 'LT01', '111111111', 'P', NULL, NULL, NULL, NULL, NULL, NULL, NULL, NULL, 1, 1, 3, 1, 1, 1, 'NDOBO', 'BOCOM NDOBO', 'BEPELE IV', 'NKENGFACK SYLVESTER', 123456789, NULL, 1, 1, 1, 1, 'A', '2019-10-29 18:06:54', '2019-10-29 18:06:54'),
(2, 2, 'EYONG', 'CARL ENOW', 'M', '1995-09-11', 'BUEA - FAKO', '680427488', '680427488', 'carloblink@gmail.com', 'S', 'SOFTWARE ENGINEER', 816574, 'uploads/members/profiles/1911120101000002.jpeg', 'uploads/members/signatures/1911120101000002.png', '2017-08-07', 'SW22', '987654321', 'P', NULL, NULL, NULL, NULL, NULL, NULL, NULL, NULL, 1, 3, 3, 1, 1, 1, '4 ÉTAGE', 'BAMBOUTOS', 'NEW YORK CITY', 'EYONG SITER', 741258963, NULL, 1, 1, 1, 1, 'A', '2019-11-12 10:08:57', '2019-11-12 10:08:57'),
(4, 3, 'AZERTY', 'QWERTY', 'M', '1999-11-11', 'SOMEWHERE', '965478321', '852147963', 'azerty@qwe.rty', 'M', 'DO SOMETHING', 741258963, 'uploads/members/profiles/1911120101000003.PNG', 'uploads/members/signatures/1911120101000003.00001.png', '2011-11-11', 'LT01', '123654789', 'P', NULL, NULL, NULL, NULL, NULL, NULL, NULL, NULL, 1, 1, 3, 2, 1, 1, 'SOUZA', 'SOUZA', 'SOUZA', 'AZERTZ', 753918624, NULL, 1, 1, 1, 1, 'A', '2019-11-12 13:30:45', '2019-11-12 13:30:45'),
(5, 4, 'POIUL', 'MOIUL', 'F', '1111-11-11', 'AZSQ', '785412369', '874521369', 'aqwxsz@tghy.pol', 'W', 'QSDCXW', 789654123, 'uploads/members/profiles/1911120101000004.jpg', 'uploads/members/signatures/1911120101000004.00001.png', '1111-11-11', 'LT37', '741258963', 'P', NULL, NULL, NULL, NULL, NULL, NULL, NULL, NULL, 1, 1, 3, 2, 1, 1, 'SOUZA', 'SOUZA', 'SOUZA', 'MOL', 741258963, NULL, 1, 1, 1, 1, 'A', '2019-11-12 14:03:07', '2019-11-12 14:03:07'),
(6, 5, 'ASCGY', 'ZDFT', 'M', '2011-11-11', 'JKLP', '745896321', '321456987', 'qsdfg@ol.ol', 'M', 'MPOLKI', 545665, 'uploads/members/profiles/1911120101000005.PNG', 'uploads/members/signatures/1911120101000005.00001.png', '2011-11-11', 'SW01', '741258963', 'P', NULL, NULL, NULL, NULL, NULL, NULL, NULL, NULL, 1, 1, 3, 2, 1, 1, 'SOUZA', 'SOUZA', 'SOUZA', 'TGHYUJ', 745896321, NULL, 1, 1, 1, 1, 'A', '2019-11-12 14:15:37', '2019-11-12 14:15:37'),
(8, 6, 'QSDQS', 'QDQSD', 'M', '1111-11-11', 'QSDFGJH', NULL, NULL, NULL, 'M', NULL, NULL, 'uploads/members/profiles/1911120101000006.png', 'uploads/members/signatures/1911120101000006.png', NULL, NULL, NULL, 'P', NULL, NULL, NULL, NULL, NULL, NULL, NULL, NULL, NULL, NULL, NULL, NULL, NULL, NULL, NULL, NULL, NULL, NULL, NULL, NULL, 1, 1, 1, 1, 'A', '2019-11-12 15:09:34', '2019-11-12 15:09:34');

-- --------------------------------------------------------

--
-- Table structure for table `mem_settings`
--

CREATE TABLE `mem_settings` (
  `idmemset` int(11) NOT NULL,
  `account` int(11) DEFAULT NULL,
  `operation` int(11) DEFAULT NULL,
  `amount` decimal(65,2) NOT NULL DEFAULT '0.00',
  `institution` int(11) DEFAULT NULL,
  `branch` int(11) DEFAULT NULL,
  `created_at` datetime DEFAULT CURRENT_TIMESTAMP,
  `updated_at` datetime DEFAULT CURRENT_TIMESTAMP
) ENGINE=InnoDB DEFAULT CHARSET=utf8;

--
-- Dumping data for table `mem_settings`
--

INSERT INTO `mem_settings` (`idmemset`, `account`, `operation`, `amount`, `institution`, `branch`, `created_at`, `updated_at`) VALUES
(1, 4, 34, '35000.00', 1, 1, '2019-09-19 11:05:18', '2019-09-19 11:05:18'),
(2, 227, 39, '0.00', 1, 1, '2019-09-19 11:05:18', '2019-09-19 11:05:18'),
(3, 229, 35, '0.00', 1, 1, '2019-09-19 11:05:18', '2019-09-19 11:05:18'),
(4, 5, 36, '3500.00', 1, 1, '2019-09-19 11:09:36', '2019-09-19 11:09:36'),
(5, 425, 37, '0.00', 1, 1, '2019-09-19 11:09:36', '2019-09-19 11:09:36'),
(6, 461, 1, '1000.00', 1, 1, '2019-09-19 11:09:36', '2019-09-19 11:09:36'),
(7, 27, 38, '1500.00', 1, 1, '2019-09-19 11:09:36', '2019-09-19 11:09:36');

-- --------------------------------------------------------

--
-- Table structure for table `moneys`
--

CREATE TABLE `moneys` (
  `idmoney` int(11) NOT NULL,
  `moncode` varchar(5) DEFAULT NULL,
  `value` int(11) DEFAULT NULL,
  `format` enum('B','C') NOT NULL COMMENT 'B - Bank Note\nC - Coin',
  `labeleng` varchar(50) DEFAULT NULL,
  `labelfr` varchar(50) DEFAULT NULL,
  `currency` int(11) DEFAULT NULL,
  `updated_at` datetime DEFAULT CURRENT_TIMESTAMP,
  `created_at` datetime DEFAULT CURRENT_TIMESTAMP
) ENGINE=InnoDB DEFAULT CHARSET=utf8;

--
-- Dumping data for table `moneys`
--

INSERT INTO `moneys` (`idmoney`, `moncode`, `value`, `format`, `labeleng`, `labelfr`, `currency`, `updated_at`, `created_at`) VALUES
(1, 'B1', 10000, 'B', 'TEN THOUSANDS FRANCS NOTE', 'BILLET DE DIX MILLES FRANCS', 1, '2019-09-20 15:17:31', '2019-09-20 15:17:31'),
(2, 'B2', 5000, 'B', 'FIVE THOUSANDS FRANCS NOTE', 'BILLET DE CINQ MILLES FRANCS', 1, '2019-09-20 15:17:31', '2019-09-20 15:17:31'),
(3, 'B3', 2000, 'B', 'TWO THOUSANDS FRANCS NOTE', 'BILLET DES DEUX MILLES FRANCS', 1, '2019-09-20 15:17:31', '2019-09-20 15:17:31'),
(4, 'B4', 1000, 'B', 'ONE THOUSANDS FRANCS NOTE', 'BILLET DE MILLES FRANCS', 1, '2019-09-20 15:17:31', '2019-09-20 15:17:31'),
(5, 'B5', 500, 'B', 'FIVE HUNDREDS FRANCS NOTE', 'BILLET DE CINQ CENT FRANCS', 1, '2019-09-20 15:17:31', '2019-09-20 15:17:31'),
(6, 'P1', 500, 'C', 'FIVE HUNDREDS FRANCS COIN', 'PIÈCE DE CINQ CENT FRANCS', 1, '2019-09-20 15:17:31', '2019-09-20 15:17:31'),
(7, 'P2', 100, 'C', 'ONE HUNDREDS FRANCS COIN', 'PIÈCE DE CENT FRANCS', 1, '2019-09-20 15:17:31', '2019-09-20 15:17:31'),
(8, 'P3', 50, 'C', 'FIFTY FRANCS COIN', 'PIÈCE DE CINQUATE FRANCS', 1, '2019-09-20 15:17:31', '2019-09-20 15:17:31'),
(9, 'P4', 25, 'C', 'TWENTY FIVE FRANCS COIN', 'PIÈCE DE VINGT CINQ FRANC', 1, '2019-09-20 15:17:31', '2019-09-20 15:17:31'),
(10, 'P5', 10, 'C', 'TEN FRANCS COIN', 'PIÈCE DE DIX FRANCS', 1, '2019-09-20 15:17:31', '2019-09-20 15:17:31'),
(11, 'P6', 5, 'C', 'FIVE FRANCS COIN', 'PIÈCE CINQ FRANCS', 1, '2019-09-20 15:17:31', '2019-09-20 15:17:31'),
(12, 'P7', 1, 'C', 'ONE FRANC COIN', 'PIÈCE D\'UN FRANC', 1, '2019-09-20 15:17:31', '2019-09-20 15:17:31');

-- --------------------------------------------------------

--
-- Table structure for table `mortgages`
--

CREATE TABLE `mortgages` (
  `idmortage` int(11) NOT NULL,
  `mortno` int(11) DEFAULT NULL,
  `name` text,
  `nature` varchar(255) DEFAULT NULL,
  `member` int(11) DEFAULT NULL,
  `loan` int(11) DEFAULT NULL,
  `amount` decimal(65,2) DEFAULT '0.00',
  `act_amount` decimal(65,2) DEFAULT '0.00',
  `status` enum('Ar','C') NOT NULL DEFAULT 'Ar' COMMENT 'Ar - Approved C - Closed',
  `created_at` datetime NOT NULL DEFAULT CURRENT_TIMESTAMP,
  `updated_at` datetime NOT NULL DEFAULT CURRENT_TIMESTAMP
) ENGINE=InnoDB DEFAULT CHARSET=utf8;

-- --------------------------------------------------------

--
-- Table structure for table `networks`
--

CREATE TABLE `networks` (
  `idnetwork` int(11) NOT NULL,
  `name` varchar(50) DEFAULT NULL,
  `phone1` varchar(25) DEFAULT NULL,
  `phone2` varchar(25) DEFAULT NULL,
  `email` varchar(50) DEFAULT NULL,
  `country` int(11) DEFAULT NULL,
  `region` int(11) DEFAULT NULL,
  `town` int(11) DEFAULT NULL,
  `address` varchar(50) DEFAULT NULL,
  `postcode` int(11) DEFAULT NULL,
  `updated_at` datetime DEFAULT CURRENT_TIMESTAMP,
  `created_at` datetime DEFAULT CURRENT_TIMESTAMP
) ENGINE=InnoDB DEFAULT CHARSET=utf8;

--
-- Dumping data for table `networks`
--

INSERT INTO `networks` (`idnetwork`, `name`, `phone1`, `phone2`, `email`, `country`, `region`, `town`, `address`, `postcode`, `updated_at`, `created_at`) VALUES
(1, 'CAMCULL', '123456789', '987654321', 'camcull@gmail.com', 1, 1, 1, 'Commercial Avenue', 1000, '2019-09-06 19:31:10', '2019-09-06 19:31:10');

-- --------------------------------------------------------

--
-- Table structure for table `operations`
--

CREATE TABLE `operations` (
  `idoper` int(11) NOT NULL,
  `opercode` int(11) DEFAULT NULL,
  `labelfr` varchar(50) DEFAULT NULL,
  `labeleng` varchar(50) DEFAULT NULL,
  `debtfr` varchar(50) DEFAULT NULL,
  `debteng` varchar(50) DEFAULT NULL,
  `credtfr` varchar(50) DEFAULT NULL,
  `credteng` varchar(50) DEFAULT NULL,
  `institution` int(11) DEFAULT NULL,
  `branch` int(11) DEFAULT NULL,
  `updated_at` datetime DEFAULT CURRENT_TIMESTAMP,
  `created_at` datetime DEFAULT CURRENT_TIMESTAMP
) ENGINE=InnoDB DEFAULT CHARSET=utf8;

--
-- Dumping data for table `operations`
--

INSERT INTO `operations` (`idoper`, `opercode`, `labelfr`, `labeleng`, `debtfr`, `debteng`, `credtfr`, `credteng`, `institution`, `branch`, `updated_at`, `created_at`) VALUES
(1, 0, 'FRAIS ADHESION MEMBRE', 'MEMBER ENTRANCE FEES', 'RETRAIT FRAIS D\'ADHÉSION', 'CASH OUT ENTRANCE FEES', 'VERSEMENT FRAIS D\'ADHÉSION', 'CASH IN ENTRANCE FEES', NULL, NULL, '2019-09-24 03:33:01', '2019-09-19 09:33:33'),
(2, 1, 'VERSEMENT ESPECES', 'CASH IN', NULL, NULL, NULL, NULL, NULL, NULL, '2019-09-19 09:33:33', '2019-09-19 09:33:33'),
(3, 2, 'RETRAIT ESPECES', 'CASH OUT', NULL, NULL, NULL, NULL, NULL, NULL, '2019-09-19 09:33:33', '2019-09-19 09:33:33'),
(4, 3, 'PAIEMENT DES PRÊTS', 'LOANS PAYMENT', NULL, NULL, 'VERSEMENT PAIEMENT PRÊT', 'CASH IN LOAN PAYMENT', NULL, NULL, '2019-09-19 09:33:33', '2019-09-19 09:33:33'),
(5, 4, 'RETRAIT PAR CHEQUE', 'CHECK WITHDRAWAL', 'RETRAIT CHEQUE', 'CHECK OUT', NULL, NULL, NULL, NULL, '2019-09-19 09:33:33', '2019-09-19 09:33:33'),
(6, 5, 'EMISSIONS DES FONDS', 'FUNDS EMISSION', NULL, NULL, NULL, NULL, NULL, NULL, '2019-09-19 09:33:33', '2019-09-19 09:33:33'),
(7, 6, 'RECEPTION DES FONDS', 'FUNDS RECEPTION', NULL, NULL, NULL, NULL, NULL, NULL, '2019-09-19 09:33:33', '2019-09-19 09:33:33'),
(8, 7, 'L\'APPROVISIONNEMENT CAISSE PRINCIPALE', 'PRINCIPAL CASH REPLENISHMENT', NULL, NULL, NULL, NULL, NULL, NULL, '2019-09-19 09:33:33', '2019-09-19 09:33:33'),
(9, 8, 'VERSEMENT DE LA BANQUE', 'CASH FROM BANK', NULL, NULL, NULL, NULL, NULL, NULL, '2019-09-19 09:33:33', '2019-09-19 09:33:33'),
(10, 9, 'FRAIS OUVERTURE DE COMPTE', 'ACCOUNT OPENING FEES', 'RETRAIT FRAIS D\'OUVERTURE COMPTE', 'CASH OUT ACCOUNT OPENING FEES', 'VERSEMENT FRAIS D\'OUVERTURE COMPTE', 'CASH IN ACCOUNT OPENING FEES', NULL, NULL, '2019-09-24 03:11:19', '2019-09-19 09:33:33'),
(11, 11, 'VIREMENT PERMANENTS', 'PERMANENT TRANSFER', NULL, NULL, NULL, NULL, NULL, NULL, '2019-09-19 09:43:53', '2019-09-19 09:43:53'),
(12, 12, 'INSTRUCTIONS CONDITIONNELLES', 'CONDITIONAL INSTRUCTIONS', NULL, NULL, NULL, NULL, NULL, NULL, '2019-09-19 09:43:53', '2019-09-19 09:43:53'),
(13, 14, 'FRAIS DE CHEQUIER', 'CHECKER FEES', NULL, NULL, NULL, NULL, NULL, NULL, '2019-09-19 09:43:53', '2019-09-19 09:43:53'),
(14, 15, 'FRAIS RELEVE DE COMPTE', 'ACCOUNT STATEMENT FEES', NULL, NULL, NULL, NULL, NULL, NULL, '2019-09-19 09:43:53', '2019-09-19 09:43:53'),
(15, 16, 'VIREMENT COMPTE A COMPTE', 'ACCOUNT TO ACCOUNT TRANFER', NULL, NULL, NULL, NULL, NULL, NULL, '2019-09-19 09:43:53', '2019-09-19 09:43:53'),
(16, 17, 'GESTION DES EXCEDENTS DE FONDS', 'MANAGEMENT OF SURPLUS FUNDS', NULL, NULL, NULL, NULL, NULL, NULL, '2019-09-19 09:43:53', '2019-09-19 09:43:53'),
(17, 18, 'GESTION DES MANQUANTS DE FONDS', 'MANAGING FUND - SLASHED', NULL, NULL, NULL, NULL, NULL, NULL, '2019-09-19 09:43:53', '2019-09-19 09:43:53'),
(18, 19, 'NOUVEAU PRÊT', 'NEW LOAN', NULL, NULL, NULL, NULL, NULL, NULL, '2019-09-19 09:43:53', '2019-09-19 09:43:53'),
(19, 20, 'GESTION DE LA CONSOLIDATION DES CAISSES', 'MANAGING THE CONSOLIDATION OF THE FUNDS', NULL, NULL, NULL, NULL, NULL, NULL, '2019-09-19 09:43:53', '2019-09-19 09:43:53'),
(20, 22, 'INTERÊT DEBITEURS', 'DEBTORS INTEREST', NULL, NULL, NULL, NULL, NULL, NULL, '2019-09-19 09:52:40', '2019-09-19 09:52:40'),
(21, 23, 'INTERÊTS CREDITEURS', 'CREDITORS INTEREST', NULL, NULL, NULL, NULL, NULL, NULL, '2019-09-19 09:52:40', '2019-09-19 09:52:40'),
(22, 24, 'ENCAISSEMENT DES CHEQUES CONFRERES', 'CASHING IN CHEQUES', NULL, NULL, NULL, NULL, NULL, NULL, '2019-09-19 09:52:40', '2019-09-19 09:52:40'),
(23, 28, 'SORT CHECK PAYE', 'SORT PAID CHECK', NULL, NULL, NULL, NULL, NULL, NULL, '2019-09-19 09:52:40', '2019-09-19 09:52:40'),
(24, 29, 'SORT CHEQUE IMPAYE', 'SORT UNPAID CHECK', NULL, NULL, NULL, NULL, NULL, NULL, '2019-09-19 09:52:40', '2019-09-19 09:52:40'),
(25, 30, 'CHEQUES NON ENCAISSE', 'NOT CASHED CHECKS', NULL, NULL, NULL, NULL, NULL, NULL, '2019-09-19 09:52:40', '2019-09-19 09:52:40'),
(34, 13, 'PARTS SOCIALES', 'SHARES', 'RETRAIT PARTS SOCIALES', 'CASH OUT SHARES', 'VERSEMENT PARTS SOCIALES', 'CASH IN SHARES', NULL, NULL, '2019-09-19 10:09:50', '2019-09-19 10:09:50'),
(35, 21, 'ÉPARGNES', 'SAVINGS', 'RETRAIT ÉPARGNES', 'CASH OUT SAVINGS', 'VERSEMENT ÉPARGNES', 'CASH IN SAVINGS', NULL, NULL, '2019-09-19 10:09:50', '2019-09-19 10:09:50'),
(36, 25, 'FOND CONSTRUCTION', 'BUILDING FUND', 'RETRAIT FOND CONSTRUCTION', 'CASH OUT BUILDING FUND', 'VERSEMENT FOND CONSTRUCTION', 'CASH IN BUILDING FUND', NULL, NULL, '2019-09-19 10:09:50', '2019-09-19 10:09:50'),
(37, 26, 'VENTE STOCK', 'SALES STATIONARIES', 'RETRAIT VENTE STOCK', 'CASH OUT SALES STATIONARIES', 'VERSEMENT VENTE STOCK', 'CASH IN SALES STATIONARIES', NULL, NULL, '2019-09-19 10:09:50', '2019-09-19 10:09:50'),
(38, 27, 'FOND DE SOLIDARITÉ', 'SOLIDARITY FUND', 'RETRAIT FOND DE SOLIDARITÉ', 'CASH OUT SOLIDARITY FUND', 'VERSEMENT FOND DE SOLIDARITÉ', 'CASH IN SOLIDARITY FUND', NULL, NULL, '2019-09-19 10:09:50', '2019-09-19 10:09:50'),
(39, 10, 'DÉPÔTS', 'DEPOSITS', 'RETRAIT DÉPÔTS', 'CASH OUT DEPOSIT', 'VERSEMENT DÉPÔTS', 'CASH IN DEPOSIT', NULL, NULL, '2019-09-19 10:12:50', '2019-09-19 10:12:50'),
(40, 31, 'RETRAIT DE LA BANQUE', 'CASH TO BANK', NULL, NULL, NULL, NULL, NULL, NULL, '2019-09-20 02:50:13', '2019-09-20 02:50:13'),
(41, 33, 'DEPÔT PRÊT', 'LOAN DEPOSIT', 'DEBOURSEMENT PRÊT', 'LOAN DISBURSEMENT', 'DEPÔT PRÊT', 'LOAN DEPOSIT', NULL, NULL, '2019-09-24 05:13:18', '2019-09-24 05:13:18'),
(42, 36, 'GESTION DES DECOUVERTS', 'DISCOVERIES MANAGEMENT', NULL, NULL, NULL, NULL, NULL, NULL, '2019-10-04 16:19:27', '2019-10-04 16:19:27'),
(43, 38, 'FRAIS IMPAYE NOS CAISSES BENEFICIAIRE', 'UNPAID FEES OF OUR BENEFICIARY CASHES', NULL, NULL, NULL, NULL, NULL, NULL, '2019-10-04 16:19:27', '2019-10-04 16:19:27'),
(44, 39, 'FRAIS IMPAYE NOS CAISSES EMETTEUR', 'UNPAID FEES OF OUR EMMITTER CASHES', NULL, NULL, NULL, NULL, NULL, NULL, '2019-10-04 16:19:27', '2019-10-04 16:19:27'),
(45, 43, 'GESTION DES BONS DE CAISSES', 'WITHDRAWAL SLIPS MANAGEMENT', NULL, NULL, NULL, NULL, NULL, NULL, '2019-10-04 16:19:27', '2019-10-04 16:19:27'),
(46, 44, 'ANNULATION BON DE CAISSES', 'WITHDRAWAL SLIPS ANNULATION', NULL, NULL, NULL, NULL, NULL, NULL, '2019-10-04 16:19:27', '2019-10-04 16:19:27'),
(47, 45, 'L\'ECHEANCE BONS DE CAISSES', 'WITHDRAWAL SLIPS DEADLINE', NULL, NULL, NULL, NULL, NULL, NULL, '2019-10-04 16:19:27', '2019-10-04 16:19:27'),
(48, 46, 'REESCOMPTE DES INTERÊTS B.C', 'RESSACCOUNT OF B.C INTERESTS', NULL, NULL, NULL, NULL, NULL, NULL, '2019-10-04 16:19:27', '2019-10-04 16:19:27'),
(49, 48, 'CANTONNEMENT OU RESERVATION DE FONDS', 'CANTONMENT OR FUNDS RESERVATION', NULL, NULL, NULL, NULL, NULL, NULL, '2019-10-04 16:19:27', '2019-10-04 16:19:27'),
(50, 49, 'GESTION DES COLLECTES', 'COLLECTIONS MANAGEMENT', NULL, NULL, NULL, NULL, NULL, NULL, '2019-10-04 16:19:27', '2019-10-04 16:19:27'),
(51, 50, 'GESTION DES DEPÔTS A TERME', 'TERM DEPOSITS MANAGEMENT', NULL, NULL, NULL, NULL, NULL, NULL, '2019-10-04 16:19:27', '2019-10-04 16:19:27'),
(52, 51, 'ANNULATION DEPÔT TERME', 'TERM DEPOSIT ANNULATION', NULL, NULL, NULL, NULL, NULL, NULL, '2019-10-04 16:19:27', '2019-10-04 16:19:27'),
(53, 52, 'ECHEANCE DU DEPOT A TERME', 'TERM DEPOSIT DEADLINE', NULL, NULL, NULL, NULL, NULL, NULL, '2019-10-04 16:19:27', '2019-10-04 16:19:27'),
(54, 60, 'MISE A ZERO DES CHARGES ET PRODUITS', 'SETTING INCOME AND EXPENSES TO ZERO', NULL, NULL, NULL, NULL, NULL, NULL, '2019-10-04 16:19:27', '2019-10-04 16:19:27'),
(55, 32, 'AUTRE VERSEMENT ESPECE', 'OTHER CASH IN', NULL, NULL, NULL, NULL, NULL, NULL, '2019-10-04 16:22:29', '2019-10-04 16:22:29'),
(56, 34, 'AUTRE RETRAIT ESPECES', 'OTHER CASH OUT', NULL, NULL, NULL, NULL, NULL, NULL, '2019-10-04 16:22:29', '2019-10-04 16:22:29'),
(58, 35, 'FERMETURE CAISSE', 'CASH CLOSING', NULL, NULL, NULL, NULL, 1, NULL, '2019-10-07 15:24:27', '2019-10-07 15:24:27'),
(59, 37, 'VERSEMENT PAR CHEQUE', 'CHECK IN', NULL, NULL, 'VERSEMENT CHEQUE', 'CHECK IN', NULL, NULL, '2019-10-14 12:13:29', '2019-10-14 12:13:29'),
(60, 40, 'AUTRE VERSEMENT PAR CHEQUE', 'OTHER CHECK DEPOSIT', NULL, NULL, NULL, NULL, NULL, NULL, '2019-10-14 16:46:17', '2019-10-14 16:46:17'),
(61, 41, 'AUTRE RETRAIT PAR CHEQUE', 'OTHER CHECK WITHDRAWAL', NULL, NULL, NULL, NULL, NULL, NULL, '2019-10-14 16:46:17', '2019-10-14 16:46:17'),
(62, 42, 'ADHESION MEMBRE', 'MEMBERSHIP', NULL, NULL, NULL, NULL, NULL, NULL, '2019-10-15 21:55:22', '2019-10-15 21:55:22'),
(63, 53, 'DEBOURSEMENT PRÊT', 'LOAN DISBURSEMENT', 'DEBOURSEMENT PRÊT', 'LOAN DISBURSEMENT', NULL, NULL, NULL, NULL, '2019-11-12 21:04:01', '2019-11-12 21:04:01'),
(64, 54, 'REMBOURSEMENT PRÊT', 'LOAN REIMBURSEMENT', NULL, NULL, NULL, NULL, NULL, NULL, '2019-11-12 21:06:01', '2019-11-12 21:06:01'),
(65, 55, 'INTERÊT PRÊT', 'LOAN INTEREST', NULL, NULL, NULL, NULL, NULL, NULL, '2019-11-18 14:14:21', '2019-11-18 14:14:21'),
(66, 56, 'AMANDE PRÊT', 'LOAN PENALTY', NULL, NULL, NULL, NULL, NULL, NULL, '2019-11-18 14:14:21', '2019-11-18 14:14:21'),
(67, 57, 'INTERÊT ACCUMULE PRÊT', 'LOAN ACCRUED INTEREST', NULL, NULL, NULL, NULL, NULL, NULL, '2019-11-21 07:35:33', '2019-11-21 07:35:33'),
(68, 58, 'TRANSIT PRÊT', 'LOAN TRANSIT ', NULL, NULL, NULL, NULL, NULL, NULL, '2019-11-21 13:14:59', '2019-11-21 13:14:59'),
(69, 59, 'REFINANCEMENT PRÊT', 'LOAN REFINANCING', NULL, NULL, NULL, NULL, NULL, NULL, '2019-11-21 13:14:59', '2019-11-21 13:14:59');

-- --------------------------------------------------------

--
-- Table structure for table `privileges`
--

CREATE TABLE `privileges` (
  `idpriv` int(11) NOT NULL,
  `code` int(11) NOT NULL,
  `labeleng` varchar(45) DEFAULT NULL,
  `labelfr` varchar(45) DEFAULT NULL,
  `level` enum('A','O','N','Z','I','B') DEFAULT NULL COMMENT 'A - AdministratorO - OrganN - NetworkI - InstitutionB - Branch',
  `updated_at` datetime DEFAULT CURRENT_TIMESTAMP,
  `created_at` datetime DEFAULT CURRENT_TIMESTAMP
) ENGINE=InnoDB DEFAULT CHARSET=utf8;

--
-- Dumping data for table `privileges`
--

INSERT INTO `privileges` (`idpriv`, `code`, `labeleng`, `labelfr`, `level`, `updated_at`, `created_at`) VALUES
(1, 0, 'Administrator', 'Administrateur', 'A', '2019-09-06 19:27:17', '2019-09-06 19:27:17'),
(2, 1, 'Member Service', 'Service Membre', 'B', '2019-08-05 14:40:40', '2019-08-05 14:40:40'),
(3, 2, 'Cashier', 'Caissier', 'B', '2019-08-05 14:40:40', '2019-08-05 14:40:40'),
(4, 3, 'Collector', 'Collecteur', 'B', '2019-08-07 12:56:34', '2019-08-07 12:56:34'),
(5, 4, 'Accountant', 'Comptable', 'B', '2019-08-07 12:56:34', '2019-08-07 12:56:34'),
(6, 5, 'Loan Officer', 'Officier Credit', 'B', '2019-08-07 12:56:34', '2019-08-07 12:56:34'),
(7, 6, 'Branch Manager', 'Directeur Agence', 'B', '2019-08-07 12:56:34', '2019-08-07 12:56:34'),
(8, 7, 'Assistant Branch Manager', 'Assistant Directeur Agence', 'B', '2019-08-07 12:56:34', '2019-08-07 12:56:34'),
(9, 8, 'Accountant', 'Comptable', 'I', '2019-08-07 12:56:34', '2019-08-07 12:56:34'),
(10, 9, 'Internal Controller', 'Controlleur Interne', 'I', '2019-08-07 12:56:34', '2019-08-07 12:56:34'),
(11, 10, 'Credit Officer', 'Directeur Credit', 'I', '2019-08-07 12:56:34', '2019-08-07 12:56:34'),
(12, 11, 'Loan Analyst', 'Analyst Credit', 'I', '2019-08-07 12:56:34', '2019-08-07 12:56:34'),
(13, 12, 'Finance Officer', 'Directeur Finance', 'I', '2019-08-07 12:56:34', '2019-08-07 12:56:34'),
(14, 13, 'Human Resource Agent', 'Agent Resource Humaine', 'I', '2019-08-07 12:56:34', '2019-08-07 12:56:34'),
(15, 14, 'Store Accountant', 'Comptable Stock', 'I', '2019-08-07 12:56:34', '2019-08-07 12:56:34'),
(16, 15, 'General Manager', 'Directeur General', 'I', '2019-08-07 12:56:34', '2019-08-07 12:56:34'),
(17, 16, 'Assistant General Manager', 'Assistant Directeur General', 'I', '2019-08-07 16:30:29', '2019-08-07 16:30:29'),
(18, 17, 'Account', 'Comptable', 'Z', '2019-08-07 16:30:29', '2019-08-07 16:30:29'),
(19, 18, 'Auditor', 'Auditeur', 'Z', '2019-08-07 16:30:29', '0000-00-00 00:00:00'),
(20, 19, 'Loan Recovery Agent', 'Agent Recouvrement Credit', 'Z', '2019-08-07 16:30:29', '2019-08-07 16:30:29'),
(21, 20, 'General Manager', 'Directeur General', 'N', '2019-08-07 16:30:29', '2019-08-07 16:30:29'),
(22, 21, 'Assistant General Manager', ' Assistant Directeur General', 'N', '2019-08-07 16:30:29', '2019-08-07 16:30:29'),
(23, 22, 'Auditor', 'Auditeur', 'N', '2019-08-07 16:30:29', '2019-08-07 16:30:29'),
(24, 23, 'Credit Officer', 'Directeur Credit', 'N', '2019-08-07 16:30:29', '2019-08-07 16:30:29'),
(25, 24, 'Store Accountant', 'Comptable Stock', 'N', '2019-08-07 16:30:29', '2019-08-07 16:30:29'),
(26, 25, 'Supervisor', 'Superviseur', 'N', '2019-08-07 16:30:29', '2019-08-07 16:30:29'),
(27, 26, 'Loan Recovery Agent', 'Agent Recouvrement Credit', 'N', '2019-08-07 16:30:29', '2019-08-07 16:30:29'),
(28, 27, 'Human Resource Officer', 'Directeur Resource Humaine', 'N', '2019-08-07 16:30:29', '2019-08-07 16:30:29'),
(29, 28, 'Insurrance Officer', 'Directeur Assurance', 'N', '2019-08-07 16:30:29', '2019-08-07 16:30:29'),
(30, 29, 'Statistic Agent', 'Agent Statistic', 'N', '2019-08-07 16:30:29', '2019-08-07 16:30:29'),
(31, 30, 'Credit Committee', 'Comite Credit', 'O', '2019-08-07 16:30:29', '2019-08-07 16:30:29'),
(32, 31, 'Supervision Committee', 'Comite Supervision', 'O', '2019-08-07 16:30:29', '2019-08-07 16:30:29'),
(33, 32, 'COBAC', 'COBAC', 'O', '2019-08-07 16:30:29', '2019-08-07 16:30:29'),
(34, 33, 'NCC', 'CNC', 'O', '2019-08-07 16:30:29', '2019-08-07 16:30:29');

-- --------------------------------------------------------

--
-- Table structure for table `regions`
--

CREATE TABLE `regions` (
  `idregi` int(11) NOT NULL,
  `labeleng` varchar(45) DEFAULT NULL,
  `labelfr` varchar(45) DEFAULT NULL,
  `country` int(11) DEFAULT NULL,
  `updated_at` datetime DEFAULT CURRENT_TIMESTAMP,
  `created_at` datetime DEFAULT CURRENT_TIMESTAMP
) ENGINE=InnoDB DEFAULT CHARSET=utf8;

--
-- Dumping data for table `regions`
--

INSERT INTO `regions` (`idregi`, `labeleng`, `labelfr`, `country`, `updated_at`, `created_at`) VALUES
(1, 'WEST', 'OUEST', 1, '2019-07-30 16:26:14', '2019-07-30 16:26:14'),
(2, 'EAST', 'EST', 1, '2019-07-30 16:26:14', '2019-07-30 16:26:14'),
(3, 'LITTORAL', 'LITTORAL', 1, '2019-07-30 16:26:14', '2019-07-30 16:26:14');

-- --------------------------------------------------------

--
-- Table structure for table `registers`
--

CREATE TABLE `registers` (
  `idregister` int(11) NOT NULL,
  `regnumb` int(11) DEFAULT NULL,
  `name` varchar(50) DEFAULT NULL,
  `surname` varchar(50) DEFAULT NULL,
  `gender` enum('M','F') NOT NULL DEFAULT 'M' COMMENT 'M - Male \nF - Female',
  `dob` date DEFAULT NULL,
  `pob` varchar(50) DEFAULT NULL,
  `phone1` varchar(25) DEFAULT NULL,
  `phone2` varchar(25) DEFAULT NULL,
  `email` varchar(50) DEFAULT NULL,
  `status` enum('M','S','D','W','O') NOT NULL DEFAULT 'M' COMMENT 'M - Married\nS - Single\nD -  Divorced\nW - Widow\nO - Others',
  `profession` varchar(50) DEFAULT NULL,
  `nic` bigint(50) DEFAULT NULL,
  `pic` varchar(255) DEFAULT NULL,
  `signature` varchar(255) DEFAULT NULL,
  `issuedate` date DEFAULT NULL,
  `issueplace` varchar(50) DEFAULT NULL,
  `cnpsnumb` varchar(25) DEFAULT NULL,
  `memtype` enum('P','A','E') NOT NULL DEFAULT 'P' COMMENT 'P - Physical\nA - Assocation\nE - Enterprise',
  `assno` varchar(50) DEFAULT NULL,
  `asstype` varchar(50) DEFAULT NULL,
  `assmemno` int(11) DEFAULT NULL,
  `sign2` varchar(255) DEFAULT NULL,
  `sign3` varchar(255) DEFAULT NULL,
  `taxpaynumb` varchar(25) DEFAULT NULL,
  `comregis` varchar(25) DEFAULT NULL,
  `regime` varchar(25) DEFAULT NULL,
  `country` int(11) DEFAULT NULL,
  `regorigin` int(11) DEFAULT NULL,
  `region` int(11) DEFAULT NULL,
  `town` int(11) DEFAULT NULL,
  `division` int(11) DEFAULT NULL,
  `subdivision` int(11) DEFAULT NULL,
  `address` varchar(50) DEFAULT NULL,
  `street` varchar(50) DEFAULT NULL,
  `quarter` varchar(50) DEFAULT NULL,
  `witnes_name` varchar(50) DEFAULT NULL,
  `witnes_nic` bigint(50) DEFAULT NULL,
  `network` int(11) DEFAULT NULL,
  `zone` int(11) DEFAULT NULL,
  `institution` int(11) DEFAULT NULL,
  `branch` int(11) DEFAULT NULL,
  `regstatus` enum('R','M','D') NOT NULL DEFAULT 'R' COMMENT 'R - Register M - Member D - Denied',
  `updated_at` datetime DEFAULT CURRENT_TIMESTAMP,
  `created_at` datetime DEFAULT CURRENT_TIMESTAMP
) ENGINE=InnoDB DEFAULT CHARSET=utf8;

-- --------------------------------------------------------

--
-- Table structure for table `reg_benefs`
--

CREATE TABLE `reg_benefs` (
  `idregbene` int(11) NOT NULL,
  `fullname` varchar(50) DEFAULT NULL,
  `relation` varchar(25) DEFAULT NULL,
  `register` int(11) DEFAULT NULL,
  `ratio` int(3) DEFAULT NULL,
  `created_at` datetime DEFAULT CURRENT_TIMESTAMP,
  `updated_at` datetime DEFAULT CURRENT_TIMESTAMP
) ENGINE=InnoDB DEFAULT CHARSET=utf8;

-- --------------------------------------------------------

--
-- Table structure for table `sub_divs`
--

CREATE TABLE `sub_divs` (
  `idsub` int(11) NOT NULL,
  `label` varchar(45) DEFAULT NULL,
  `division` int(11) DEFAULT NULL,
  `updated_at` datetime DEFAULT CURRENT_TIMESTAMP,
  `created_at` datetime DEFAULT CURRENT_TIMESTAMP
) ENGINE=InnoDB DEFAULT CHARSET=utf8;

--
-- Dumping data for table `sub_divs`
--

INSERT INTO `sub_divs` (`idsub`, `label`, `division`, `updated_at`, `created_at`) VALUES
(1, 'WOURI IV', 1, '2019-09-06 19:24:06', '2019-09-06 19:24:06'),
(2, 'DSCHANG', 2, '2019-09-06 19:24:06', '2019-09-06 19:24:06');

-- --------------------------------------------------------

--
-- Table structure for table `towns`
--

CREATE TABLE `towns` (
  `idtown` int(11) NOT NULL,
  `label` varchar(45) DEFAULT NULL,
  `subdivision` int(11) DEFAULT NULL,
  `updated_at` datetime DEFAULT CURRENT_TIMESTAMP,
  `created_at` datetime DEFAULT CURRENT_TIMESTAMP
) ENGINE=InnoDB DEFAULT CHARSET=utf8;

--
-- Dumping data for table `towns`
--

INSERT INTO `towns` (`idtown`, `label`, `subdivision`, `updated_at`, `created_at`) VALUES
(1, 'BONABERI', 1, '2019-09-18 22:51:21', '2019-09-18 22:51:21'),
(2, 'BOMONO', 1, '2019-09-18 22:51:21', '2019-09-18 22:51:21');

-- --------------------------------------------------------

--
-- Table structure for table `val_writings`
--

CREATE TABLE `val_writings` (
  `idvalwrit` int(11) NOT NULL,
  `writnumb` int(20) DEFAULT NULL,
  `account` int(11) DEFAULT NULL,
  `aux` int(11) DEFAULT NULL,
  `operation` varchar(255) DEFAULT NULL,
  `debitamt` decimal(9,2) DEFAULT NULL,
  `creditamt` decimal(9,2) DEFAULT NULL,
  `accdate` int(11) DEFAULT NULL,
  `employee` int(11) DEFAULT NULL,
  `cash` int(11) DEFAULT NULL,
  `network` int(11) DEFAULT NULL,
  `zone` int(11) DEFAULT NULL,
  `institution` int(11) DEFAULT NULL,
  `branch` int(11) DEFAULT NULL,
  `represent` varchar(50) DEFAULT NULL,
  `updated_at` datetime DEFAULT CURRENT_TIMESTAMP,
  `created_at` datetime DEFAULT CURRENT_TIMESTAMP
) ENGINE=InnoDB DEFAULT CHARSET=utf8;

-- --------------------------------------------------------

--
-- Table structure for table `writings`
--

CREATE TABLE `writings` (
  `idwrit` int(11) NOT NULL,
  `writnumb` int(11) DEFAULT NULL,
  `account` int(11) DEFAULT NULL,
  `aux` int(11) DEFAULT NULL,
  `operation` varchar(255) DEFAULT NULL,
  `debitamt` decimal(65,2) DEFAULT NULL,
  `creditamt` decimal(65,2) DEFAULT NULL,
  `accdate` int(11) DEFAULT NULL,
  `employee` int(11) DEFAULT NULL,
  `cash` int(11) DEFAULT NULL,
  `network` int(11) DEFAULT NULL,
  `zone` int(11) DEFAULT NULL,
  `institution` int(11) DEFAULT NULL,
  `branch` int(11) DEFAULT NULL,
  `represent` varchar(50) DEFAULT NULL,
  `updated_at` datetime DEFAULT CURRENT_TIMESTAMP,
  `created_at` datetime DEFAULT CURRENT_TIMESTAMP
) ENGINE=InnoDB DEFAULT CHARSET=utf8;

--
-- Dumping data for table `writings`
--

INSERT INTO `writings` (`idwrit`, `writnumb`, `account`, `aux`, `operation`, `debitamt`, `creditamt`, `accdate`, `employee`, `cash`, `network`, `zone`, `institution`, `branch`, `represent`, `updated_at`, `created_at`) VALUES
(1, 1, 346, NULL, '62', '50000.00', NULL, 1, 4, 10, 1, 1, 1, 1, 'NGUIMFACK NKENGFACK DONALD BLONDIN', '2019-10-29 18:06:54', '2019-10-29 18:06:54'),
(2, 1, 4, 1, '34', NULL, '35000.00', 1, 4, 10, 1, 1, 1, 1, 'NGUIMFACK NKENGFACK DONALD BLONDIN', '2019-10-29 18:06:54', '2019-10-29 18:06:54'),
(3, 1, 227, 1, '39', NULL, '500.00', 1, 4, 10, 1, 1, 1, 1, 'NGUIMFACK NKENGFACK DONALD BLONDIN', '2019-10-29 18:06:54', '2019-10-29 18:06:54'),
(4, 1, 229, 1, '35', NULL, '8000.00', 1, 4, 10, 1, 1, 1, 1, 'NGUIMFACK NKENGFACK DONALD BLONDIN', '2019-10-29 18:06:54', '2019-10-29 18:06:54'),
(5, 1, 5, 1, '36', NULL, '3500.00', 1, 4, 10, 1, 1, 1, 1, 'NGUIMFACK NKENGFACK DONALD BLONDIN', '2019-10-29 18:06:55', '2019-10-29 18:06:55'),
(6, 1, 27, 1, '38', NULL, '1500.00', 1, 4, 10, 1, 1, 1, 1, 'NGUIMFACK NKENGFACK DONALD BLONDIN', '2019-10-29 18:06:55', '2019-10-29 18:06:55'),
(7, 1, 425, 1, '37', NULL, '500.00', 1, 4, 10, 1, 1, 1, 1, 'NGUIMFACK NKENGFACK DONALD BLONDIN', '2019-10-29 18:06:55', '2019-10-29 18:06:55'),
(8, 1, 461, 1, '1', NULL, '1000.00', 1, 4, 10, 1, 1, 1, 1, 'NGUIMFACK NKENGFACK DONALD BLONDIN', '2019-10-29 18:06:55', '2019-10-29 18:06:55'),
(9, 2, 346, NULL, '2', '1919100.00', NULL, 1, 4, 10, 1, 1, 1, 1, 'NGUIMFACK NKENGFACK DONALD BLONDIN', '2019-11-07 18:06:18', '2019-11-07 18:06:18'),
(10, 2, 4, 1, '34', NULL, '19100.00', 1, 4, 10, 1, 1, 1, 1, 'NGUIMFACK NKENGFACK DONALD BLONDIN', '2019-11-07 18:06:18', '2019-11-07 18:06:18'),
(11, 2, 227, 1, '39', NULL, '400000.00', 1, 4, 10, 1, 1, 1, 1, 'NGUIMFACK NKENGFACK DONALD BLONDIN', '2019-11-07 18:06:18', '2019-11-07 18:06:18'),
(12, 2, 229, 1, '35', NULL, '1500000.00', 1, 4, 10, 1, 1, 1, 1, 'NGUIMFACK NKENGFACK DONALD BLONDIN', '2019-11-07 18:06:18', '2019-11-07 18:06:18'),
(13, 3, 4, 1, '34', '4100.00', NULL, 1, 4, 10, 1, 1, 1, 1, 'NGUIMFACK NKENGFACK DONALD BLONDIN', '2019-11-07 18:12:45', '2019-11-07 18:12:45'),
(14, 3, 227, 1, '39', '500.00', NULL, 1, 4, 10, 1, 1, 1, 1, 'NGUIMFACK NKENGFACK DONALD BLONDIN', '2019-11-07 18:12:45', '2019-11-07 18:12:45'),
(15, 3, 229, 1, '35', '8000.00', NULL, 1, 4, 10, 1, 1, 1, 1, 'NGUIMFACK NKENGFACK DONALD BLONDIN', '2019-11-07 18:12:45', '2019-11-07 18:12:45'),
(16, 3, 346, NULL, '3', NULL, '12600.00', 1, 4, 10, 1, 1, 1, 1, 'NGUIMFACK NKENGFACK DONALD BLONDIN', '2019-11-07 18:12:45', '2019-11-07 18:12:45'),
(17, 4, 478, NULL, '18', '500000.00', NULL, 1, 7, NULL, 1, 1, 1, 1, NULL, '2019-11-07 18:23:53', '2019-11-07 18:23:53'),
(18, 4, 477, 1, '41', NULL, '500000.00', 1, 7, NULL, 1, 1, 1, 1, NULL, '2019-11-07 18:23:53', '2019-11-07 18:23:53'),
(19, 5, 346, NULL, '62', '1700000.00', NULL, 1, 4, 10, 1, 1, 1, 1, 'EYONG CARL ENOW', '2019-11-12 10:08:57', '2019-11-12 10:08:57'),
(20, 5, 4, 2, '34', NULL, '35000.00', 1, 4, 10, 1, 1, 1, 1, 'EYONG CARL ENOW', '2019-11-12 10:08:57', '2019-11-12 10:08:57'),
(21, 5, 227, 2, '39', NULL, '50000.00', 1, 4, 10, 1, 1, 1, 1, 'EYONG CARL ENOW', '2019-11-12 10:08:57', '2019-11-12 10:08:57'),
(22, 5, 229, 2, '35', NULL, '1600000.00', 1, 4, 10, 1, 1, 1, 1, 'EYONG CARL ENOW', '2019-11-12 10:08:57', '2019-11-12 10:08:57'),
(23, 5, 5, 2, '36', NULL, '3500.00', 1, 4, 10, 1, 1, 1, 1, 'EYONG CARL ENOW', '2019-11-12 10:08:57', '2019-11-12 10:08:57'),
(24, 5, 27, 2, '38', NULL, '1500.00', 1, 4, 10, 1, 1, 1, 1, 'EYONG CARL ENOW', '2019-11-12 10:08:57', '2019-11-12 10:08:57'),
(25, 5, 425, 2, '37', NULL, '9000.00', 1, 4, 10, 1, 1, 1, 1, 'EYONG CARL ENOW', '2019-11-12 10:08:57', '2019-11-12 10:08:57'),
(26, 5, 461, 2, '1', NULL, '1000.00', 1, 4, 10, 1, 1, 1, 1, 'EYONG CARL ENOW', '2019-11-12 10:08:57', '2019-11-12 10:08:57'),
(27, 6, 346, NULL, '62', '100000.00', NULL, 1, 4, 10, 1, 1, 1, 1, 'AZERTY QWERTY', '2019-11-12 13:30:45', '2019-11-12 13:30:45'),
(28, 6, 4, 4, '34', NULL, '35000.00', 1, 4, 10, 1, 1, 1, 1, 'AZERTY QWERTY', '2019-11-12 13:30:45', '2019-11-12 13:30:45'),
(29, 6, 227, 4, '39', NULL, '8000.00', 1, 4, 10, 1, 1, 1, 1, 'AZERTY QWERTY', '2019-11-12 13:30:46', '2019-11-12 13:30:46'),
(30, 6, 229, 4, '35', NULL, '50000.00', 1, 4, 10, 1, 1, 1, 1, 'AZERTY QWERTY', '2019-11-12 13:30:46', '2019-11-12 13:30:46'),
(31, 6, 5, 4, '36', NULL, '3500.00', 1, 4, 10, 1, 1, 1, 1, 'AZERTY QWERTY', '2019-11-12 13:30:46', '2019-11-12 13:30:46'),
(32, 6, 27, 4, '38', NULL, '1500.00', 1, 4, 10, 1, 1, 1, 1, 'AZERTY QWERTY', '2019-11-12 13:30:46', '2019-11-12 13:30:46'),
(33, 6, 425, 4, '37', NULL, '1000.00', 1, 4, 10, 1, 1, 1, 1, 'AZERTY QWERTY', '2019-11-12 13:30:46', '2019-11-12 13:30:46'),
(34, 6, 461, 4, '1', NULL, '1000.00', 1, 4, 10, 1, 1, 1, 1, 'AZERTY QWERTY', '2019-11-12 13:30:46', '2019-11-12 13:30:46'),
(35, 7, 346, NULL, '62', '100000.00', NULL, 1, 4, 10, 1, 1, 1, 1, 'POIUL MOIUL', '2019-11-12 14:03:07', '2019-11-12 14:03:07'),
(36, 7, 4, 5, '34', NULL, '35000.00', 1, 4, 10, 1, 1, 1, 1, 'POIUL MOIUL', '2019-11-12 14:03:07', '2019-11-12 14:03:07'),
(37, 7, 227, 5, '39', NULL, '8000.00', 1, 4, 10, 1, 1, 1, 1, 'POIUL MOIUL', '2019-11-12 14:03:07', '2019-11-12 14:03:07'),
(38, 7, 229, 5, '35', NULL, '50000.00', 1, 4, 10, 1, 1, 1, 1, 'POIUL MOIUL', '2019-11-12 14:03:07', '2019-11-12 14:03:07'),
(39, 7, 5, 5, '36', NULL, '3500.00', 1, 4, 10, 1, 1, 1, 1, 'POIUL MOIUL', '2019-11-12 14:03:07', '2019-11-12 14:03:07'),
(40, 7, 27, 5, '38', NULL, '1500.00', 1, 4, 10, 1, 1, 1, 1, 'POIUL MOIUL', '2019-11-12 14:03:07', '2019-11-12 14:03:07'),
(41, 7, 425, 5, '37', NULL, '1000.00', 1, 4, 10, 1, 1, 1, 1, 'POIUL MOIUL', '2019-11-12 14:03:07', '2019-11-12 14:03:07'),
(42, 7, 461, 5, '1', NULL, '1000.00', 1, 4, 10, 1, 1, 1, 1, 'POIUL MOIUL', '2019-11-12 14:03:07', '2019-11-12 14:03:07'),
(43, 8, 346, NULL, '62', '170000.00', NULL, 1, 4, 10, 1, 1, 1, 1, 'ASCGY ZDFT', '2019-11-12 14:15:38', '2019-11-12 14:15:38'),
(44, 8, 4, 6, '34', NULL, '35000.00', 1, 4, 10, 1, 1, 1, 1, 'ASCGY ZDFT', '2019-11-12 14:15:38', '2019-11-12 14:15:38'),
(45, 8, 227, 6, '39', NULL, '25000.00', 1, 4, 10, 1, 1, 1, 1, 'ASCGY ZDFT', '2019-11-12 14:15:38', '2019-11-12 14:15:38'),
(46, 8, 229, 6, '35', NULL, '100000.00', 1, 4, 10, 1, 1, 1, 1, 'ASCGY ZDFT', '2019-11-12 14:15:38', '2019-11-12 14:15:38'),
(47, 8, 5, 6, '36', NULL, '3500.00', 1, 4, 10, 1, 1, 1, 1, 'ASCGY ZDFT', '2019-11-12 14:15:38', '2019-11-12 14:15:38'),
(48, 8, 27, 6, '38', NULL, '1500.00', 1, 4, 10, 1, 1, 1, 1, 'ASCGY ZDFT', '2019-11-12 14:15:38', '2019-11-12 14:15:38'),
(49, 8, 425, 6, '37', NULL, '4000.00', 1, 4, 10, 1, 1, 1, 1, 'ASCGY ZDFT', '2019-11-12 14:15:38', '2019-11-12 14:15:38'),
(50, 8, 461, 6, '1', NULL, '1000.00', 1, 4, 10, 1, 1, 1, 1, 'ASCGY ZDFT', '2019-11-12 14:15:38', '2019-11-12 14:15:38'),
(51, 9, 346, NULL, '62', '100000.00', NULL, 1, 4, 10, 1, 1, 1, 1, 'QSDQS QDQSD', '2019-11-12 15:09:34', '2019-11-12 15:09:34'),
(52, 9, 4, 8, '34', NULL, '35000.00', 1, 4, 10, 1, 1, 1, 1, 'QSDQS QDQSD', '2019-11-12 15:09:34', '2019-11-12 15:09:34'),
(53, 9, 227, 8, '39', NULL, '8500.00', 1, 4, 10, 1, 1, 1, 1, 'QSDQS QDQSD', '2019-11-12 15:09:34', '2019-11-12 15:09:34'),
(54, 9, 229, 8, '35', NULL, '50000.00', 1, 4, 10, 1, 1, 1, 1, 'QSDQS QDQSD', '2019-11-12 15:09:34', '2019-11-12 15:09:34'),
(55, 9, 5, 8, '36', NULL, '3500.00', 1, 4, 10, 1, 1, 1, 1, 'QSDQS QDQSD', '2019-11-12 15:09:34', '2019-11-12 15:09:34'),
(56, 9, 27, 8, '38', NULL, '1500.00', 1, 4, 10, 1, 1, 1, 1, 'QSDQS QDQSD', '2019-11-12 15:09:34', '2019-11-12 15:09:34'),
(57, 9, 425, 8, '37', NULL, '500.00', 1, 4, 10, 1, 1, 1, 1, 'QSDQS QDQSD', '2019-11-12 15:09:34', '2019-11-12 15:09:34'),
(58, 9, 461, 8, '1', NULL, '1000.00', 1, 4, 10, 1, 1, 1, 1, 'QSDQS QDQSD', '2019-11-12 15:09:34', '2019-11-12 15:09:34'),
(59, 10, 342, NULL, '64', '1000000.00', NULL, 1, 8, 1, 1, 1, 1, 1, NULL, '2019-11-13 16:18:32', '2019-11-13 16:18:32'),
(60, 10, 478, 1, '64', NULL, '1000000.00', 1, 8, NULL, 1, 1, 1, 1, NULL, '2019-11-13 16:18:32', '2019-11-13 16:18:32'),
(61, 11, 478, NULL, '63', '1500000.00', NULL, 1, 8, NULL, 1, 1, 1, 1, NULL, '2019-11-13 16:18:32', '2019-11-13 16:18:32'),
(62, 11, 342, NULL, '63', NULL, '1500000.00', 1, 8, 1, 1, 1, 1, 1, NULL, '2019-11-13 16:18:32', '2019-11-13 16:18:32'),
(63, 12, 478, NULL, '18', '1500000.00', NULL, 1, 8, NULL, 1, 1, 1, 1, NULL, '2019-11-13 16:18:32', '2019-11-13 16:18:32'),
(64, 12, 477, 1, '41', NULL, '1500000.00', 1, 8, NULL, 1, 1, 1, 1, NULL, '2019-11-13 16:18:32', '2019-11-13 16:18:32'),
(65, 13, 342, NULL, '64', '1500000.00', NULL, 1, 8, 1, 1, 1, 1, 1, NULL, '2019-11-13 17:11:24', '2019-11-13 17:11:24'),
(66, 13, 478, 1, '64', NULL, '1500000.00', 1, 8, NULL, 1, 1, 1, 1, NULL, '2019-11-13 17:11:24', '2019-11-13 17:11:24'),
(67, 14, 478, NULL, '63', '1750000.00', NULL, 1, 8, NULL, 1, 1, 1, 1, NULL, '2019-11-13 17:11:24', '2019-11-13 17:11:24'),
(68, 14, 342, NULL, '63', NULL, '1750000.00', 1, 8, 1, 1, 1, 1, 1, NULL, '2019-11-13 17:11:24', '2019-11-13 17:11:24'),
(69, 15, 478, NULL, '18', '1750000.00', NULL, 1, 8, NULL, 1, 1, 1, 1, NULL, '2019-11-13 17:11:24', '2019-11-13 17:11:24'),
(70, 15, 477, 1, '41', NULL, '1750000.00', 1, 8, NULL, 1, 1, 1, 1, NULL, '2019-11-13 17:11:24', '2019-11-13 17:11:24'),
(71, 16, 478, NULL, '18', '600000.00', NULL, 1, 7, NULL, 1, 1, 1, 1, NULL, '2019-11-15 09:32:31', '2019-11-15 09:32:31'),
(72, 16, 477, 2, '41', NULL, '600000.00', 1, 7, NULL, 1, 1, 1, 1, NULL, '2019-11-15 09:32:31', '2019-11-15 09:32:31'),
(73, 17, 426, NULL, '65', '6000.00', NULL, 1, 4, 10, 1, 1, 1, 1, 'EYONG CARL ENOW', '2019-11-19 11:39:15', '2019-11-19 11:39:15'),
(74, 17, 346, NULL, '64', '600000.00', NULL, 1, 4, 10, 1, 1, 1, 1, 'EYONG CARL ENOW', '2019-11-19 11:39:15', '2019-11-19 11:39:15'),
(75, 17, 478, 2, '64', NULL, '606000.00', 1, 4, 10, 1, 1, 1, 1, 'EYONG CARL ENOW', '2019-11-19 11:39:15', '2019-11-19 11:39:15'),
(76, 18, 346, NULL, '2', '94000.00', NULL, 1, 4, 10, 1, 1, 1, 1, 'EYONG CARL ENOW', '2019-11-19 11:39:15', '2019-11-19 11:39:15'),
(77, 18, 229, 2, '35', NULL, '94000.00', 1, 4, 10, 1, 1, 1, 1, 'EYONG CARL ENOW', '2019-11-19 11:39:15', '2019-11-19 11:39:15'),
(78, 19, 426, NULL, '65', '10185.00', NULL, 1, 4, 10, 1, 1, 1, 1, 'NGUIMFACK NKENGFACK DONALD BLONDIN', '2019-11-19 11:58:39', '2019-11-19 11:58:39'),
(79, 19, 346, NULL, '64', '1018500.00', NULL, 1, 4, 10, 1, 1, 1, 1, 'NGUIMFACK NKENGFACK DONALD BLONDIN', '2019-11-19 11:58:39', '2019-11-19 11:58:39'),
(80, 19, 478, 1, '64', NULL, '1028685.00', 1, 4, 10, 1, 1, 1, 1, 'NGUIMFACK NKENGFACK DONALD BLONDIN', '2019-11-19 11:58:39', '2019-11-19 11:58:39'),
(81, 20, 346, NULL, '2', '96315.00', NULL, 1, 4, 10, 1, 1, 1, 1, 'NGUIMFACK NKENGFACK DONALD BLONDIN', '2019-11-19 11:58:39', '2019-11-19 11:58:39'),
(82, 20, 229, 1, '35', NULL, '96315.00', 1, 4, 10, 1, 1, 1, 1, 'NGUIMFACK NKENGFACK DONALD BLONDIN', '2019-11-19 11:58:39', '2019-11-19 11:58:39'),
(83, 21, 426, NULL, '65', '2500.00', NULL, 1, 4, 10, 1, 1, 1, 1, 'NGUIMFACK NKENGFACK DONALD BLONDIN', '2019-11-19 12:56:38', '2019-11-19 12:56:38'),
(84, 21, 346, NULL, '64', '250000.00', NULL, 1, 4, 10, 1, 1, 1, 1, 'NGUIMFACK NKENGFACK DONALD BLONDIN', '2019-11-19 12:56:38', '2019-11-19 12:56:38'),
(85, 21, 478, 1, '64', NULL, '252500.00', 1, 4, 10, 1, 1, 1, 1, 'NGUIMFACK NKENGFACK DONALD BLONDIN', '2019-11-19 12:56:38', '2019-11-19 12:56:38'),
(86, 22, 478, NULL, '18', '45000.00', NULL, 1, 7, NULL, 1, 1, 1, 1, NULL, '2019-11-20 02:19:25', '2019-11-20 02:19:25'),
(87, 22, 477, 4, '41', NULL, '45000.00', 1, 7, NULL, 1, 1, 1, 1, NULL, '2019-11-20 02:19:25', '2019-11-20 02:19:25'),
(88, 23, 478, NULL, '18', '100000.00', NULL, 1, 7, NULL, 1, 1, 1, 1, NULL, '2019-11-20 02:20:59', '2019-11-20 02:20:59'),
(89, 23, 477, 5, '41', NULL, '100000.00', 1, 7, NULL, 1, 1, 1, 1, NULL, '2019-11-20 02:20:59', '2019-11-20 02:20:59'),
(90, 24, 346, NULL, '2', '45000.00', NULL, 1, 4, 10, 1, 1, 1, 1, 'AZERTY QWERTY', '2019-11-21 06:04:30', '2019-11-21 06:04:30'),
(91, 24, 229, 4, '35', NULL, '5000.00', 1, 4, 10, 1, 1, 1, 1, 'AZERTY QWERTY', '2019-11-21 06:04:30', '2019-11-21 06:04:30'),
(92, 24, 478, 4, '64', NULL, '40000.00', 1, 4, 10, 1, 1, 1, 1, 'AZERTY QWERTY', '2019-11-21 06:04:30', '2019-11-21 06:04:30'),
(93, 25, 346, NULL, '2', '10000.00', NULL, 1, 4, 10, 1, 1, 1, 1, 'AZERTY QWERTY', '2019-11-21 06:07:53', '2019-11-21 06:07:53'),
(94, 25, 4, 4, '34', NULL, '600.00', 1, 4, 10, 1, 1, 1, 1, 'AZERTY QWERTY', '2019-11-21 06:07:53', '2019-11-21 06:07:53'),
(95, 25, 227, 4, '39', NULL, '5000.00', 1, 4, 10, 1, 1, 1, 1, 'AZERTY QWERTY', '2019-11-21 06:07:53', '2019-11-21 06:07:53'),
(96, 25, 348, 4, '66', NULL, '400.00', 1, 4, 10, 1, 1, 1, 1, 'AZERTY QWERTY', '2019-11-21 06:07:53', '2019-11-21 06:07:53'),
(97, 25, 478, 4, '64', NULL, '4000.00', 1, 4, 10, 1, 1, 1, 1, 'AZERTY QWERTY', '2019-11-21 06:07:53', '2019-11-21 06:07:53'),
(98, 26, 346, NULL, '2', '2000.00', NULL, 1, 4, 10, 1, 1, 1, 1, 'AZERTY QWERTY', '2019-11-21 06:32:12', '2019-11-21 06:32:12'),
(99, 26, 227, 4, '39', NULL, '195.00', 1, 4, 10, 1, 1, 1, 1, 'AZERTY QWERTY', '2019-11-21 06:32:12', '2019-11-21 06:32:12'),
(100, 26, 431, 4, '67', NULL, '100.00', 1, 4, 10, 1, 1, 1, 1, 'AZERTY QWERTY', '2019-11-21 06:32:12', '2019-11-21 06:32:12'),
(101, 26, 229, 4, '35', NULL, '1000.00', 1, 4, 10, 1, 1, 1, 1, 'AZERTY QWERTY', '2019-11-21 06:32:12', '2019-11-21 06:32:12'),
(103, 26, 426, 4, '65', NULL, '5.00', 1, 4, 10, 1, 1, 1, 1, 'AZERTY QWERTY', '2019-11-21 06:32:12', '2019-11-21 06:32:12'),
(104, 26, 478, 4, '64', NULL, '700.00', 1, 4, 10, 1, 1, 1, 1, 'AZERTY QWERTY', '2019-11-21 06:32:12', '2019-11-21 06:32:12'),
(105, 27, 346, NULL, '2', '500.00', NULL, 1, 4, 10, 1, 1, 1, 1, 'AZERTY QWERTY', '2019-11-21 06:42:38', '2019-11-21 06:42:38'),
(106, 27, 4, 4, '34', NULL, '0.00', 1, 4, 10, 1, 1, 1, 1, 'AZERTY QWERTY', '2019-11-21 06:42:38', '2019-11-21 06:42:38'),
(107, 27, 227, 4, '39', NULL, '93.00', 1, 4, 10, 1, 1, 1, 1, 'AZERTY QWERTY', '2019-11-21 06:42:38', '2019-11-21 06:42:38'),
(108, 27, 229, 4, '35', NULL, '200.00', 1, 4, 10, 1, 1, 1, 1, 'AZERTY QWERTY', '2019-11-21 06:42:38', '2019-11-21 06:42:38'),
(109, 27, 348, 4, '66', NULL, '0.00', 1, 4, 10, 1, 1, 1, 1, 'AZERTY QWERTY', '2019-11-21 06:42:38', '2019-11-21 06:42:38'),
(110, 27, 431, 4, '66', NULL, '5.00', 1, 4, 10, 1, 1, 1, 1, 'AZERTY QWERTY', '2019-11-21 06:42:38', '2019-11-21 06:42:38'),
(111, 27, 426, 4, '65', NULL, '2.00', 1, 4, 10, 1, 1, 1, 1, 'AZERTY QWERTY', '2019-11-21 06:42:38', '2019-11-21 06:42:38'),
(112, 27, 478, 4, '64', NULL, '200.00', 1, 4, 10, 1, 1, 1, 1, 'AZERTY QWERTY', '2019-11-21 06:42:38', '2019-11-21 06:42:38'),
(113, 28, 346, NULL, '2', '500.00', NULL, 1, 4, 10, 1, 1, 1, 1, 'AZERTY QWERTY', '2019-11-21 06:45:38', '2019-11-21 06:45:38'),
(114, 28, 4, 4, '34', NULL, '0.00', 1, 4, 10, 1, 1, 1, 1, 'AZERTY QWERTY', '2019-11-21 06:45:38', '2019-11-21 06:45:38'),
(115, 28, 227, 4, '39', NULL, '400.00', 1, 4, 10, 1, 1, 1, 1, 'AZERTY QWERTY', '2019-11-21 06:45:38', '2019-11-21 06:45:38'),
(116, 28, 229, 4, '35', NULL, '24.00', 1, 4, 10, 1, 1, 1, 1, 'AZERTY QWERTY', '2019-11-21 06:45:38', '2019-11-21 06:45:38'),
(117, 28, 431, 4, '66', NULL, '1.00', 1, 4, 10, 1, 1, 1, 1, 'AZERTY QWERTY', '2019-11-21 06:45:38', '2019-11-21 06:45:38'),
(118, 28, 478, 4, '64', NULL, '75.00', 1, 4, 10, 1, 1, 1, 1, 'AZERTY QWERTY', '2019-11-21 06:45:38', '2019-11-21 06:45:38'),
(151, 29, 346, NULL, '2', '100.00', NULL, 1, 4, 10, 1, 1, 1, 1, 'AZERTY QWERTY', '2019-11-21 06:58:17', '2019-11-21 06:58:17'),
(152, 29, 4, 4, '34', NULL, '0.00', 1, 4, 10, 1, 1, 1, 1, 'AZERTY QWERTY', '2019-11-21 06:58:17', '2019-11-21 06:58:17'),
(153, 29, 227, 4, '39', NULL, '0.00', 1, 4, 10, 1, 1, 1, 1, 'AZERTY QWERTY', '2019-11-21 06:58:17', '2019-11-21 06:58:17'),
(154, 29, 229, 4, '35', NULL, '79.00', 1, 4, 10, 1, 1, 1, 1, 'AZERTY QWERTY', '2019-11-21 06:58:17', '2019-11-21 06:58:17'),
(155, 29, 431, 4, '66', NULL, '1.00', 1, 4, 10, 1, 1, 1, 1, 'AZERTY QWERTY', '2019-11-21 06:58:17', '2019-11-21 06:58:17'),
(156, 29, 478, 4, '64', NULL, '20.00', 1, 4, 10, 1, 1, 1, 1, 'AZERTY QWERTY', '2019-11-21 06:58:17', '2019-11-21 06:58:17'),
(170, 30, 346, NULL, '2', '14.00', NULL, 1, 4, 10, 1, 1, 1, 1, 'AZERTY QWERTY', '2019-11-21 07:11:44', '2019-11-21 07:11:44'),
(171, 30, 229, 4, '35', NULL, '10.00', 1, 4, 10, 1, 1, 1, 1, 'AZERTY QWERTY', '2019-11-21 07:11:44', '2019-11-21 07:11:44'),
(172, 30, 478, 4, '64', NULL, '4.00', 1, 4, 10, 1, 1, 1, 1, 'AZERTY QWERTY', '2019-11-21 07:11:44', '2019-11-21 07:11:44'),
(173, 31, 346, NULL, '2', '11.00', NULL, 1, 4, 10, 1, 1, 1, 1, 'AZERTY QWERTY', '2019-11-21 07:13:07', '2019-11-21 07:13:07'),
(174, 31, 229, 4, '35', NULL, '10.00', 1, 4, 10, 1, 1, 1, 1, 'AZERTY QWERTY', '2019-11-21 07:13:07', '2019-11-21 07:13:07'),
(175, 31, 478, 4, '64', NULL, '1.00', 1, 4, 10, 1, 1, 1, 1, 'AZERTY QWERTY', '2019-11-21 07:13:07', '2019-11-21 07:13:07'),
(176, 32, 478, NULL, '18', '50000.00', NULL, 1, 7, NULL, 1, 1, 1, 1, NULL, '2019-11-21 07:17:09', '2019-11-21 07:17:09'),
(177, 32, 477, 4, '41', NULL, '50000.00', 1, 7, NULL, 1, 1, 1, 1, NULL, '2019-11-21 07:17:09', '2019-11-21 07:17:09'),
(178, 33, 346, NULL, '2', '49989.00', NULL, 1, 4, 10, 1, 1, 1, 1, 'AZERTY QWERTY', '2019-11-21 07:25:43', '2019-11-21 07:25:43'),
(179, 33, 4, 4, '34', NULL, '400.00', 1, 4, 10, 1, 1, 1, 1, 'AZERTY QWERTY', '2019-11-21 07:25:43', '2019-11-21 07:25:43'),
(180, 33, 227, 4, '39', NULL, '412.00', 1, 4, 10, 1, 1, 1, 1, 'AZERTY QWERTY', '2019-11-21 07:25:43', '2019-11-21 07:25:43'),
(181, 33, 229, 4, '35', NULL, '9177.00', 1, 4, 10, 1, 1, 1, 1, 'AZERTY QWERTY', '2019-11-21 07:25:43', '2019-11-21 07:25:43'),
(182, 33, 478, 4, '64', NULL, '40000.00', 1, 4, 10, 1, 1, 1, 1, 'AZERTY QWERTY', '2019-11-21 07:25:43', '2019-11-21 07:25:43'),
(183, 34, 346, NULL, '2', '10900.00', NULL, 1, 4, 10, 1, 1, 1, 1, 'AZERTY QWERTY', '2019-11-21 07:30:03', '2019-11-21 07:30:03'),
(184, 34, 227, 4, '39', NULL, '900.00', 1, 4, 10, 1, 1, 1, 1, 'AZERTY QWERTY', '2019-11-21 07:30:03', '2019-11-21 07:30:03'),
(185, 34, 229, 4, '35', NULL, '500.00', 1, 4, 10, 1, 1, 1, 1, 'AZERTY QWERTY', '2019-11-21 07:30:03', '2019-11-21 07:30:03'),
(186, 34, 431, 4, '67', NULL, '500.00', 1, 4, 10, 1, 1, 1, 1, 'AZERTY QWERTY', '2019-11-21 07:30:03', '2019-11-21 07:30:03'),
(187, 34, 478, 4, '64', NULL, '9000.00', 1, 4, 10, 1, 1, 1, 1, 'AZERTY QWERTY', '2019-11-21 07:30:03', '2019-11-21 07:30:03'),
(188, 35, 346, NULL, '2', '1110.00', NULL, 1, 4, 10, 1, 1, 1, 1, 'AZERTY QWERTY', '2019-11-21 07:31:33', '2019-11-21 07:31:33'),
(189, 35, 431, 4, '67', NULL, '100.00', 1, 4, 10, 1, 1, 1, 1, 'AZERTY QWERTY', '2019-11-21 07:31:33', '2019-11-21 07:31:33'),
(190, 35, 426, 4, '65', NULL, '10.00', 1, 4, 10, 1, 1, 1, 1, 'AZERTY QWERTY', '2019-11-21 07:31:33', '2019-11-21 07:31:33'),
(191, 35, 478, 4, '64', NULL, '1000.00', 1, 4, 10, 1, 1, 1, 1, 'AZERTY QWERTY', '2019-11-21 07:31:33', '2019-11-21 07:31:33'),
(192, 36, 346, NULL, '2', '52500.00', NULL, 1, 4, 10, 1, 1, 1, 1, 'POIUL MOIUL', '2019-11-21 11:38:27', '2019-11-21 11:38:27'),
(193, 36, 227, 5, '39', NULL, '2000.00', 1, 4, 10, 1, 1, 1, 1, 'POIUL MOIUL', '2019-11-21 11:38:27', '2019-11-21 11:38:27'),
(194, 36, 426, 5, '65', NULL, '500.00', 1, 4, 10, 1, 1, 1, 1, 'POIUL MOIUL', '2019-11-21 11:38:27', '2019-11-21 11:38:27'),
(195, 36, 478, 5, '64', NULL, '50000.00', 1, 4, 10, 1, 1, 1, 1, 'POIUL MOIUL', '2019-11-21 11:38:27', '2019-11-21 11:38:27'),
(196, 37, 346, NULL, '2', '50000.00', NULL, 1, 4, 10, 1, 1, 1, 1, 'POIUL MOIUL', '2019-11-21 12:05:55', '2019-11-21 12:05:55'),
(197, 37, 229, 5, '35', NULL, '50000.00', 1, 4, 10, 1, 1, 1, 1, 'POIUL MOIUL', '2019-11-21 12:05:55', '2019-11-21 12:05:55'),
(198, 38, 342, NULL, '2', '51000.00', NULL, 1, 8, 1, 1, 1, 1, 1, NULL, '2019-11-21 12:15:19', '2019-11-21 12:15:19'),
(199, 38, 431, 5, '67', NULL, '500.00', 1, 8, 1, 1, 1, 1, 1, NULL, '2019-11-21 12:15:19', '2019-11-21 12:15:19'),
(200, 38, 426, 5, '65', NULL, '500.00', 1, 8, 1, 1, 1, 1, 1, NULL, '2019-11-21 12:15:19', '2019-11-21 12:15:19'),
(201, 38, 478, 5, '64', NULL, '50000.00', 1, 8, 1, 1, 1, 1, 1, NULL, '2019-11-21 12:15:19', '2019-11-21 12:15:19'),
(202, 39, 478, NULL, '18', '100000.00', NULL, 1, 8, NULL, 1, 1, 1, 1, NULL, '2019-11-21 12:15:19', '2019-11-21 12:15:19'),
(203, 39, 477, 5, '41', NULL, '100000.00', 1, 8, NULL, 1, 1, 1, 1, NULL, '2019-11-21 12:15:19', '2019-11-21 12:15:19'),
(204, 40, 431, 5, '67', '500.00', NULL, 1, 8, 1, 1, 1, 1, 1, NULL, '2019-11-21 12:15:19', '2019-11-21 12:15:19'),
(205, 40, 426, 5, '65', '500.00', NULL, 1, 8, 1, 1, 1, 1, 1, NULL, '2019-11-21 12:15:19', '2019-11-21 12:15:19'),
(206, 40, 477, 5, '68', '50000.00', NULL, 1, 8, 1, 1, 1, 1, 1, NULL, '2019-11-21 12:15:19', '2019-11-21 12:15:19'),
(207, 40, 342, NULL, '69', NULL, '51000.00', 1, 8, 1, 1, 1, 1, 1, NULL, '2019-11-21 12:15:19', '2019-11-21 12:15:19'),
(208, 41, 477, 5, '63', '49000.00', NULL, 1, 4, 10, 1, 1, 1, 1, 'POIUL MOIUL', '2019-11-21 13:12:50', '2019-11-21 13:12:50'),
(209, 41, 346, NULL, '3', NULL, '49000.00', 1, 4, 10, 1, 1, 1, 1, 'POIUL MOIUL', '2019-11-21 13:12:50', '2019-11-21 13:12:50'),
(210, 42, 325, NULL, '59', '101000.00', NULL, 1, 6, NULL, 1, 1, 1, 1, 'SOMEONE', '2019-11-21 15:11:19', '2019-11-21 15:11:19'),
(211, 42, 426, 5, '65', NULL, '1000.00', 1, 6, NULL, 1, 1, 1, 1, 'SOMEONE', '2019-11-21 15:11:19', '2019-11-21 15:11:19'),
(212, 42, 478, 5, '64', NULL, '100000.00', 1, 6, NULL, 1, 1, 1, 1, 'SOMEONE', '2019-11-21 15:11:19', '2019-11-21 15:11:19'),
(213, 43, 478, NULL, '18', '1000000.00', NULL, 1, 7, NULL, 1, 1, 1, 1, NULL, '2019-11-22 09:34:09', '2019-11-22 09:34:09'),
(214, 43, 477, 1, '41', NULL, '1000000.00', 1, 7, NULL, 1, 1, 1, 1, NULL, '2019-11-22 09:34:09', '2019-11-22 09:34:09'),
(215, 44, 478, NULL, '18', '1000000.00', NULL, 1, 7, NULL, 1, 1, 1, 1, NULL, '2019-11-22 09:34:33', '2019-11-22 09:34:33'),
(216, 44, 477, 2, '41', NULL, '1000000.00', 1, 7, NULL, 1, 1, 1, 1, NULL, '2019-11-22 09:34:33', '2019-11-22 09:34:33'),
(217, 45, 346, NULL, '2', '500000.00', NULL, 1, 4, 10, 1, 1, 1, 1, 'EYONG CARL ENOW', '2019-11-22 09:46:31', '2019-11-22 09:46:31'),
(218, 45, 229, 2, '35', NULL, '400000.00', 1, 4, 10, 1, 1, 1, 1, 'EYONG CARL ENOW', '2019-11-22 09:46:31', '2019-11-22 09:46:31'),
(219, 45, 478, 2, '64', NULL, '100000.00', 1, 4, 10, 1, 1, 1, 1, 'EYONG CARL ENOW', '2019-11-22 09:46:31', '2019-11-22 09:46:31'),
(220, 46, 325, NULL, '59', '500000.00', NULL, 1, 6, NULL, 1, 1, 1, 1, 'MEMBER', '2019-11-22 09:54:21', '2019-11-22 09:54:21'),
(221, 46, 229, 2, '35', NULL, '300000.00', 1, 6, NULL, 1, 1, 1, 1, 'MEMBER', '2019-11-22 09:54:22', '2019-11-22 09:54:22'),
(222, 46, 431, 2, '67', NULL, '10000.00', 1, 6, NULL, 1, 1, 1, 1, 'MEMBER', '2019-11-22 09:54:22', '2019-11-22 09:54:22'),
(223, 46, 478, 2, '64', NULL, '190000.00', 1, 6, NULL, 1, 1, 1, 1, 'MEMBER', '2019-11-22 09:54:22', '2019-11-22 09:54:22'),
(224, 47, 342, NULL, '2', '827100.00', NULL, 1, 8, 1, 1, 1, 1, 1, NULL, '2019-11-22 09:59:55', '2019-11-22 09:59:55'),
(225, 47, 431, 2, '67', NULL, '9000.00', 1, 8, 1, 1, 1, 1, 1, NULL, '2019-11-22 09:59:56', '2019-11-22 09:59:56'),
(226, 47, 426, 2, '65', NULL, '8100.00', 1, 8, 1, 1, 1, 1, 1, NULL, '2019-11-22 09:59:56', '2019-11-22 09:59:56'),
(227, 47, 478, 2, '64', NULL, '810000.00', 1, 8, 1, 1, 1, 1, 1, NULL, '2019-11-22 09:59:56', '2019-11-22 09:59:56'),
(228, 48, 478, NULL, '18', '1000000.00', NULL, 1, 8, NULL, 1, 1, 1, 1, NULL, '2019-11-22 09:59:56', '2019-11-22 09:59:56'),
(229, 48, 477, 2, '41', NULL, '1000000.00', 1, 8, NULL, 1, 1, 1, 1, NULL, '2019-11-22 09:59:56', '2019-11-22 09:59:56'),
(230, 49, 426, 2, '65', '8100.00', NULL, 1, 8, 1, 1, 1, 1, 1, NULL, '2019-11-22 09:59:56', '2019-11-22 09:59:56'),
(231, 49, 477, 2, '68', '810000.00', NULL, 1, 8, 1, 1, 1, 1, 1, NULL, '2019-11-22 09:59:56', '2019-11-22 09:59:56'),
(232, 49, 342, NULL, '69', NULL, '818100.00', 1, 8, 1, 1, 1, 1, 1, NULL, '2019-11-22 09:59:56', '2019-11-22 09:59:56'),
(233, 50, 346, NULL, '2', '100000.00', NULL, 1, 4, 10, 1, 1, 1, 1, 'EYONG CARL ENOW', '2019-11-22 11:23:16', '2019-11-22 11:23:16'),
(234, 50, 478, 2, '64', NULL, '100000.00', 1, 4, 10, 1, 1, 1, 1, 'EYONG CARL ENOW', '2019-11-22 11:23:16', '2019-11-22 11:23:16'),
(235, 51, 346, NULL, '2', '600000.00', NULL, 1, 4, 10, 1, 1, 1, 1, 'EYONG CARL ENOW', '2019-11-22 11:28:26', '2019-11-22 11:28:26'),
(236, 51, 478, 2, '64', NULL, '600000.00', 1, 4, 10, 1, 1, 1, 1, 'EYONG CARL ENOW', '2019-11-22 11:28:26', '2019-11-22 11:28:26'),
(237, 52, 342, NULL, '2', '404000.00', NULL, 1, 8, 1, 1, 1, 1, 1, NULL, '2019-11-22 11:33:10', '2019-11-22 11:33:10'),
(238, 52, 426, 2, '65', NULL, '4000.00', 1, 8, 1, 1, 1, 1, 1, NULL, '2019-11-22 11:33:11', '2019-11-22 11:33:11'),
(239, 52, 478, 2, '64', NULL, '400000.00', 1, 8, 1, 1, 1, 1, 1, NULL, '2019-11-22 11:33:11', '2019-11-22 11:33:11'),
(240, 53, 478, NULL, '69', '1500000.00', NULL, 1, 8, NULL, 1, 1, 1, 1, NULL, '2019-11-22 11:33:11', '2019-11-22 11:33:11'),
(241, 53, 477, 2, '41', NULL, '1500000.00', 1, 8, NULL, 1, 1, 1, 1, NULL, '2019-11-22 11:33:11', '2019-11-22 11:33:11'),
(242, 54, 426, 2, '65', '4000.00', NULL, 1, 8, 1, 1, 1, 1, 1, NULL, '2019-11-22 11:33:11', '2019-11-22 11:33:11'),
(243, 54, 477, 2, '68', '400000.00', NULL, 1, 8, 1, 1, 1, 1, 1, NULL, '2019-11-22 11:33:11', '2019-11-22 11:33:11'),
(244, 54, 342, NULL, '3', NULL, '404000.00', 1, 8, 1, 1, 1, 1, 1, NULL, '2019-11-22 11:33:11', '2019-11-22 11:33:11'),
(245, 55, 477, 2, '63', '2877900.00', NULL, 1, 4, 10, 1, 1, 1, 1, 'EYONG CARL ENOW', '2019-11-22 11:57:40', '2019-11-22 11:57:40'),
(246, 55, 346, NULL, '3', NULL, '2877900.00', 1, 4, 10, 1, 1, 1, 1, 'EYONG CARL ENOW', '2019-11-22 11:57:40', '2019-11-22 11:57:40'),
(247, 56, 346, NULL, '2', '1000000.00', NULL, 1, 4, 10, 1, 1, 1, 1, 'EYONG CARL ENOW', '2019-11-22 12:09:19', '2019-11-22 12:09:19'),
(248, 56, 478, 2, '64', NULL, '1000000.00', 1, 4, 10, 1, 1, 1, 1, 'EYONG CARL ENOW', '2019-11-22 12:09:19', '2019-11-22 12:09:19'),
(249, 57, 477, 4, '63', '90000.00', NULL, 1, 4, 10, 1, 1, 1, 1, 'AZERTY QWERTY', '2019-11-22 12:22:20', '2019-11-22 12:22:20'),
(250, 57, 346, NULL, '3', NULL, '90000.00', 1, 4, 10, 1, 1, 1, 1, 'AZERTY QWERTY', '2019-11-22 12:22:20', '2019-11-22 12:22:20'),
(251, 58, 342, NULL, '2', '505000.00', NULL, 1, 8, 1, 1, 1, 1, 1, NULL, '2019-11-22 12:24:54', '2019-11-22 12:24:54'),
(252, 58, 426, 2, '65', NULL, '5000.00', 1, 8, 1, 1, 1, 1, 1, NULL, '2019-11-22 12:24:54', '2019-11-22 12:24:54'),
(253, 58, 478, 2, '64', NULL, '500000.00', 1, 8, 1, 1, 1, 1, 1, NULL, '2019-11-22 12:24:54', '2019-11-22 12:24:54'),
(254, 59, 478, NULL, '69', '894000.00', NULL, 1, 8, NULL, 1, 1, 1, 1, NULL, '2019-11-22 12:24:54', '2019-11-22 12:24:54'),
(255, 59, 477, 2, '41', NULL, '894000.00', 1, 8, NULL, 1, 1, 1, 1, NULL, '2019-11-22 12:24:54', '2019-11-22 12:24:54'),
(256, 60, 426, 2, '65', '5000.00', NULL, 1, 8, 1, 1, 1, 1, 1, NULL, '2019-11-22 12:24:54', '2019-11-22 12:24:54'),
(257, 60, 477, 2, '68', '500000.00', NULL, 1, 8, 1, 1, 1, 1, 1, NULL, '2019-11-22 12:24:54', '2019-11-22 12:24:54'),
(258, 60, 342, NULL, '3', NULL, '505000.00', 1, 8, 1, 1, 1, 1, 1, NULL, '2019-11-22 12:24:54', '2019-11-22 12:24:54'),
(259, 61, 322, NULL, '59', '800000.00', NULL, 1, 6, NULL, 1, 1, 1, 1, 'AZERTY', '2019-11-22 12:56:58', '2019-11-22 12:56:58'),
(260, 61, 478, 2, '64', NULL, '800000.00', 1, 6, NULL, 1, 1, 1, 1, 'AZERTY', '2019-11-22 12:56:58', '2019-11-22 12:56:58'),
(261, 62, 325, NULL, '59', '90000.00', NULL, 1, 6, NULL, 1, 1, 1, 1, 'AZSQWX', '2019-11-22 13:24:46', '2019-11-22 13:24:46'),
(262, 62, 478, 2, '64', NULL, '90000.00', 1, 6, NULL, 1, 1, 1, 1, 'AZSQWX', '2019-11-22 13:24:47', '2019-11-22 13:24:47'),
(263, 63, 342, NULL, '2', '4000.00', NULL, 1, 8, 1, 1, 1, 1, 1, NULL, '2019-11-22 13:41:12', '2019-11-22 13:41:12'),
(264, 63, 478, 2, '64', NULL, '4000.00', 1, 8, 1, 1, 1, 1, 1, NULL, '2019-11-22 13:41:12', '2019-11-22 13:41:12'),
(265, 64, 478, NULL, '69', '394000.00', NULL, 1, 8, NULL, 1, 1, 1, 1, NULL, '2019-11-22 13:41:12', '2019-11-22 13:41:12'),
(266, 64, 477, 2, '41', NULL, '394000.00', 1, 8, NULL, 1, 1, 1, 1, NULL, '2019-11-22 13:41:12', '2019-11-22 13:41:12'),
(267, 65, 477, 2, '68', '4000.00', NULL, 1, 8, 1, 1, 1, 1, 1, NULL, '2019-11-22 13:41:12', '2019-11-22 13:41:12'),
(268, 65, 342, NULL, '3', NULL, '4000.00', 1, 8, 1, 1, 1, 1, 1, NULL, '2019-11-22 13:41:12', '2019-11-22 13:41:12');

-- --------------------------------------------------------

--
-- Table structure for table `zones`
--

CREATE TABLE `zones` (
  `idzone` int(11) NOT NULL,
  `name` varchar(50) DEFAULT NULL,
  `phone1` varchar(25) DEFAULT NULL,
  `phone2` varchar(25) DEFAULT NULL,
  `email` varchar(50) DEFAULT NULL,
  `country` int(11) DEFAULT NULL,
  `region` int(11) DEFAULT NULL,
  `town` int(11) DEFAULT NULL,
  `address` varchar(50) DEFAULT NULL,
  `postcode` int(11) DEFAULT NULL,
  `network` int(11) DEFAULT NULL,
  `updated_at` datetime DEFAULT CURRENT_TIMESTAMP,
  `created_at` datetime DEFAULT CURRENT_TIMESTAMP
) ENGINE=InnoDB DEFAULT CHARSET=utf8;

--
-- Dumping data for table `zones`
--

INSERT INTO `zones` (`idzone`, `name`, `phone1`, `phone2`, `email`, `country`, `region`, `town`, `address`, `postcode`, `network`, `updated_at`, `created_at`) VALUES
(1, 'CAMCULL Zone', '123456789', '987654321', 'camcull_zone@gmail.com', 1, 1, 1, 'Commercial Avenue', 1050, 1, '2019-09-06 19:34:46', '2019-09-06 19:34:46'),
(2, 'DOUALA NORD', '123456789', '987654321', 'camcull_zone@gmail.com', 1, 3, 1, 'Commercial Avenue', 1050, 1, '2019-09-06 19:34:46', '2019-09-06 19:34:46');

--
-- Indexes for dumped tables
--

--
-- Indexes for table `accounts`
--
ALTER TABLE `accounts`
  ADD PRIMARY KEY (`idaccount`),
  ADD KEY `branch` (`branch`),
  ADD KEY `institution` (`institution`),
  ADD KEY `country` (`country`),
  ADD KEY `network` (`network`),
  ADD KEY `acctype` (`acctype`);

--
-- Indexes for table `acc_dates`
--
ALTER TABLE `acc_dates`
  ADD PRIMARY KEY (`idaccdate`),
  ADD KEY `branch` (`branch`),
  ADD KEY `institution` (`institution`),
  ADD KEY `network` (`network`),
  ADD KEY `zone` (`zone`);

--
-- Indexes for table `acc_plans`
--
ALTER TABLE `acc_plans`
  ADD PRIMARY KEY (`idaccount`),
  ADD KEY `network` (`network`);

--
-- Indexes for table `acc_types`
--
ALTER TABLE `acc_types`
  ADD PRIMARY KEY (`idacctype`);

--
-- Indexes for table `balances`
--
ALTER TABLE `balances`
  ADD PRIMARY KEY (`idbal`),
  ADD KEY `account` (`account`),
  ADD KEY `member` (`member`),
  ADD KEY `operation` (`operation`);

--
-- Indexes for table `banks`
--
ALTER TABLE `banks`
  ADD PRIMARY KEY (`idbank`),
  ADD KEY `branch` (`branch`),
  ADD KEY `country` (`country`),
  ADD KEY `institution` (`institution`),
  ADD KEY `region` (`region`),
  ADD KEY `town` (`town`),
  ADD KEY `member` (`member`),
  ADD KEY `theiracc` (`theiracc`),
  ADD KEY `division` (`division`),
  ADD KEY `subdivision` (`subdivision`);

--
-- Indexes for table `benefs`
--
ALTER TABLE `benefs`
  ADD PRIMARY KEY (`idbene`),
  ADD KEY `benefs_ibfk_1` (`member`);

--
-- Indexes for table `branches`
--
ALTER TABLE `branches`
  ADD PRIMARY KEY (`idbranch`),
  ADD KEY `institution` (`institution`),
  ADD KEY `region` (`region`),
  ADD KEY `town` (`town`);

--
-- Indexes for table `budgets`
--
ALTER TABLE `budgets`
  ADD PRIMARY KEY (`idbudget`),
  ADD KEY `branch` (`branch`),
  ADD KEY `institution` (`institution`),
  ADD KEY `account` (`account`);

--
-- Indexes for table `cashes`
--
ALTER TABLE `cashes`
  ADD PRIMARY KEY (`idcash`),
  ADD KEY `branch` (`branch`),
  ADD KEY `employee` (`employee`),
  ADD KEY `institution` (`institution`),
  ADD KEY `cashacc` (`cashacc`),
  ADD KEY `misacc` (`misacc`),
  ADD KEY `excacc` (`excacc`);

--
-- Indexes for table `checks`
--
ALTER TABLE `checks`
  ADD PRIMARY KEY (`idcheck`),
  ADD KEY `branch` (`branch`),
  ADD KEY `institution` (`institution`),
  ADD KEY `bank` (`bank`),
  ADD KEY `member` (`member`),
  ADD KEY `operation` (`operation`);

--
-- Indexes for table `check_acc_amts`
--
ALTER TABLE `check_acc_amts`
  ADD PRIMARY KEY (`idcheckamt`),
  ADD KEY `checkno` (`checkno`),
  ADD KEY `account` (`account`),
  ADD KEY `loan` (`loan`);

--
-- Indexes for table `collectors`
--
ALTER TABLE `collectors`
  ADD PRIMARY KEY (`idcoll`),
  ADD KEY `branch` (`branch`),
  ADD KEY `country` (`country`),
  ADD KEY `division` (`division`),
  ADD KEY `privilege` (`privilege`),
  ADD KEY `regorigin` (`regorigin`),
  ADD KEY `region` (`region`),
  ADD KEY `subdivision` (`subdivision`),
  ADD KEY `town` (`town`),
  ADD KEY `network` (`network`);

--
-- Indexes for table `comakers`
--
ALTER TABLE `comakers`
  ADD PRIMARY KEY (`idcomaker`),
  ADD KEY `loan` (`loan`),
  ADD KEY `member` (`member`),
  ADD KEY `account` (`account`) USING BTREE;

--
-- Indexes for table `countries`
--
ALTER TABLE `countries`
  ADD PRIMARY KEY (`idcountry`),
  ADD KEY `currency` (`currency`);

--
-- Indexes for table `currencies`
--
ALTER TABLE `currencies`
  ADD PRIMARY KEY (`idcurrency`);

--
-- Indexes for table `dem_comakers`
--
ALTER TABLE `dem_comakers`
  ADD PRIMARY KEY (`iddemcomaker`),
  ADD KEY `loan` (`demloan`),
  ADD KEY `member` (`member`),
  ADD KEY `account` (`account`) USING BTREE;

--
-- Indexes for table `dem_loans`
--
ALTER TABLE `dem_loans`
  ADD PRIMARY KEY (`iddemloan`),
  ADD KEY `employee` (`employee`),
  ADD KEY `member` (`member`),
  ADD KEY `loanpur` (`loanpur`),
  ADD KEY `loantype` (`loantype`),
  ADD KEY `institution` (`institution`),
  ADD KEY `branch` (`branch`),
  ADD KEY `isforceby` (`isforceby`);

--
-- Indexes for table `dem_mortgages`
--
ALTER TABLE `dem_mortgages`
  ADD PRIMARY KEY (`iddemmortgage`);

--
-- Indexes for table `directors`
--
ALTER TABLE `directors`
  ADD PRIMARY KEY (`iddirect`),
  ADD KEY `employee` (`employee`),
  ADD KEY `network` (`network`);

--
-- Indexes for table `divisions`
--
ALTER TABLE `divisions`
  ADD PRIMARY KEY (`iddiv`),
  ADD KEY `region` (`region`);

--
-- Indexes for table `employees`
--
ALTER TABLE `employees`
  ADD PRIMARY KEY (`idemp`),
  ADD KEY `branch` (`branch`),
  ADD KEY `country` (`country`),
  ADD KEY `division` (`division`),
  ADD KEY `institution` (`institution`),
  ADD KEY `privilege` (`privilege`),
  ADD KEY `regorigin` (`regorigin`),
  ADD KEY `region` (`region`),
  ADD KEY `subdivision` (`subdivision`),
  ADD KEY `town` (`town`),
  ADD KEY `network` (`network`),
  ADD KEY `zone` (`zone`);

--
-- Indexes for table `events`
--
ALTER TABLE `events`
  ADD PRIMARY KEY (`idevent`),
  ADD KEY `employee` (`employee`);

--
-- Indexes for table `groups`
--
ALTER TABLE `groups`
  ADD PRIMARY KEY (`idgroup`),
  ADD KEY `account` (`account`) USING BTREE,
  ADD KEY `institution` (`institution`),
  ADD KEY `branch` (`branch`);

--
-- Indexes for table `immos`
--
ALTER TABLE `immos`
  ADD PRIMARY KEY (`idimmo`),
  ADD KEY `branch` (`branch`),
  ADD KEY `institution` (`institution`);

--
-- Indexes for table `installments`
--
ALTER TABLE `installments`
  ADD PRIMARY KEY (`idinstall`),
  ADD KEY `loan` (`loan`);

--
-- Indexes for table `institutions`
--
ALTER TABLE `institutions`
  ADD PRIMARY KEY (`idinst`),
  ADD KEY `region` (`region`),
  ADD KEY `town` (`town`),
  ADD KEY `zone` (`zone`);

--
-- Indexes for table `loans`
--
ALTER TABLE `loans`
  ADD PRIMARY KEY (`idloan`),
  ADD KEY `employee` (`employee`),
  ADD KEY `member` (`member`),
  ADD KEY `loanpur` (`loanpur`),
  ADD KEY `loantype` (`loantype`),
  ADD KEY `institution` (`institution`),
  ADD KEY `branch` (`branch`),
  ADD KEY `isforceby` (`isforceby`),
  ADD KEY `memacc` (`memacc`);

--
-- Indexes for table `loan_mans`
--
ALTER TABLE `loan_mans`
  ADD PRIMARY KEY (`idloanman`),
  ADD KEY `employee` (`employee`),
  ADD KEY `member` (`member`);

--
-- Indexes for table `loan_purs`
--
ALTER TABLE `loan_purs`
  ADD PRIMARY KEY (`idloanpur`),
  ADD KEY `institution` (`institution`);

--
-- Indexes for table `loan_types`
--
ALTER TABLE `loan_types`
  ADD PRIMARY KEY (`idltype`),
  ADD KEY `intacc` (`loanacc`),
  ADD KEY `penacc` (`penacc`),
  ADD KEY `institution` (`institution`),
  ADD KEY `transacc` (`intacc`),
  ADD KEY `blockacc` (`blockacc`),
  ADD KEY `transacc_2` (`transacc`),
  ADD KEY `accracc` (`accracc`);

--
-- Indexes for table `members`
--
ALTER TABLE `members`
  ADD PRIMARY KEY (`idmember`),
  ADD KEY `branch` (`branch`),
  ADD KEY `country` (`country`),
  ADD KEY `division` (`division`),
  ADD KEY `regorigin` (`regorigin`),
  ADD KEY `region` (`region`),
  ADD KEY `subdivision` (`subdivision`),
  ADD KEY `town` (`town`),
  ADD KEY `network` (`network`),
  ADD KEY `zone` (`zone`),
  ADD KEY `institution` (`institution`),
  ADD KEY `memgroup` (`memgroup`);

--
-- Indexes for table `mem_settings`
--
ALTER TABLE `mem_settings`
  ADD PRIMARY KEY (`idmemset`),
  ADD KEY `account` (`account`),
  ADD KEY `institution` (`institution`),
  ADD KEY `branch` (`branch`),
  ADD KEY `operation` (`operation`);

--
-- Indexes for table `moneys`
--
ALTER TABLE `moneys`
  ADD PRIMARY KEY (`idmoney`),
  ADD KEY `currency` (`currency`);

--
-- Indexes for table `mortgages`
--
ALTER TABLE `mortgages`
  ADD PRIMARY KEY (`idmortage`);

--
-- Indexes for table `networks`
--
ALTER TABLE `networks`
  ADD PRIMARY KEY (`idnetwork`),
  ADD KEY `country` (`country`),
  ADD KEY `region` (`region`),
  ADD KEY `town` (`town`);

--
-- Indexes for table `operations`
--
ALTER TABLE `operations`
  ADD PRIMARY KEY (`idoper`),
  ADD KEY `institution` (`institution`),
  ADD KEY `branch` (`branch`);

--
-- Indexes for table `privileges`
--
ALTER TABLE `privileges`
  ADD PRIMARY KEY (`idpriv`);

--
-- Indexes for table `regions`
--
ALTER TABLE `regions`
  ADD PRIMARY KEY (`idregi`),
  ADD KEY `country` (`country`);

--
-- Indexes for table `registers`
--
ALTER TABLE `registers`
  ADD PRIMARY KEY (`idregister`),
  ADD KEY `registers_ibfk_1` (`branch`),
  ADD KEY `registers_ibfk_2` (`country`),
  ADD KEY `registers_ibfk_3` (`division`),
  ADD KEY `registers_ibfk_4` (`regorigin`),
  ADD KEY `registers_ibfk_5` (`region`),
  ADD KEY `registers_ibfk_6` (`subdivision`),
  ADD KEY `registers_ibfk_7` (`town`),
  ADD KEY `network` (`network`),
  ADD KEY `zone` (`zone`),
  ADD KEY `institution` (`institution`);

--
-- Indexes for table `reg_benefs`
--
ALTER TABLE `reg_benefs`
  ADD PRIMARY KEY (`idregbene`),
  ADD KEY `reg_benefs_ibfk_1` (`register`);

--
-- Indexes for table `sub_divs`
--
ALTER TABLE `sub_divs`
  ADD PRIMARY KEY (`idsub`),
  ADD KEY `division` (`division`);

--
-- Indexes for table `towns`
--
ALTER TABLE `towns`
  ADD PRIMARY KEY (`idtown`),
  ADD KEY `subdivision` (`subdivision`);

--
-- Indexes for table `val_writings`
--
ALTER TABLE `val_writings`
  ADD PRIMARY KEY (`idvalwrit`),
  ADD KEY `val_writings_ibfk_1` (`accdate`),
  ADD KEY `val_writings_ibfk_10` (`zone`),
  ADD KEY `val_writings_ibfk_2` (`branch`),
  ADD KEY `val_writings_ibfk_3` (`institution`),
  ADD KEY `val_writings_ibfk_5` (`account`),
  ADD KEY `val_writings_ibfk_6` (`employee`),
  ADD KEY `val_writings_ibfk_7` (`aux`),
  ADD KEY `val_writings_ibfk_8` (`cash`),
  ADD KEY `val_writings_ibfk_9` (`network`);

--
-- Indexes for table `writings`
--
ALTER TABLE `writings`
  ADD PRIMARY KEY (`idwrit`),
  ADD KEY `accdate` (`accdate`),
  ADD KEY `branch` (`branch`),
  ADD KEY `institution` (`institution`),
  ADD KEY `account` (`account`),
  ADD KEY `employee` (`employee`),
  ADD KEY `network` (`network`),
  ADD KEY `zone` (`zone`),
  ADD KEY `cash` (`cash`),
  ADD KEY `aux` (`aux`);

--
-- Indexes for table `zones`
--
ALTER TABLE `zones`
  ADD PRIMARY KEY (`idzone`),
  ADD KEY `country` (`country`),
  ADD KEY `network` (`network`),
  ADD KEY `region` (`region`),
  ADD KEY `town` (`town`);

--
-- AUTO_INCREMENT for dumped tables
--

--
-- AUTO_INCREMENT for table `accounts`
--
ALTER TABLE `accounts`
  MODIFY `idaccount` int(11) NOT NULL AUTO_INCREMENT, AUTO_INCREMENT=479;

--
-- AUTO_INCREMENT for table `acc_dates`
--
ALTER TABLE `acc_dates`
  MODIFY `idaccdate` int(11) NOT NULL AUTO_INCREMENT, AUTO_INCREMENT=3;

--
-- AUTO_INCREMENT for table `acc_plans`
--
ALTER TABLE `acc_plans`
  MODIFY `idaccount` int(11) NOT NULL AUTO_INCREMENT, AUTO_INCREMENT=479;

--
-- AUTO_INCREMENT for table `acc_types`
--
ALTER TABLE `acc_types`
  MODIFY `idacctype` int(11) NOT NULL AUTO_INCREMENT, AUTO_INCREMENT=10;

--
-- AUTO_INCREMENT for table `balances`
--
ALTER TABLE `balances`
  MODIFY `idbal` int(11) NOT NULL AUTO_INCREMENT, AUTO_INCREMENT=47;

--
-- AUTO_INCREMENT for table `banks`
--
ALTER TABLE `banks`
  MODIFY `idbank` int(11) NOT NULL AUTO_INCREMENT, AUTO_INCREMENT=7;

--
-- AUTO_INCREMENT for table `benefs`
--
ALTER TABLE `benefs`
  MODIFY `idbene` int(11) NOT NULL AUTO_INCREMENT, AUTO_INCREMENT=8;

--
-- AUTO_INCREMENT for table `branches`
--
ALTER TABLE `branches`
  MODIFY `idbranch` int(11) NOT NULL AUTO_INCREMENT, AUTO_INCREMENT=3;

--
-- AUTO_INCREMENT for table `budgets`
--
ALTER TABLE `budgets`
  MODIFY `idbudget` int(11) NOT NULL AUTO_INCREMENT;

--
-- AUTO_INCREMENT for table `cashes`
--
ALTER TABLE `cashes`
  MODIFY `idcash` int(11) NOT NULL AUTO_INCREMENT, AUTO_INCREMENT=11;

--
-- AUTO_INCREMENT for table `checks`
--
ALTER TABLE `checks`
  MODIFY `idcheck` int(11) NOT NULL AUTO_INCREMENT, AUTO_INCREMENT=10;

--
-- AUTO_INCREMENT for table `check_acc_amts`
--
ALTER TABLE `check_acc_amts`
  MODIFY `idcheckamt` int(11) NOT NULL AUTO_INCREMENT, AUTO_INCREMENT=14;

--
-- AUTO_INCREMENT for table `collectors`
--
ALTER TABLE `collectors`
  MODIFY `idcoll` int(11) NOT NULL AUTO_INCREMENT;

--
-- AUTO_INCREMENT for table `comakers`
--
ALTER TABLE `comakers`
  MODIFY `idcomaker` int(11) NOT NULL AUTO_INCREMENT, AUTO_INCREMENT=13;

--
-- AUTO_INCREMENT for table `countries`
--
ALTER TABLE `countries`
  MODIFY `idcountry` int(11) NOT NULL AUTO_INCREMENT, AUTO_INCREMENT=2;

--
-- AUTO_INCREMENT for table `currencies`
--
ALTER TABLE `currencies`
  MODIFY `idcurrency` int(11) NOT NULL AUTO_INCREMENT, AUTO_INCREMENT=2;

--
-- AUTO_INCREMENT for table `dem_comakers`
--
ALTER TABLE `dem_comakers`
  MODIFY `iddemcomaker` int(11) NOT NULL AUTO_INCREMENT, AUTO_INCREMENT=4;

--
-- AUTO_INCREMENT for table `dem_loans`
--
ALTER TABLE `dem_loans`
  MODIFY `iddemloan` int(11) NOT NULL AUTO_INCREMENT, AUTO_INCREMENT=4;

--
-- AUTO_INCREMENT for table `dem_mortgages`
--
ALTER TABLE `dem_mortgages`
  MODIFY `iddemmortgage` int(11) NOT NULL AUTO_INCREMENT;

--
-- AUTO_INCREMENT for table `directors`
--
ALTER TABLE `directors`
  MODIFY `iddirect` int(10) NOT NULL AUTO_INCREMENT;

--
-- AUTO_INCREMENT for table `divisions`
--
ALTER TABLE `divisions`
  MODIFY `iddiv` int(11) NOT NULL AUTO_INCREMENT, AUTO_INCREMENT=3;

--
-- AUTO_INCREMENT for table `employees`
--
ALTER TABLE `employees`
  MODIFY `idemp` int(11) NOT NULL AUTO_INCREMENT, AUTO_INCREMENT=10;

--
-- AUTO_INCREMENT for table `events`
--
ALTER TABLE `events`
  MODIFY `idevent` bigint(100) NOT NULL AUTO_INCREMENT;

--
-- AUTO_INCREMENT for table `groups`
--
ALTER TABLE `groups`
  MODIFY `idgroup` int(11) NOT NULL AUTO_INCREMENT, AUTO_INCREMENT=3;

--
-- AUTO_INCREMENT for table `immos`
--
ALTER TABLE `immos`
  MODIFY `idimmo` int(11) NOT NULL AUTO_INCREMENT;

--
-- AUTO_INCREMENT for table `installments`
--
ALTER TABLE `installments`
  MODIFY `idinstall` int(11) NOT NULL AUTO_INCREMENT, AUTO_INCREMENT=55;

--
-- AUTO_INCREMENT for table `institutions`
--
ALTER TABLE `institutions`
  MODIFY `idinst` int(11) NOT NULL AUTO_INCREMENT, AUTO_INCREMENT=3;

--
-- AUTO_INCREMENT for table `loans`
--
ALTER TABLE `loans`
  MODIFY `idloan` int(11) NOT NULL AUTO_INCREMENT, AUTO_INCREMENT=8;

--
-- AUTO_INCREMENT for table `loan_mans`
--
ALTER TABLE `loan_mans`
  MODIFY `idloanman` int(11) NOT NULL AUTO_INCREMENT, AUTO_INCREMENT=5;

--
-- AUTO_INCREMENT for table `loan_purs`
--
ALTER TABLE `loan_purs`
  MODIFY `idloanpur` int(11) NOT NULL AUTO_INCREMENT, AUTO_INCREMENT=4;

--
-- AUTO_INCREMENT for table `loan_types`
--
ALTER TABLE `loan_types`
  MODIFY `idltype` int(11) NOT NULL AUTO_INCREMENT, AUTO_INCREMENT=3;

--
-- AUTO_INCREMENT for table `members`
--
ALTER TABLE `members`
  MODIFY `idmember` int(11) NOT NULL AUTO_INCREMENT, AUTO_INCREMENT=9;

--
-- AUTO_INCREMENT for table `mem_settings`
--
ALTER TABLE `mem_settings`
  MODIFY `idmemset` int(11) NOT NULL AUTO_INCREMENT, AUTO_INCREMENT=8;

--
-- AUTO_INCREMENT for table `moneys`
--
ALTER TABLE `moneys`
  MODIFY `idmoney` int(11) NOT NULL AUTO_INCREMENT, AUTO_INCREMENT=13;

--
-- AUTO_INCREMENT for table `mortgages`
--
ALTER TABLE `mortgages`
  MODIFY `idmortage` int(11) NOT NULL AUTO_INCREMENT;

--
-- AUTO_INCREMENT for table `networks`
--
ALTER TABLE `networks`
  MODIFY `idnetwork` int(11) NOT NULL AUTO_INCREMENT, AUTO_INCREMENT=2;

--
-- AUTO_INCREMENT for table `operations`
--
ALTER TABLE `operations`
  MODIFY `idoper` int(11) NOT NULL AUTO_INCREMENT, AUTO_INCREMENT=70;

--
-- AUTO_INCREMENT for table `privileges`
--
ALTER TABLE `privileges`
  MODIFY `idpriv` int(11) NOT NULL AUTO_INCREMENT, AUTO_INCREMENT=35;

--
-- AUTO_INCREMENT for table `regions`
--
ALTER TABLE `regions`
  MODIFY `idregi` int(11) NOT NULL AUTO_INCREMENT, AUTO_INCREMENT=4;

--
-- AUTO_INCREMENT for table `registers`
--
ALTER TABLE `registers`
  MODIFY `idregister` int(11) NOT NULL AUTO_INCREMENT;

--
-- AUTO_INCREMENT for table `reg_benefs`
--
ALTER TABLE `reg_benefs`
  MODIFY `idregbene` int(11) NOT NULL AUTO_INCREMENT;

--
-- AUTO_INCREMENT for table `sub_divs`
--
ALTER TABLE `sub_divs`
  MODIFY `idsub` int(11) NOT NULL AUTO_INCREMENT, AUTO_INCREMENT=3;

--
-- AUTO_INCREMENT for table `towns`
--
ALTER TABLE `towns`
  MODIFY `idtown` int(11) NOT NULL AUTO_INCREMENT, AUTO_INCREMENT=3;

--
-- AUTO_INCREMENT for table `val_writings`
--
ALTER TABLE `val_writings`
  MODIFY `idvalwrit` int(11) NOT NULL AUTO_INCREMENT;

--
-- AUTO_INCREMENT for table `writings`
--
ALTER TABLE `writings`
  MODIFY `idwrit` int(11) NOT NULL AUTO_INCREMENT, AUTO_INCREMENT=270;

--
-- AUTO_INCREMENT for table `zones`
--
ALTER TABLE `zones`
  MODIFY `idzone` int(11) NOT NULL AUTO_INCREMENT, AUTO_INCREMENT=3;

--
-- Constraints for dumped tables
--

--
-- Constraints for table `accounts`
--
ALTER TABLE `accounts`
  ADD CONSTRAINT `accounts_ibfk_1` FOREIGN KEY (`branch`) REFERENCES `branches` (`idbranch`),
  ADD CONSTRAINT `accounts_ibfk_2` FOREIGN KEY (`institution`) REFERENCES `institutions` (`idinst`),
  ADD CONSTRAINT `accounts_ibfk_3` FOREIGN KEY (`country`) REFERENCES `countries` (`idcountry`),
  ADD CONSTRAINT `accounts_ibfk_4` FOREIGN KEY (`network`) REFERENCES `networks` (`idnetwork`),
  ADD CONSTRAINT `accounts_ibfk_5` FOREIGN KEY (`acctype`) REFERENCES `acc_types` (`idacctype`);

--
-- Constraints for table `acc_dates`
--
ALTER TABLE `acc_dates`
  ADD CONSTRAINT `acc_dates_ibfk_1` FOREIGN KEY (`branch`) REFERENCES `branches` (`idbranch`),
  ADD CONSTRAINT `acc_dates_ibfk_2` FOREIGN KEY (`institution`) REFERENCES `institutions` (`idinst`),
  ADD CONSTRAINT `acc_dates_ibfk_3` FOREIGN KEY (`network`) REFERENCES `networks` (`idnetwork`),
  ADD CONSTRAINT `acc_dates_ibfk_4` FOREIGN KEY (`zone`) REFERENCES `zones` (`idzone`);

--
-- Constraints for table `balances`
--
ALTER TABLE `balances`
  ADD CONSTRAINT `balances_ibfk_1` FOREIGN KEY (`account`) REFERENCES `accounts` (`idaccount`),
  ADD CONSTRAINT `balances_ibfk_2` FOREIGN KEY (`member`) REFERENCES `members` (`idmember`),
  ADD CONSTRAINT `balances_ibfk_3` FOREIGN KEY (`operation`) REFERENCES `operations` (`idoper`);

--
-- Constraints for table `banks`
--
ALTER TABLE `banks`
  ADD CONSTRAINT `banks_ibfk_1` FOREIGN KEY (`branch`) REFERENCES `branches` (`idbranch`),
  ADD CONSTRAINT `banks_ibfk_2` FOREIGN KEY (`country`) REFERENCES `countries` (`idcountry`),
  ADD CONSTRAINT `banks_ibfk_3` FOREIGN KEY (`institution`) REFERENCES `institutions` (`idinst`),
  ADD CONSTRAINT `banks_ibfk_4` FOREIGN KEY (`region`) REFERENCES `regions` (`idregi`),
  ADD CONSTRAINT `banks_ibfk_5` FOREIGN KEY (`town`) REFERENCES `towns` (`idtown`),
  ADD CONSTRAINT `banks_ibfk_6` FOREIGN KEY (`member`) REFERENCES `members` (`idmember`),
  ADD CONSTRAINT `banks_ibfk_7` FOREIGN KEY (`theiracc`) REFERENCES `accounts` (`idaccount`),
  ADD CONSTRAINT `banks_ibfk_8` FOREIGN KEY (`division`) REFERENCES `divisions` (`iddiv`),
  ADD CONSTRAINT `banks_ibfk_9` FOREIGN KEY (`subdivision`) REFERENCES `sub_divs` (`idsub`);

--
-- Constraints for table `benefs`
--
ALTER TABLE `benefs`
  ADD CONSTRAINT `benefs_ibfk_1` FOREIGN KEY (`member`) REFERENCES `members` (`idmember`) ON DELETE CASCADE ON UPDATE CASCADE;

--
-- Constraints for table `branches`
--
ALTER TABLE `branches`
  ADD CONSTRAINT `branches_ibfk_1` FOREIGN KEY (`institution`) REFERENCES `institutions` (`idinst`),
  ADD CONSTRAINT `branches_ibfk_2` FOREIGN KEY (`region`) REFERENCES `regions` (`idregi`),
  ADD CONSTRAINT `branches_ibfk_3` FOREIGN KEY (`town`) REFERENCES `towns` (`idtown`);

--
-- Constraints for table `budgets`
--
ALTER TABLE `budgets`
  ADD CONSTRAINT `budgets_ibfk_1` FOREIGN KEY (`branch`) REFERENCES `branches` (`idbranch`),
  ADD CONSTRAINT `budgets_ibfk_2` FOREIGN KEY (`institution`) REFERENCES `institutions` (`idinst`),
  ADD CONSTRAINT `budgets_ibfk_3` FOREIGN KEY (`account`) REFERENCES `accounts` (`idaccount`);

--
-- Constraints for table `cashes`
--
ALTER TABLE `cashes`
  ADD CONSTRAINT `cashes_ibfk_1` FOREIGN KEY (`branch`) REFERENCES `branches` (`idbranch`),
  ADD CONSTRAINT `cashes_ibfk_2` FOREIGN KEY (`employee`) REFERENCES `employees` (`idemp`),
  ADD CONSTRAINT `cashes_ibfk_3` FOREIGN KEY (`institution`) REFERENCES `institutions` (`idinst`),
  ADD CONSTRAINT `cashes_ibfk_4` FOREIGN KEY (`cashacc`) REFERENCES `accounts` (`idaccount`),
  ADD CONSTRAINT `cashes_ibfk_5` FOREIGN KEY (`misacc`) REFERENCES `accounts` (`idaccount`),
  ADD CONSTRAINT `cashes_ibfk_6` FOREIGN KEY (`excacc`) REFERENCES `accounts` (`idaccount`);

--
-- Constraints for table `checks`
--
ALTER TABLE `checks`
  ADD CONSTRAINT `checks_ibfk_1` FOREIGN KEY (`branch`) REFERENCES `branches` (`idbranch`),
  ADD CONSTRAINT `checks_ibfk_2` FOREIGN KEY (`institution`) REFERENCES `institutions` (`idinst`),
  ADD CONSTRAINT `checks_ibfk_3` FOREIGN KEY (`bank`) REFERENCES `banks` (`idbank`),
  ADD CONSTRAINT `checks_ibfk_4` FOREIGN KEY (`member`) REFERENCES `members` (`idmember`),
  ADD CONSTRAINT `checks_ibfk_5` FOREIGN KEY (`operation`) REFERENCES `operations` (`idoper`);

--
-- Constraints for table `check_acc_amts`
--
ALTER TABLE `check_acc_amts`
  ADD CONSTRAINT `check_acc_amts_ibfk_1` FOREIGN KEY (`checkno`) REFERENCES `checks` (`idcheck`),
  ADD CONSTRAINT `check_acc_amts_ibfk_3` FOREIGN KEY (`account`) REFERENCES `accounts` (`idaccount`),
  ADD CONSTRAINT `check_acc_amts_ibfk_4` FOREIGN KEY (`loan`) REFERENCES `loans` (`idloan`);

--
-- Constraints for table `collectors`
--
ALTER TABLE `collectors`
  ADD CONSTRAINT `collectors_ibfk_1` FOREIGN KEY (`branch`) REFERENCES `branches` (`idbranch`),
  ADD CONSTRAINT `collectors_ibfk_2` FOREIGN KEY (`country`) REFERENCES `countries` (`idcountry`),
  ADD CONSTRAINT `collectors_ibfk_3` FOREIGN KEY (`division`) REFERENCES `divisions` (`iddiv`),
  ADD CONSTRAINT `collectors_ibfk_4` FOREIGN KEY (`privilege`) REFERENCES `privileges` (`idpriv`),
  ADD CONSTRAINT `collectors_ibfk_5` FOREIGN KEY (`regorigin`) REFERENCES `regions` (`idregi`),
  ADD CONSTRAINT `collectors_ibfk_6` FOREIGN KEY (`region`) REFERENCES `regions` (`idregi`),
  ADD CONSTRAINT `collectors_ibfk_7` FOREIGN KEY (`subdivision`) REFERENCES `sub_divs` (`idsub`),
  ADD CONSTRAINT `collectors_ibfk_8` FOREIGN KEY (`town`) REFERENCES `towns` (`idtown`),
  ADD CONSTRAINT `collectors_ibfk_9` FOREIGN KEY (`network`) REFERENCES `networks` (`idnetwork`);

--
-- Constraints for table `comakers`
--
ALTER TABLE `comakers`
  ADD CONSTRAINT `comakers_ibfk_1` FOREIGN KEY (`loan`) REFERENCES `loans` (`idloan`),
  ADD CONSTRAINT `comakers_ibfk_2` FOREIGN KEY (`member`) REFERENCES `members` (`idmember`),
  ADD CONSTRAINT `comakers_ibfk_3` FOREIGN KEY (`account`) REFERENCES `accounts` (`idaccount`);

--
-- Constraints for table `countries`
--
ALTER TABLE `countries`
  ADD CONSTRAINT `countries_ibfk_1` FOREIGN KEY (`currency`) REFERENCES `currencies` (`idcurrency`);

--
-- Constraints for table `dem_loans`
--
ALTER TABLE `dem_loans`
  ADD CONSTRAINT `dem_loans_ibfk_1` FOREIGN KEY (`isforceby`) REFERENCES `employees` (`idemp`),
  ADD CONSTRAINT `dem_loans_ibfk_2` FOREIGN KEY (`institution`) REFERENCES `institutions` (`idinst`),
  ADD CONSTRAINT `dem_loans_ibfk_3` FOREIGN KEY (`branch`) REFERENCES `branches` (`idbranch`),
  ADD CONSTRAINT `dem_loans_ibfk_4` FOREIGN KEY (`employee`) REFERENCES `employees` (`idemp`);

--
-- Constraints for table `directors`
--
ALTER TABLE `directors`
  ADD CONSTRAINT `directors_ibfk_1` FOREIGN KEY (`employee`) REFERENCES `employees` (`idemp`),
  ADD CONSTRAINT `directors_ibfk_2` FOREIGN KEY (`network`) REFERENCES `networks` (`idnetwork`);

--
-- Constraints for table `divisions`
--
ALTER TABLE `divisions`
  ADD CONSTRAINT `divisions_ibfk_1` FOREIGN KEY (`region`) REFERENCES `regions` (`idregi`);

--
-- Constraints for table `employees`
--
ALTER TABLE `employees`
  ADD CONSTRAINT `employees_ibfk_1` FOREIGN KEY (`branch`) REFERENCES `branches` (`idbranch`),
  ADD CONSTRAINT `employees_ibfk_10` FOREIGN KEY (`network`) REFERENCES `networks` (`idnetwork`),
  ADD CONSTRAINT `employees_ibfk_11` FOREIGN KEY (`zone`) REFERENCES `zones` (`idzone`),
  ADD CONSTRAINT `employees_ibfk_2` FOREIGN KEY (`country`) REFERENCES `countries` (`idcountry`),
  ADD CONSTRAINT `employees_ibfk_3` FOREIGN KEY (`division`) REFERENCES `divisions` (`iddiv`),
  ADD CONSTRAINT `employees_ibfk_4` FOREIGN KEY (`institution`) REFERENCES `institutions` (`idinst`),
  ADD CONSTRAINT `employees_ibfk_5` FOREIGN KEY (`privilege`) REFERENCES `privileges` (`idpriv`),
  ADD CONSTRAINT `employees_ibfk_6` FOREIGN KEY (`regorigin`) REFERENCES `regions` (`idregi`),
  ADD CONSTRAINT `employees_ibfk_7` FOREIGN KEY (`region`) REFERENCES `regions` (`idregi`),
  ADD CONSTRAINT `employees_ibfk_8` FOREIGN KEY (`subdivision`) REFERENCES `sub_divs` (`idsub`),
  ADD CONSTRAINT `employees_ibfk_9` FOREIGN KEY (`town`) REFERENCES `towns` (`idtown`);

--
-- Constraints for table `events`
--
ALTER TABLE `events`
  ADD CONSTRAINT `events_ibfk_1` FOREIGN KEY (`employee`) REFERENCES `employees` (`idemp`);

--
-- Constraints for table `groups`
--
ALTER TABLE `groups`
  ADD CONSTRAINT `groups_ibfk_1` FOREIGN KEY (`account`) REFERENCES `accounts` (`idaccount`),
  ADD CONSTRAINT `groups_ibfk_2` FOREIGN KEY (`institution`) REFERENCES `institutions` (`idinst`),
  ADD CONSTRAINT `groups_ibfk_3` FOREIGN KEY (`branch`) REFERENCES `branches` (`idbranch`);

--
-- Constraints for table `immos`
--
ALTER TABLE `immos`
  ADD CONSTRAINT `immos_ibfk_1` FOREIGN KEY (`branch`) REFERENCES `branches` (`idbranch`),
  ADD CONSTRAINT `immos_ibfk_2` FOREIGN KEY (`institution`) REFERENCES `institutions` (`idinst`);

--
-- Constraints for table `installments`
--
ALTER TABLE `installments`
  ADD CONSTRAINT `installments_ibfk_1` FOREIGN KEY (`loan`) REFERENCES `loans` (`idloan`);

--
-- Constraints for table `institutions`
--
ALTER TABLE `institutions`
  ADD CONSTRAINT `institutions_ibfk_1` FOREIGN KEY (`region`) REFERENCES `regions` (`idregi`),
  ADD CONSTRAINT `institutions_ibfk_2` FOREIGN KEY (`town`) REFERENCES `towns` (`idtown`),
  ADD CONSTRAINT `institutions_ibfk_3` FOREIGN KEY (`zone`) REFERENCES `zones` (`idzone`);

--
-- Constraints for table `loans`
--
ALTER TABLE `loans`
  ADD CONSTRAINT `loans_ibfk_1` FOREIGN KEY (`employee`) REFERENCES `employees` (`idemp`),
  ADD CONSTRAINT `loans_ibfk_10` FOREIGN KEY (`isforceby`) REFERENCES `employees` (`idemp`),
  ADD CONSTRAINT `loans_ibfk_11` FOREIGN KEY (`memacc`) REFERENCES `accounts` (`idaccount`),
  ADD CONSTRAINT `loans_ibfk_2` FOREIGN KEY (`loanpur`) REFERENCES `loan_purs` (`idloanpur`),
  ADD CONSTRAINT `loans_ibfk_3` FOREIGN KEY (`member`) REFERENCES `members` (`idmember`),
  ADD CONSTRAINT `loans_ibfk_5` FOREIGN KEY (`loantype`) REFERENCES `loan_types` (`idltype`),
  ADD CONSTRAINT `loans_ibfk_8` FOREIGN KEY (`institution`) REFERENCES `institutions` (`idinst`),
  ADD CONSTRAINT `loans_ibfk_9` FOREIGN KEY (`branch`) REFERENCES `branches` (`idbranch`);

--
-- Constraints for table `loan_mans`
--
ALTER TABLE `loan_mans`
  ADD CONSTRAINT `loan_mans_ibfk_1` FOREIGN KEY (`employee`) REFERENCES `employees` (`idemp`),
  ADD CONSTRAINT `loan_mans_ibfk_2` FOREIGN KEY (`member`) REFERENCES `members` (`idmember`);

--
-- Constraints for table `loan_purs`
--
ALTER TABLE `loan_purs`
  ADD CONSTRAINT `loan_purs_ibfk_1` FOREIGN KEY (`institution`) REFERENCES `institutions` (`idinst`);

--
-- Constraints for table `loan_types`
--
ALTER TABLE `loan_types`
  ADD CONSTRAINT `loan_types_ibfk_1` FOREIGN KEY (`loanacc`) REFERENCES `accounts` (`idaccount`),
  ADD CONSTRAINT `loan_types_ibfk_4` FOREIGN KEY (`penacc`) REFERENCES `accounts` (`idaccount`),
  ADD CONSTRAINT `loan_types_ibfk_5` FOREIGN KEY (`institution`) REFERENCES `institutions` (`idinst`),
  ADD CONSTRAINT `loan_types_ibfk_6` FOREIGN KEY (`intacc`) REFERENCES `accounts` (`idaccount`),
  ADD CONSTRAINT `loan_types_ibfk_7` FOREIGN KEY (`blockacc`) REFERENCES `accounts` (`idaccount`),
  ADD CONSTRAINT `loan_types_ibfk_8` FOREIGN KEY (`transacc`) REFERENCES `accounts` (`idaccount`),
  ADD CONSTRAINT `loan_types_ibfk_9` FOREIGN KEY (`accracc`) REFERENCES `accounts` (`idaccount`);

--
-- Constraints for table `members`
--
ALTER TABLE `members`
  ADD CONSTRAINT `members_ibfk_1` FOREIGN KEY (`branch`) REFERENCES `branches` (`idbranch`),
  ADD CONSTRAINT `members_ibfk_10` FOREIGN KEY (`institution`) REFERENCES `institutions` (`idinst`),
  ADD CONSTRAINT `members_ibfk_11` FOREIGN KEY (`memgroup`) REFERENCES `groups` (`idgroup`),
  ADD CONSTRAINT `members_ibfk_2` FOREIGN KEY (`country`) REFERENCES `countries` (`idcountry`),
  ADD CONSTRAINT `members_ibfk_3` FOREIGN KEY (`division`) REFERENCES `divisions` (`iddiv`),
  ADD CONSTRAINT `members_ibfk_4` FOREIGN KEY (`regorigin`) REFERENCES `regions` (`idregi`),
  ADD CONSTRAINT `members_ibfk_5` FOREIGN KEY (`region`) REFERENCES `regions` (`idregi`),
  ADD CONSTRAINT `members_ibfk_6` FOREIGN KEY (`subdivision`) REFERENCES `sub_divs` (`idsub`),
  ADD CONSTRAINT `members_ibfk_7` FOREIGN KEY (`town`) REFERENCES `towns` (`idtown`),
  ADD CONSTRAINT `members_ibfk_8` FOREIGN KEY (`network`) REFERENCES `networks` (`idnetwork`),
  ADD CONSTRAINT `members_ibfk_9` FOREIGN KEY (`zone`) REFERENCES `zones` (`idzone`);

--
-- Constraints for table `mem_settings`
--
ALTER TABLE `mem_settings`
  ADD CONSTRAINT `mem_settings_ibfk_1` FOREIGN KEY (`account`) REFERENCES `accounts` (`idaccount`),
  ADD CONSTRAINT `mem_settings_ibfk_2` FOREIGN KEY (`institution`) REFERENCES `institutions` (`idinst`),
  ADD CONSTRAINT `mem_settings_ibfk_3` FOREIGN KEY (`branch`) REFERENCES `branches` (`idbranch`),
  ADD CONSTRAINT `mem_settings_ibfk_4` FOREIGN KEY (`operation`) REFERENCES `operations` (`idoper`);

--
-- Constraints for table `moneys`
--
ALTER TABLE `moneys`
  ADD CONSTRAINT `moneys_ibfk_1` FOREIGN KEY (`currency`) REFERENCES `currencies` (`idcurrency`);

--
-- Constraints for table `networks`
--
ALTER TABLE `networks`
  ADD CONSTRAINT `networks_ibfk_1` FOREIGN KEY (`country`) REFERENCES `countries` (`idcountry`),
  ADD CONSTRAINT `networks_ibfk_2` FOREIGN KEY (`region`) REFERENCES `regions` (`idregi`),
  ADD CONSTRAINT `networks_ibfk_3` FOREIGN KEY (`town`) REFERENCES `towns` (`idtown`);

--
-- Constraints for table `operations`
--
ALTER TABLE `operations`
  ADD CONSTRAINT `operations_ibfk_1` FOREIGN KEY (`institution`) REFERENCES `institutions` (`idinst`),
  ADD CONSTRAINT `operations_ibfk_2` FOREIGN KEY (`branch`) REFERENCES `branches` (`idbranch`);

--
-- Constraints for table `regions`
--
ALTER TABLE `regions`
  ADD CONSTRAINT `regions_ibfk_1` FOREIGN KEY (`country`) REFERENCES `countries` (`idcountry`);

--
-- Constraints for table `registers`
--
ALTER TABLE `registers`
  ADD CONSTRAINT `registers_ibfk_1` FOREIGN KEY (`branch`) REFERENCES `branches` (`idbranch`) ON DELETE SET NULL ON UPDATE SET NULL,
  ADD CONSTRAINT `registers_ibfk_10` FOREIGN KEY (`institution`) REFERENCES `institutions` (`idinst`),
  ADD CONSTRAINT `registers_ibfk_2` FOREIGN KEY (`country`) REFERENCES `countries` (`idcountry`) ON DELETE SET NULL ON UPDATE SET NULL,
  ADD CONSTRAINT `registers_ibfk_3` FOREIGN KEY (`division`) REFERENCES `divisions` (`iddiv`) ON DELETE SET NULL ON UPDATE SET NULL,
  ADD CONSTRAINT `registers_ibfk_4` FOREIGN KEY (`regorigin`) REFERENCES `regions` (`idregi`) ON DELETE SET NULL ON UPDATE SET NULL,
  ADD CONSTRAINT `registers_ibfk_5` FOREIGN KEY (`region`) REFERENCES `regions` (`idregi`) ON DELETE SET NULL ON UPDATE SET NULL,
  ADD CONSTRAINT `registers_ibfk_6` FOREIGN KEY (`subdivision`) REFERENCES `sub_divs` (`idsub`) ON DELETE SET NULL ON UPDATE SET NULL,
  ADD CONSTRAINT `registers_ibfk_7` FOREIGN KEY (`town`) REFERENCES `towns` (`idtown`) ON DELETE SET NULL ON UPDATE SET NULL,
  ADD CONSTRAINT `registers_ibfk_8` FOREIGN KEY (`network`) REFERENCES `networks` (`idnetwork`),
  ADD CONSTRAINT `registers_ibfk_9` FOREIGN KEY (`zone`) REFERENCES `zones` (`idzone`);

--
-- Constraints for table `reg_benefs`
--
ALTER TABLE `reg_benefs`
  ADD CONSTRAINT `reg_benefs_ibfk_1` FOREIGN KEY (`register`) REFERENCES `registers` (`idregister`) ON DELETE SET NULL ON UPDATE SET NULL;

--
-- Constraints for table `sub_divs`
--
ALTER TABLE `sub_divs`
  ADD CONSTRAINT `sub_divs_ibfk_1` FOREIGN KEY (`division`) REFERENCES `divisions` (`iddiv`);

--
-- Constraints for table `towns`
--
ALTER TABLE `towns`
  ADD CONSTRAINT `towns_ibfk_1` FOREIGN KEY (`subdivision`) REFERENCES `sub_divs` (`idsub`);

--
-- Constraints for table `val_writings`
--
ALTER TABLE `val_writings`
  ADD CONSTRAINT `val_writings_ibfk_1` FOREIGN KEY (`accdate`) REFERENCES `acc_dates` (`idaccdate`) ON DELETE SET NULL ON UPDATE CASCADE,
  ADD CONSTRAINT `val_writings_ibfk_10` FOREIGN KEY (`zone`) REFERENCES `zones` (`idzone`) ON DELETE SET NULL ON UPDATE CASCADE,
  ADD CONSTRAINT `val_writings_ibfk_2` FOREIGN KEY (`branch`) REFERENCES `branches` (`idbranch`) ON DELETE SET NULL ON UPDATE CASCADE,
  ADD CONSTRAINT `val_writings_ibfk_3` FOREIGN KEY (`institution`) REFERENCES `institutions` (`idinst`) ON DELETE SET NULL ON UPDATE CASCADE,
  ADD CONSTRAINT `val_writings_ibfk_5` FOREIGN KEY (`account`) REFERENCES `accounts` (`idaccount`) ON DELETE SET NULL ON UPDATE CASCADE,
  ADD CONSTRAINT `val_writings_ibfk_6` FOREIGN KEY (`employee`) REFERENCES `employees` (`idemp`) ON DELETE SET NULL ON UPDATE CASCADE,
  ADD CONSTRAINT `val_writings_ibfk_7` FOREIGN KEY (`aux`) REFERENCES `members` (`idmember`) ON DELETE SET NULL ON UPDATE CASCADE,
  ADD CONSTRAINT `val_writings_ibfk_8` FOREIGN KEY (`cash`) REFERENCES `cashes` (`idcash`) ON DELETE SET NULL ON UPDATE CASCADE,
  ADD CONSTRAINT `val_writings_ibfk_9` FOREIGN KEY (`network`) REFERENCES `networks` (`idnetwork`) ON DELETE SET NULL ON UPDATE CASCADE;

--
-- Constraints for table `writings`
--
ALTER TABLE `writings`
  ADD CONSTRAINT `writings_ibfk_1` FOREIGN KEY (`accdate`) REFERENCES `acc_dates` (`idaccdate`),
  ADD CONSTRAINT `writings_ibfk_10` FOREIGN KEY (`aux`) REFERENCES `members` (`idmember`),
  ADD CONSTRAINT `writings_ibfk_2` FOREIGN KEY (`branch`) REFERENCES `branches` (`idbranch`),
  ADD CONSTRAINT `writings_ibfk_3` FOREIGN KEY (`institution`) REFERENCES `institutions` (`idinst`),
  ADD CONSTRAINT `writings_ibfk_5` FOREIGN KEY (`account`) REFERENCES `accounts` (`idaccount`),
  ADD CONSTRAINT `writings_ibfk_6` FOREIGN KEY (`employee`) REFERENCES `employees` (`idemp`),
  ADD CONSTRAINT `writings_ibfk_7` FOREIGN KEY (`network`) REFERENCES `networks` (`idnetwork`),
  ADD CONSTRAINT `writings_ibfk_8` FOREIGN KEY (`zone`) REFERENCES `zones` (`idzone`),
  ADD CONSTRAINT `writings_ibfk_9` FOREIGN KEY (`cash`) REFERENCES `cashes` (`idcash`);

--
-- Constraints for table `zones`
--
ALTER TABLE `zones`
  ADD CONSTRAINT `zones_ibfk_1` FOREIGN KEY (`country`) REFERENCES `countries` (`idcountry`),
  ADD CONSTRAINT `zones_ibfk_2` FOREIGN KEY (`network`) REFERENCES `networks` (`idnetwork`),
  ADD CONSTRAINT `zones_ibfk_3` FOREIGN KEY (`region`) REFERENCES `regions` (`idregi`),
  ADD CONSTRAINT `zones_ibfk_4` FOREIGN KEY (`town`) REFERENCES `towns` (`idtown`);
COMMIT;

/*!40101 SET CHARACTER_SET_CLIENT=@OLD_CHARACTER_SET_CLIENT */;
/*!40101 SET CHARACTER_SET_RESULTS=@OLD_CHARACTER_SET_RESULTS */;
/*!40101 SET COLLATION_CONNECTION=@OLD_COLLATION_CONNECTION */;
